<?xml version="1.0"?>
<processes>
<process index="1" pid="2664" filename="c:\4e4d2e43e3b40f0c7672dcfb1770c093.EX" filename_hash="hash_error" filesize="534377" md5="4e4d2e43e3b40f0c7672dcfb1770c093" sha1="006be5c265600c19728c9747fb4c7bc9e8d6f106" username="Administrator" parentindex="0" starttime="00:01.422" terminationtime="02:01.500" startreason="AnalysisTarget" terminationreason="Timeout" executionstatus="OK" applicationtype="Win32Application">
<thread tid="2668">
<all_section>
<load_image filename="c:\4e4d2e43e3b40f0c7672dcfb1770c093.EX" successful="1" address="&#x24;400000" end_address="&#x24;407000" size="28672" filename_hash="hash_error"/>
<load_dll filename="C:\WINDOWS\system32\ntdll.dll" successful="1" address="&#x24;7C910000" end_address="&#x24;7C9C9000" size="757760" filename_hash="e753d19a2e3b98b2b3b8f02f276092096d10f22d"/>
<load_dll filename="C:\WINDOWS\system32\kernel32.dll" successful="1" address="&#x24;7C800000" end_address="&#x24;7C908000" size="1081344" filename_hash="c88d57cc99f75cd928b47b6e444231f26670138f"/>
<load_dll filename="C:\WINDOWS\system32\USER32.dll" successful="1" address="&#x24;7E360000" end_address="&#x24;7E3F1000" size="593920" filename_hash="08fe9ff1fe9b8fd237adedb10d65fb0447b91fe5"/>
<load_dll filename="C:\WINDOWS\system32\GDI32.dll" successful="1" address="&#x24;77EF0000" end_address="&#x24;77F39000" size="299008" filename_hash="0f37018f672c7635691f7317ade3c5a63904ec96"/>
<load_dll filename="C:\WINDOWS\system32\ADVAPI32.dll" successful="1" address="&#x24;77DA0000" end_address="&#x24;77E4A000" size="696320" filename_hash="ea2e9bac1789b53d7efcd675a63f4a2b44898439"/>
<load_dll filename="C:\WINDOWS\system32\RPCRT4.dll" successful="1" address="&#x24;77E50000" end_address="&#x24;77EE2000" size="598016" filename_hash="f3bb6474ec18ee9cccc02ef44510a78b42058a41"/>
<load_dll filename="C:\WINDOWS\system32\Secur32.dll" successful="1" address="&#x24;77FC0000" end_address="&#x24;77FD1000" size="69632" filename_hash="31166d1e35a911a082149f5efac2dac228109615"/>
<load_dll filename="C:\WINDOWS\system32\IMM32.DLL" successful="1" address="&#x24;76330000" end_address="&#x24;7634D000" size="118784" filename_hash="f9be7678080084bc3cb48d0cb64bba9ba98800f1"/>
<load_dll filename="C:\WINDOWS\system32\oleaut32.dll" successful="1" address="&#x24;770F0000" end_address="&#x24;7717B000" size="569344" filename_hash="3168a173d177f470928b468db777640861dcb32e"/>
<load_dll filename="C:\WINDOWS\system32\msvcrt.dll" successful="1" address="&#x24;77BE0000" end_address="&#x24;77C38000" size="360448" filename_hash="70d5f97088cc9348bb9d10098af0738a696b96de"/>
<load_dll filename="C:\WINDOWS\system32\ole32.dll" successful="1" address="&#x24;774B0000" end_address="&#x24;775ED000" size="1298432" filename_hash="c7753525d5276ab92a01a8a3c39cfb5269da7f98"/>
<load_dll filename="C:\WINDOWS\system32\pstorec.dll" successful="1" address="&#x24;5E490000" end_address="&#x24;5E49D000" size="53248" filename_hash="8ae378a352c4a13516bf1fe5a8615d8893d2ff2d"/>
<load_dll filename="C:\WINDOWS\system32\ATL.DLL" successful="1" address="&#x24;76AD0000" end_address="&#x24;76AE1000" size="69632" filename_hash="59cb82f432d529da3e81b030b2365c22a95fd35a"/>
<check_for_debugger apifunction="IsDebuggerPresent"/>
<load_dll filename="C:\WINDOWS\system32\uxtheme.dll" successful="1" address="&#x24;5B0F0000" end_address="&#x24;5B128000" size="229376" filename_hash="16c4d24a172bfbc67f488d6b4086b9e10f8eaf4b"/>
<get_system_directory/>
<open_key key="HKEY_LOCAL_MACHINE\SOFTWARE\Microsoft\CTF\Compatibility\4e4d2e43e3b40f0c7672dcfb1770c093.EX"/>
<open_key key="HKEY_LOCAL_MACHINE\SOFTWARE\Microsoft\CTF\SystemShared"/>
<query_value key="HKEY_LOCAL_MACHINE\SOFTWARE\Microsoft\CTF\SystemShared" value="CUAS"/>
<create_mutex name="CTF.LBES.MutexDefaultS-1-5-21-583907252-1708537768-842925246-500" owned="0"/>
<create_mutex name="CTF.Compart.MutexDefaultS-1-5-21-583907252-1708537768-842925246-500" owned="0"/>
<create_mutex name="CTF.Asm.MutexDefaultS-1-5-21-583907252-1708537768-842925246-500" owned="0"/>
<create_mutex name="CTF.Layouts.MutexDefaultS-1-5-21-583907252-1708537768-842925246-500" owned="0"/>
<create_mutex name="CTF.TMD.MutexDefaultS-1-5-21-583907252-1708537768-842925246-500" owned="0"/>
<open_key key="HKEY_CURRENT_USER\Keyboard Layout\Toggle"/>
<query_value key="HKEY_CURRENT_USER\Keyboard Layout\Toggle" value="Language Hotkey"/>
<query_value key="HKEY_CURRENT_USER\Keyboard Layout\Toggle" value="Layout Hotkey"/>
<get_system_directory/>
<open_key key="HKEY_LOCAL_MACHINE\SOFTWARE\Microsoft\CTF"/>
<query_value key="HKEY_LOCAL_MACHINE\SOFTWARE\Microsoft\CTF" value="EnableAnchorContext"/>
<create_mutex name="CTF.TimListCache.FMPDefaultS-1-5-21-583907252-1708537768-842925246-500MUTEX.DefaultS-1-5-21-583907252" owned="0"/>
<set_windows_hook hookid="WH_KEYBOARD" threadid="2668" hook_address="&#x24;746B07C3" hook_module="&#x24;746A0000"/>
<set_windows_hook hookid="WH_MOUSE" threadid="2668" hook_address="&#x24;746B04CD" hook_module="&#x24;746A0000"/>
<open_key key="HKEY_LOCAL_MACHINE\Software\Microsoft\Windows NT\CurrentVersion\IMM"/>
<query_value key="HKEY_LOCAL_MACHINE\SOFTWARE\Microsoft\Windows NT\CurrentVersion\IMM" value="Ime File"/>
<load_dll filename="C:\WINDOWS\system32\version.dll" successful="1" address="&#x24;77BD0000" end_address="&#x24;77BD8000" size="32768" filename_hash="adf263b658136ccb3cde72d0e6dd634c5a5e5143"/>
<get_system_directory/>
<load_dll filename="C:\WINDOWS\system32\msctfime.ime" successful="1" address="&#x24;CA0001" end_address="&#x24;CA0001" size="0" filename_hash="434c43fc87679a37aa054c0c18e190ccb39a4439"/>
<get_system_directory/>
<load_dll filename="C:\WINDOWS\system32\ole32.dll" successful="1" address="&#x24;774B0000" end_address="&#x24;775ED000" size="1298432" filename_hash="c7753525d5276ab92a01a8a3c39cfb5269da7f98"/>
<load_dll filename="C:\WINDOWS\system32\msctfime.ime" successful="1" address="&#x24;75250000" end_address="&#x24;7527E000" size="188416" filename_hash="434c43fc87679a37aa054c0c18e190ccb39a4439"/>
<get_system_directory/>
<create_window hwnd="&#x24;00010164" classname="IME" windowname="Default IME" height="0" width="0" top="0" left="0" style="WS_DISABLED WS_OVERLAPPED WS_POPUP WS_TILED" exstyle="WS_EX_LEFT WS_EX_LTRREADING WS_EX_RIGHTSCROLLBAR"/>
<open_key key="HKEY_CURRENT_USER\SOFTWARE\Microsoft\CTF"/>
<query_value key="HKEY_CURRENT_USER\Software\Microsoft\CTF" value="Disable Thread Input Manager"/>
<open_key key="HKEY_LOCAL_MACHINE\Software\Microsoft\CTF\SystemShared"/>
<query_value key="HKEY_LOCAL_MACHINE\SOFTWARE\Microsoft\CTF\SystemShared" value="CUAS"/>
<get_system_directory/>
<load_dll filename="C:\WINDOWS\system32\msctfime.ime" successful="1" address="&#x24;75250000" end_address="&#x24;7527E000" size="188416" filename_hash="434c43fc87679a37aa054c0c18e190ccb39a4439"/>
<create_window hwnd="&#x24;00010162" classname="GLBSInstall" height="0" width="2147483648" top="174" left="132" style="WS_BORDER WS_CAPTION WS_DLGFRAME WS_MAXIMIZEBOX WS_OVERLAPPED WS_SIZEBOX WS_SYSMENU WS_TABSTOP WS_THICKFRAME WS_TILED" exstyle="WS_EX_LEFT WS_EX_LTRREADING WS_EX_RIGHTSCROLLBAR WS_EX_WINDOWEDGE"/>
<create_window hwnd="&#x24;00010166" classname="MSCTFIME UI" windowname="M" height="0" width="0" top="0" left="0" style="WS_DISABLED WS_OVERLAPPED WS_POPUP WS_TILED" exstyle="WS_EX_LEFT WS_EX_LTRREADING WS_EX_RIGHTSCROLLBAR"/>
<get_system_directory/>
<enum_window/>
<create_window hwnd="&#x24;00010168" classname="GLBSInstall" windowname="Pharos Notify Module" height="0" width="0" top="0" left="0" style="WS_OVERLAPPED WS_POPUP WS_TILED WS_VISIBLE" exstyle="WS_EX_LEFT WS_EX_LTRREADING WS_EX_RIGHTSCROLLBAR"/>
<get_system_directory/>
<find_window classname="Shell_TrayWnd"/>
<enum_window/>
<create_window hwnd="&#x24;0001016A" classname="CicMarshalWndClass" windowname="CicMarshalWndMGK" height="0" width="0" top="0" left="0" style="WS_DISABLED WS_OVERLAPPED WS_POPUP WS_TILED" exstyle="WS_EX_LEFT WS_EX_LTRREADING WS_EX_RIGHTSCROLLBAR"/>
<show_window hwnd="&#x24;00010168" snapshotfile="proc_1\hwnd_10168.jpg"/>
<load_dll filename="C:\WINDOWS\system32\IMM32.DLL" successful="1" address="&#x24;76330000" end_address="&#x24;7634D000" size="118784" filename_hash="f9be7678080084bc3cb48d0cb64bba9ba98800f1"/>
<vm_protect targetpid="2664" wantedaddress="&#x24;7E6F0EB5" address="&#x24;7E6F0000" wantedsize="8" size="4096" protect="PAGE_EXECUTE_READWRITE" behavior="Normal" target="SHELL32.dll.ShellExecuteEx"/>
<vm_protect targetpid="2664" wantedaddress="&#x24;7E6F0EB5" address="&#x24;7E6F0000" wantedsize="8" size="4096" protect="PAGE_EXECUTE_READ" behavior="Normal" target="SHELL32.dll.ShellExecuteEx"/>
<vm_protect targetpid="2664" wantedaddress="&#x24;7E77410F" address="&#x24;7E774000" wantedsize="8" size="4096" protect="PAGE_EXECUTE_READWRITE" behavior="Normal" target="SHELL32.dll.SHLoadInProc"/>
<vm_protect targetpid="2664" wantedaddress="&#x24;7E77410F" address="&#x24;7E774000" wantedsize="8" size="4096" protect="PAGE_EXECUTE_READ" behavior="Normal" target="SHELL32.dll.SHLoadInProc"/>
<vm_protect targetpid="2664" wantedaddress="&#x24;71A8ADBE" address="&#x24;71A8A000" wantedsize="8" size="4096" protect="PAGE_EXECUTE_READWRITE" behavior="Normal"/>
<vm_protect targetpid="2664" wantedaddress="&#x24;71A8ADBE" address="&#x24;71A8A000" wantedsize="8" size="4096" protect="PAGE_EXECUTE_READ" behavior="Normal"/>
<vm_protect targetpid="2664" wantedaddress="&#x24;71A897A5" address="&#x24;71A89000" wantedsize="8" size="4096" protect="PAGE_EXECUTE_READWRITE" behavior="Normal"/>
<vm_protect targetpid="2664" wantedaddress="&#x24;71A897A5" address="&#x24;71A89000" wantedsize="8" size="4096" protect="PAGE_EXECUTE_READ" behavior="Normal"/>
<vm_protect targetpid="2664" wantedaddress="&#x24;71A84AC4" address="&#x24;71A84000" wantedsize="8" size="4096" protect="PAGE_EXECUTE_READWRITE" behavior="Normal"/>
<vm_protect targetpid="2664" wantedaddress="&#x24;71A84AC4" address="&#x24;71A84000" wantedsize="8" size="4096" protect="PAGE_EXECUTE_READ" behavior="Normal"/>
<vm_protect targetpid="2664" wantedaddress="&#x24;71A850D4" address="&#x24;71A85000" wantedsize="8" size="4096" protect="PAGE_EXECUTE_READWRITE" behavior="Normal"/>
<vm_protect targetpid="2664" wantedaddress="&#x24;71A850D4" address="&#x24;71A85000" wantedsize="8" size="4096" protect="PAGE_EXECUTE_READ" behavior="Normal"/>
<vm_protect targetpid="2664" wantedaddress="&#x24;71A8B835" address="&#x24;71A8B000" wantedsize="8" size="4096" protect="PAGE_EXECUTE_READWRITE" behavior="Normal"/>
<vm_protect targetpid="2664" wantedaddress="&#x24;71A8B835" address="&#x24;71A8B000" wantedsize="8" size="4096" protect="PAGE_EXECUTE_READ" behavior="Normal"/>
<vm_protect targetpid="2664" wantedaddress="&#x24;71A89859" address="&#x24;71A89000" wantedsize="8" size="4096" protect="PAGE_EXECUTE_READWRITE" behavior="Normal"/>
<vm_protect targetpid="2664" wantedaddress="&#x24;71A89859" address="&#x24;71A89000" wantedsize="8" size="4096" protect="PAGE_EXECUTE_READ" behavior="Normal"/>
<vm_protect targetpid="2664" wantedaddress="&#x24;71A8AE39" address="&#x24;71A8A000" wantedsize="8" size="4096" protect="PAGE_EXECUTE_READWRITE" behavior="Normal"/>
<vm_protect targetpid="2664" wantedaddress="&#x24;71A8AE39" address="&#x24;71A8A000" wantedsize="8" size="4096" protect="PAGE_EXECUTE_READ" behavior="Normal"/>
<vm_protect targetpid="2664" wantedaddress="&#x24;71A8928F" address="&#x24;71A89000" wantedsize="8" size="4096" protect="PAGE_EXECUTE_READWRITE" behavior="Normal"/>
<vm_protect targetpid="2664" wantedaddress="&#x24;71A8928F" address="&#x24;71A89000" wantedsize="8" size="4096" protect="PAGE_EXECUTE_READ" behavior="Normal"/>
<vm_protect targetpid="2664" wantedaddress="&#x24;71A84DC2" address="&#x24;71A84000" wantedsize="8" size="4096" protect="PAGE_EXECUTE_READWRITE" behavior="Normal"/>
<vm_protect targetpid="2664" wantedaddress="&#x24;71A84DC2" address="&#x24;71A84000" wantedsize="8" size="4096" protect="PAGE_EXECUTE_READ" behavior="Normal"/>
<vm_protect targetpid="2664" wantedaddress="&#x24;71A84989" address="&#x24;71A84000" wantedsize="8" size="4096" protect="PAGE_EXECUTE_READWRITE" behavior="Normal"/>
<vm_protect targetpid="2664" wantedaddress="&#x24;71A84989" address="&#x24;71A84000" wantedsize="8" size="4096" protect="PAGE_EXECUTE_READ" behavior="Normal"/>
<vm_protect targetpid="2664" wantedaddress="&#x24;71A8B200" address="&#x24;71A8B000" wantedsize="8" size="4096" protect="PAGE_EXECUTE_READWRITE" behavior="Normal"/>
<vm_protect targetpid="2664" wantedaddress="&#x24;71A8B200" address="&#x24;71A8B000" wantedsize="8" size="4096" protect="PAGE_EXECUTE_READ" behavior="Normal"/>
<vm_protect targetpid="2664" wantedaddress="&#x24;71A83910" address="&#x24;71A83000" wantedsize="8" size="4096" protect="PAGE_EXECUTE_READWRITE" behavior="Normal"/>
<vm_protect targetpid="2664" wantedaddress="&#x24;71A83910" address="&#x24;71A83000" wantedsize="8" size="4096" protect="PAGE_EXECUTE_READ" behavior="Normal"/>
<vm_protect targetpid="2664" wantedaddress="&#x24;7E6F11E0" address="&#x24;7E6F1000" wantedsize="8" size="4096" protect="PAGE_EXECUTE_READWRITE" behavior="Normal" target="SHELL32.dll.ShellExecuteA"/>
<vm_protect targetpid="2664" wantedaddress="&#x24;7E6F11E0" address="&#x24;7E6F1000" wantedsize="8" size="4096" protect="PAGE_EXECUTE_READ" behavior="Normal" target="SHELL32.dll.ShellExecuteA"/>
<vm_protect targetpid="2664" wantedaddress="&#x24;7E765D48" address="&#x24;7E765000" wantedsize="8" size="4096" protect="PAGE_EXECUTE_READWRITE" behavior="Normal" target="SHELL32.dll.ShellExecuteW"/>
<vm_protect targetpid="2664" wantedaddress="&#x24;7E765D48" address="&#x24;7E765000" wantedsize="8" size="4096" protect="PAGE_EXECUTE_READ" behavior="Normal" target="SHELL32.dll.ShellExecuteW"/>
<vm_protect targetpid="2664" wantedaddress="&#x24;7E6B996B" address="&#x24;7E6B9000" wantedsize="8" size="4096" protect="PAGE_EXECUTE_READWRITE" behavior="Normal" target="SHELL32.dll.ShellExecuteExW"/>
<vm_protect targetpid="2664" wantedaddress="&#x24;7E6B996B" address="&#x24;7E6B9000" wantedsize="8" size="4096" protect="PAGE_EXECUTE_READ" behavior="Normal" target="SHELL32.dll.ShellExecuteExW"/>
<load_dll filename="C:\DOKUME&#x7E;1\ADMINI&#x7E;1\LOKALE&#x7E;1\Temp\GLC1.tmp" successful="1" address="&#x24;10000000" end_address="&#x24;1002B000" size="176128" filename_hash="hash_error"/>
<load_dll filename="C:\WINDOWS\system32\kernel32.dll" successful="1" address="&#x24;7C800000" end_address="&#x24;7C908000" size="1081344" filename_hash="c88d57cc99f75cd928b47b6e444231f26670138f"/>
<open_key key="HKEY_CURRENT_USER\Keyboard Layout\Toggle"/>
<query_value key="HKEY_CURRENT_USER\Keyboard Layout\Toggle" value="Language Hotkey"/>
<query_value key="HKEY_CURRENT_USER\Keyboard Layout\Toggle" value="Layout Hotkey"/>
<open_key key="HKEY_CURRENT_USER\SOFTWARE\Microsoft\CTF\LangBarAddIn"/>
<open_key key="HKEY_LOCAL_MACHINE\SOFTWARE\Microsoft\CTF\LangBarAddIn"/>
<create_mutex name="MSCTF.Shared.MUTEX.ABH" owned="0"/>
<get_system_directory/>
<destroy_window hwnd="&#x24;00010168" classname="GLBSInstall" windowname="Pharos Notify Module"/>
<enum_window/>
<get_windows_directory/>
<get_system_directory/>
<delete_file filetype="file" srcfile="C:\DOKUME&#x7E;1\ADMINI&#x7E;1\LOKALE&#x7E;1\Temp\GLB4.tmp" srcfile_hash="hash_error" desiredaccess="FILE_ANY_ACCESS" flags="SECURITY_ANONYMOUS"/>
<open_key key="HKEY_LOCAL_MACHINE\SOFTWARE\Microsoft\Windows\CurrentVersion\Setup"/>
<query_value key="HKEY_LOCAL_MACHINE\SOFTWARE\Microsoft\Windows\CurrentVersion\Setup" value="SharedDir"/>
<get_system_time apifunction="GetLocalTime"/>
<get_system_time apifunction="GetSystemTime"/>
<create_window hwnd="&#x24;00050124" classname="DDEMLMom" height="0" width="0" top="0" left="0" style="WS_OVERLAPPED WS_POPUP WS_TILED" exstyle="WS_EX_LEFT WS_EX_LTRREADING WS_EX_RIGHTSCROLLBAR"/>
<load_dll filename="C:\WINDOWS\system32\RICHED32.DLL" successful="1" address="&#x24;73250000" end_address="&#x24;73255000" size="20480" filename_hash="59903e96e1edc257a4850d45ad8c63f17454ae9d"/>
<get_file_attributes filetype="file" srcfile="C:\DOKUME&#x7E;1\ADMINI&#x7E;1\LOKALE&#x7E;1\Temp\GLF6.tmp" srcfile_hash="hash_error" desiredaccess="FILE_ANY_ACCESS" flags="SECURITY_ANONYMOUS"/>
<create_directory filetype="file" srcfile="C:" srcfile_hash="hash_error"/>
<create_directory filetype="file" srcfile="C:\DOKUME&#x7E;1" srcfile_hash="hash_error"/>
<create_directory filetype="file" srcfile="C:\DOKUME&#x7E;1\ADMINI&#x7E;1" srcfile_hash="hash_error"/>
<create_directory filetype="file" srcfile="C:\DOKUME&#x7E;1\ADMINI&#x7E;1\LOKALE&#x7E;1" srcfile_hash="hash_error"/>
<create_directory filetype="file" srcfile="C:\DOKUME&#x7E;1\ADMINI&#x7E;1\LOKALE&#x7E;1\Temp" srcfile_hash="hash_error"/>
<get_file_attributes filetype="file" srcfile="C:\DOKUME&#x7E;1\ADMINI&#x7E;1\LOKALE&#x7E;1\Temp\&#x7E;GLH0000.TMP" srcfile_hash="hash_error" desiredaccess="FILE_ANY_ACCESS" flags="SECURITY_ANONYMOUS"/>
<revert_to_self tokenhandle="0"/>
<create_file filetype="file" srcfile="C:\DOKUME&#x7E;1\ADMINI&#x7E;1\LOKALE&#x7E;1\Temp\&#x7E;GLH0000.TMP" srcfile_hash="hash_error" creationdistribution="CREATE_ALWAYS" desiredaccess="FILE_ANY_ACCESS" flags="FILE_ATTRIBUTE_NORMAL SECURITY_ANONYMOUS"/>
<set_file_time filetype="file" srcfile="C:\DOKUME&#x7E;1\ADMINI&#x7E;1\LOKALE&#x7E;1\Temp\&#x7E;GLH0000.TMP" srcfile_hash="hash_error" desiredaccess="FILE_ANY_ACCESS" flags="SECURITY_ANONYMOUS"/>
<get_file_attributes filetype="file" srcfile="C:\DOKUME&#x7E;1\ADMINI&#x7E;1\LOKALE&#x7E;1\Temp\GLF6.tmp" srcfile_hash="hash_error" desiredaccess="FILE_ANY_ACCESS" flags="SECURITY_ANONYMOUS"/>
<set_file_attributes filetype="file" srcfile="C:\DOKUME&#x7E;1\ADMINI&#x7E;1\LOKALE&#x7E;1\Temp\GLF6.tmp" srcfile_hash="hash_error" desiredaccess="FILE_ANY_ACCESS" flags="SECURITY_ANONYMOUS"/>
<delete_file filetype="file" srcfile="C:\DOKUME&#x7E;1\ADMINI&#x7E;1\LOKALE&#x7E;1\Temp\GLF6.tmp" srcfile_hash="hash_error" desiredaccess="FILE_ANY_ACCESS" flags="SECURITY_ANONYMOUS"/>
<move_file filetype="file" srcfile="C:\DOKUME&#x7E;1\ADMINI&#x7E;1\LOKALE&#x7E;1\Temp\&#x7E;GLH0000.TMP" srcfile_hash="hash_error" dstfile="C:\DOKUME&#x7E;1\ADMINI&#x7E;1\LOKALE&#x7E;1\Temp\GLF6.tmp" dstfile_hash="hash_error" desiredaccess="FILE_ANY_ACCESS"/>
<find_file filetype="file" srcfile="C:\DOKUME&#x7E;1" srcfile_hash="hash_error" desiredaccess="FILE_ANY_ACCESS" flags="SECURITY_ANONYMOUS"/>
<find_file filetype="file" srcfile="C:\Dokumente und Einstellungen\ADMINI&#x7E;1" srcfile_hash="hash_error" desiredaccess="FILE_ANY_ACCESS" flags="SECURITY_ANONYMOUS"/>
<find_file filetype="file" srcfile="C:\Dokumente und Einstellungen\Administrator\LOKALE&#x7E;1" srcfile_hash="hash_error" desiredaccess="FILE_ANY_ACCESS" flags="SECURITY_ANONYMOUS"/>
<find_file filetype="file" srcfile="C:\Dokumente und Einstellungen\Administrator\Lokale Einstellungen\Temp" srcfile_hash="hash_error" desiredaccess="FILE_ANY_ACCESS" flags="SECURITY_ANONYMOUS"/>
<find_file filetype="file" srcfile="C:\Dokumente und Einstellungen\Administrator\Lokale Einstellungen\Temp\GLF6.tmp" srcfile_hash="hash_error" desiredaccess="FILE_ANY_ACCESS" flags="SECURITY_ANONYMOUS"/>
<open_key key="HKEY_LOCAL_MACHINE\Software\Microsoft\Windows\CurrentVersion\SharedDLLs"/>
<query_value key="HKEY_LOCAL_MACHINE\SOFTWARE\Microsoft\Windows\CurrentVersion\SharedDlls" value="C:\Dokumente und Einstellungen\Administrator\Lokale Einstellungen\Temp\GLF6.tmp"/>
<create_file filetype="file" srcfile="C:\DOKUME&#x7E;1\ADMINI&#x7E;1\LOKALE&#x7E;1\Temp\GLI9.tmp" srcfile_hash="hash_error" creationdistribution="CREATE_ALWAYS" desiredaccess="FILE_ANY_ACCESS" flags="FILE_ATTRIBUTE_NORMAL SECURITY_ANONYMOUS"/>
<get_system_time apifunction="GetLocalTime"/>
<open_file filetype="file" srcfile="c:\4e4d2e43e3b40f0c7672dcfb1770c093.EX" srcfile_hash="hash_error" creationdistribution="OPEN_EXISTING" desiredaccess="FILE_ANY_ACCESS" shareaccess="FILE_SHARE_READ" flags="FILE_ATTRIBUTE_NORMAL SECURITY_ANONYMOUS"/>
<open_key key="HKEY_LOCAL_MACHINE\SOFTWARE\Pharos\Installed Components"/>
<open_key key="HKEY_LOCAL_MACHINE\SOFTWARE\Microsoft\Windows\CurrentVersion"/>
<query_value key="HKEY_LOCAL_MACHINE\SOFTWARE\Microsoft\Windows\CurrentVersion" value="ProgramFilesDir"/>
<load_dll filename="C:\DOKUME&#x7E;1\ADMINI&#x7E;1\LOKALE&#x7E;1\Temp\GLF6.tmp" successful="1" address="&#x24;D20000" end_address="&#x24;D25000" size="20480" filename_hash="hash_error"/>
<create_window hwnd="&#x24;0005011E" classname="OleMainThreadWndClass" windowname="OleMainThreadWndName" height="0" width="0" top="0" left="0" style="WS_DISABLED WS_OVERLAPPED WS_POPUP WS_TILED" exstyle="WS_EX_LEFT WS_EX_LTRREADING WS_EX_RIGHTSCROLLBAR"/>
<load_dll filename="C:\WINDOWS\system32\SHELL32.dll" successful="1" address="&#x24;7E670000" end_address="&#x24;7EE91000" size="8523776" filename_hash="bbe9d57955e5d348e664b72faf331a7b9d722d0c"/>
<get_system_directory/>
<get_file_attributes filetype="file" srcfile="C:\WINDOWS\" srcfile_hash="hash_error" desiredaccess="FILE_ANY_ACCESS" flags="SECURITY_ANONYMOUS"/>
<open_file filetype="namedpipe" srcfile="\\.\PIPE\lsarpc" creationdistribution="OPEN_EXISTING" desiredaccess="FILE_ANY_ACCESS" shareaccess="FILE_SHARE_READ FILE_SHARE_WRITE" flags="SECURITY_ANONYMOUS"/>
<load_dll filename="C:\WINDOWS\system32\SHELL32.dll" successful="1" address="&#x24;7E670000" end_address="&#x24;7EE91000" size="8523776" filename_hash="bbe9d57955e5d348e664b72faf331a7b9d722d0c"/>
<load_dll filename="C:\WINDOWS\system32\ole32.dll" successful="1" address="&#x24;774B0000" end_address="&#x24;775ED000" size="1298432" filename_hash="c7753525d5276ab92a01a8a3c39cfb5269da7f98"/>
<get_file_attributes filetype="file" srcfile="C:\Dokumente und Einstellungen\All Users\Startmen&#xFC;\desktop.ini" srcfile_hash="hash_error" desiredaccess="FILE_ANY_ACCESS" flags="SECURITY_ANONYMOUS"/>
<read_value file="C:\Dokumente und Einstellungen\All Users\Startmen&#xFC;\desktop.ini" file_hash="hash_error" section="DeleteOnCopy" value="Owner"/>
<get_file_attributes filetype="file" srcfile="C:\Dokumente und Einstellungen\All Users\Startmen&#xFC;\desktop.ini" srcfile_hash="hash_error" desiredaccess="FILE_ANY_ACCESS" flags="SECURITY_ANONYMOUS"/>
<read_value file="C:\Dokumente und Einstellungen\All Users\Startmen&#xFC;\desktop.ini" file_hash="hash_error" section=".ShellClassInfo" value="LocalizedResourceName"/>
<get_file_attributes filetype="file" srcfile="C:\Dokumente und Einstellungen\All Users\Startmen&#xFC;\desktop.ini" srcfile_hash="hash_error" desiredaccess="FILE_ANY_ACCESS" flags="SECURITY_ANONYMOUS"/>
<get_file_attributes filetype="file" srcfile="C:\Dokumente und Einstellungen\All Users\Startmen&#xFC;\Programme\desktop.ini" srcfile_hash="hash_error" desiredaccess="FILE_ANY_ACCESS" flags="SECURITY_ANONYMOUS"/>
<read_value file="C:\Dokumente und Einstellungen\All Users\Startmen&#xFC;\Programme\desktop.ini" file_hash="hash_error" section="DeleteOnCopy" value="Owner"/>
<get_file_attributes filetype="file" srcfile="C:\Dokumente und Einstellungen\All Users\Startmen&#xFC;\Programme\desktop.ini" srcfile_hash="hash_error" desiredaccess="FILE_ANY_ACCESS" flags="SECURITY_ANONYMOUS"/>
<read_value file="C:\Dokumente und Einstellungen\All Users\Startmen&#xFC;\Programme\desktop.ini" file_hash="hash_error" section=".ShellClassInfo" value="LocalizedResourceName"/>
<get_file_attributes filetype="file" srcfile="C:\Dokumente und Einstellungen\All Users\Startmen&#xFC;\Programme\desktop.ini" srcfile_hash="hash_error" desiredaccess="FILE_ANY_ACCESS" flags="SECURITY_ANONYMOUS"/>
<enum_window/>
<load_dll filename="C:\DOKUME&#x7E;1\ADMINI&#x7E;1\LOKALE&#x7E;1\Temp\GLF6.tmp" successful="1" address="&#x24;D20000" end_address="&#x24;D25000" size="20480" filename_hash="hash_error"/>
<create_window hwnd="&#x24;00070066" classname="OleMainThreadWndClass" windowname="OleMainThreadWndName" height="0" width="0" top="0" left="0" style="WS_DISABLED WS_OVERLAPPED WS_POPUP WS_TILED" exstyle="WS_EX_LEFT WS_EX_LTRREADING WS_EX_RIGHTSCROLLBAR"/>
<get_file_attributes filetype="file" srcfile="C:\Dokumente und Einstellungen\All Users\Startmen&#xFC;\desktop.ini" srcfile_hash="hash_error" desiredaccess="FILE_ANY_ACCESS" flags="SECURITY_ANONYMOUS"/>
<read_value file="C:\Dokumente und Einstellungen\All Users\Startmen&#xFC;\desktop.ini" file_hash="hash_error" section="DeleteOnCopy" value="Owner"/>
<get_file_attributes filetype="file" srcfile="C:\Dokumente und Einstellungen\All Users\Startmen&#xFC;\desktop.ini" srcfile_hash="hash_error" desiredaccess="FILE_ANY_ACCESS" flags="SECURITY_ANONYMOUS"/>
<read_value file="C:\Dokumente und Einstellungen\All Users\Startmen&#xFC;\desktop.ini" file_hash="hash_error" section=".ShellClassInfo" value="LocalizedResourceName"/>
<get_file_attributes filetype="file" srcfile="C:\Dokumente und Einstellungen\All Users\Startmen&#xFC;\desktop.ini" srcfile_hash="hash_error" desiredaccess="FILE_ANY_ACCESS" flags="SECURITY_ANONYMOUS"/>
<get_file_attributes filetype="file" srcfile="C:\Dokumente und Einstellungen\All Users\Startmen&#xFC;\Programme\desktop.ini" srcfile_hash="hash_error" desiredaccess="FILE_ANY_ACCESS" flags="SECURITY_ANONYMOUS"/>
<read_value file="C:\Dokumente und Einstellungen\All Users\Startmen&#xFC;\Programme\desktop.ini" file_hash="hash_error" section="DeleteOnCopy" value="Owner"/>
<get_file_attributes filetype="file" srcfile="C:\Dokumente und Einstellungen\All Users\Startmen&#xFC;\Programme\desktop.ini" srcfile_hash="hash_error" desiredaccess="FILE_ANY_ACCESS" flags="SECURITY_ANONYMOUS"/>
<read_value file="C:\Dokumente und Einstellungen\All Users\Startmen&#xFC;\Programme\desktop.ini" file_hash="hash_error" section=".ShellClassInfo" value="LocalizedResourceName"/>
<get_file_attributes filetype="file" srcfile="C:\Dokumente und Einstellungen\All Users\Startmen&#xFC;\Programme\desktop.ini" srcfile_hash="hash_error" desiredaccess="FILE_ANY_ACCESS" flags="SECURITY_ANONYMOUS"/>
<get_file_attributes filetype="file" srcfile="C:\Dokumente und Einstellungen\All Users\Startmen&#xFC;\Programme\Autostart\desktop.ini" srcfile_hash="hash_error" desiredaccess="FILE_ANY_ACCESS" flags="SECURITY_ANONYMOUS"/>
<read_value file="C:\Dokumente und Einstellungen\All Users\Startmen&#xFC;\Programme\Autostart\desktop.ini" file_hash="hash_error" section="DeleteOnCopy" value="Owner"/>
<get_file_attributes filetype="file" srcfile="C:\Dokumente und Einstellungen\All Users\Startmen&#xFC;\Programme\Autostart\desktop.ini" srcfile_hash="hash_error" desiredaccess="FILE_ANY_ACCESS" flags="SECURITY_ANONYMOUS"/>
<read_value file="C:\Dokumente und Einstellungen\All Users\Startmen&#xFC;\Programme\Autostart\desktop.ini" file_hash="hash_error" section=".ShellClassInfo" value="LocalizedResourceName"/>
<get_file_attributes filetype="file" srcfile="C:\Dokumente und Einstellungen\All Users\Startmen&#xFC;\Programme\Autostart\desktop.ini" srcfile_hash="hash_error" desiredaccess="FILE_ANY_ACCESS" flags="SECURITY_ANONYMOUS"/>
<enum_window/>
<load_dll filename="C:\DOKUME&#x7E;1\ADMINI&#x7E;1\LOKALE&#x7E;1\Temp\GLF6.tmp" successful="1" address="&#x24;D20000" end_address="&#x24;D25000" size="20480" filename_hash="hash_error"/>
<open_key key="HKEY_LOCAL_MACHINE\Software\PharosSystems\InstalledComponents"/>
<open_key key="HKEY_LOCAL_MACHINE\SOFTWARE\Pharos\Installed Components"/>
<get_file_attributes filetype="file" srcfile="C:\Programme\Pharos\bin\Psnotify.exe" srcfile_hash="hash_error" desiredaccess="FILE_ANY_ACCESS" flags="SECURITY_ANONYMOUS"/>
<get_file_attributes filetype="file" srcfile="C:\Programme\Pharos\Bin\PSNotify.exe" srcfile_hash="hash_error" desiredaccess="FILE_ANY_ACCESS" flags="SECURITY_ANONYMOUS"/>
<create_directory filetype="file" srcfile="C:" srcfile_hash="hash_error"/>
<create_directory filetype="file" srcfile="C:\Programme" srcfile_hash="hash_error"/>
<create_directory filetype="file" srcfile="C:\Programme\Pharos" srcfile_hash="hash_error"/>
<create_directory filetype="file" srcfile="C:\Programme\Pharos\Bin" srcfile_hash="hash_error"/>
<get_file_attributes filetype="file" srcfile="C:\Programme\Pharos\Bin\&#x7E;GLH0001.TMP" srcfile_hash="hash_error" desiredaccess="FILE_ANY_ACCESS" flags="SECURITY_ANONYMOUS"/>
<create_window hwnd="&#x24;00080066" classname="&#x23;32770" height="144" width="261" top="0" left="0" style="WS_BORDER WS_CAPTION WS_DLGFRAME WS_OVERLAPPED WS_POPUP WS_POPUPWINDOW WS_SYSMENU WS_TILED" exstyle="WS_EX_CONTROLPARENT WS_EX_DLGMODALFRAME WS_EX_LEFT WS_EX_LTRREADING WS_EX_RIGHTSCROLLBAR WS_EX_WINDOWEDGE"/>
<enum_window/>
<show_window hwnd="&#x24;00080066" snapshotfile="proc_1\hwnd_80066.jpg"/>
<enum_window/>
<show_window hwnd="&#x24;00080066" snapshotfile="proc_1\hwnd_80066.jpg"/>
<find_window classname="CicLoaderWndClass"/>
<open_process targetpid="1900" desiredaccess="PROCESS_ALL_ACCESS PROCESS_CREATE_PROCESS PROCESS_CREATE_THREAD PROCESS_DUP_HANDLE PROCESS_QUERY_INFORMATION PROCESS_SET_INFORMATION PROCESS_TERMINATE PROCESS_VM_OPERATION PROCESS_VM_READ PROCESS_VM_WRITE PROCESS_SET_SESSIONID PROCESS_SET_QUOTA SYNCHRONIZE" apifunction="NtOpenProcess" successful="1"/>
<create_mutex name="MSCTF.Shared.MUTEX.MGK" owned="0"/>
<create_file filetype="file" srcfile="C:\Programme\Pharos\Bin\&#x7E;GLH0001.TMP" srcfile_hash="hash_error" creationdistribution="CREATE_ALWAYS" desiredaccess="FILE_ANY_ACCESS" flags="FILE_ATTRIBUTE_NORMAL SECURITY_ANONYMOUS"/>
<set_file_time filetype="file" srcfile="C:\Programme\Pharos\Bin\&#x7E;GLH0001.TMP" srcfile_hash="hash_error" desiredaccess="FILE_ANY_ACCESS" flags="SECURITY_ANONYMOUS"/>
<get_windows_directory/>
<get_system_directory/>
<open_file filetype="file" srcfile="C:\Programme\Pharos\Bin\&#x7E;GLH0001.TMP" srcfile_hash="hash_error" creationdistribution="OPEN_EXISTING" desiredaccess="FILE_ANY_ACCESS" shareaccess="FILE_SHARE_READ" flags="FILE_ATTRIBUTE_NORMAL SECURITY_ANONYMOUS"/>
<get_windows_directory/>
<get_system_directory/>
<open_file filetype="file" srcfile="C:\Programme\Pharos\Bin\PSNotify.exe" srcfile_hash="hash_error" creationdistribution="OPEN_EXISTING" desiredaccess="FILE_ANY_ACCESS" shareaccess="FILE_SHARE_READ" flags="SECURITY_ANONYMOUS"/>
<open_file filetype="file" srcfile="C:\WINDOWS\PSNotify.exe" srcfile_hash="hash_error" creationdistribution="OPEN_EXISTING" desiredaccess="FILE_ANY_ACCESS" shareaccess="FILE_SHARE_READ" flags="SECURITY_ANONYMOUS"/>
<open_file filetype="file" srcfile="C:\WINDOWS\system32\PSNotify.exe" srcfile_hash="hash_error" creationdistribution="OPEN_EXISTING" desiredaccess="FILE_ANY_ACCESS" shareaccess="FILE_SHARE_READ" flags="SECURITY_ANONYMOUS"/>
<open_file filetype="file" srcfile="PSNotify.exe" srcfile_hash="hash_error" creationdistribution="OPEN_EXISTING" desiredaccess="FILE_ANY_ACCESS" shareaccess="FILE_SHARE_READ" flags="SECURITY_ANONYMOUS"/>
<find_file filetype="file" srcfile="C:\Programme" srcfile_hash="hash_error" desiredaccess="FILE_ANY_ACCESS" flags="SECURITY_ANONYMOUS"/>
<find_file filetype="file" srcfile="C:\PROGRA&#x7E;1\Pharos" srcfile_hash="hash_error" desiredaccess="FILE_ANY_ACCESS" flags="SECURITY_ANONYMOUS"/>
<find_file filetype="file" srcfile="C:\PROGRA&#x7E;1\Pharos\Bin" srcfile_hash="hash_error" desiredaccess="FILE_ANY_ACCESS" flags="SECURITY_ANONYMOUS"/>
<find_file filetype="file" srcfile="C:\Programme" srcfile_hash="hash_error" desiredaccess="FILE_ANY_ACCESS" flags="SECURITY_ANONYMOUS"/>
<find_file filetype="file" srcfile="C:\PROGRA&#x7E;1\Pharos" srcfile_hash="hash_error" desiredaccess="FILE_ANY_ACCESS" flags="SECURITY_ANONYMOUS"/>
<find_file filetype="file" srcfile="C:\PROGRA&#x7E;1\Pharos\Bin" srcfile_hash="hash_error" desiredaccess="FILE_ANY_ACCESS" flags="SECURITY_ANONYMOUS"/>
<set_file_attributes filetype="file" srcfile="C:\PROGRA&#x7E;1\Pharos\Bin\PSNotify.exe" srcfile_hash="hash_error" desiredaccess="FILE_ANY_ACCESS" flags="SECURITY_ANONYMOUS"/>
<get_file_attributes filetype="file" srcfile="C:\PROGRA&#x7E;1\Pharos\Bin\PSNotify.exe" srcfile_hash="hash_error" desiredaccess="FILE_ANY_ACCESS" flags="SECURITY_ANONYMOUS"/>
<get_file_attributes filetype="file" srcfile="C:\PROGRA&#x7E;1\Pharos\Bin\&#x7E;GLH0002.TMP" srcfile_hash="hash_error" desiredaccess="FILE_ANY_ACCESS" flags="SECURITY_ANONYMOUS"/>
<load_dll filename="C:\WINDOWS\system32\LZ32.DLL" successful="1" address="&#x24;73DC0000" end_address="&#x24;73DC3000" size="12288" filename_hash="50a9e047e7bfda5a71608edae9086fc7c7930609"/>
<load_dll filename="C:\WINDOWS\system32\CABINET.DLL" successful="1" address="&#x24;750D0000" end_address="&#x24;750E3000" size="77824" filename_hash="2b946d9d45ba684394dd78c45e2cc71b28446d18"/>
<get_file_attributes filetype="file" srcfile="C:\PROGRA&#x7E;1\Pharos\Bin\&#x7E;GLH0002.TMP" srcfile_hash="hash_error" desiredaccess="FILE_ANY_ACCESS" flags="SECURITY_ANONYMOUS"/>
<get_file_attributes filetype="file" srcfile="C:\PROGRA&#x7E;1\Pharos\Bin\temp.000" srcfile_hash="hash_error" desiredaccess="FILE_ANY_ACCESS" flags="SECURITY_ANONYMOUS"/>
<create_file filetype="file" srcfile="C:\PROGRA&#x7E;1\Pharos\Bin\temp.000" srcfile_hash="hash_error" creationdistribution="CREATE_NEW" desiredaccess="FILE_ANY_ACCESS" shareaccess="FILE_SHARE_READ" flags="FILE_ATTRIBUTE_NORMAL SECURITY_ANONYMOUS"/>
<move_file filetype="file" srcfile="C:\PROGRA&#x7E;1\Pharos\Bin\temp.000" srcfile_hash="hash_error" dstfile="C:\PROGRA&#x7E;1\Pharos\Bin\&#x7E;GLH0002.TMP" dstfile_hash="hash_error" desiredaccess="FILE_ANY_ACCESS"/>
<move_file filetype="file" srcfile="C:\PROGRA&#x7E;1\Pharos\Bin\&#x7E;GLH0002.TMP" srcfile_hash="hash_error" dstfile="C:\PROGRA&#x7E;1\Pharos\Bin\PSNotify.exe" dstfile_hash="hash_error" desiredaccess="FILE_ANY_ACCESS"/>
<delete_file filetype="file" srcfile="C:\Programme\Pharos\Bin\&#x7E;GLH0001.TMP" srcfile_hash="hash_error" desiredaccess="FILE_ANY_ACCESS" flags="SECURITY_ANONYMOUS"/>
<find_file filetype="file" srcfile="C:\PROGRA&#x7E;1" srcfile_hash="hash_error" desiredaccess="FILE_ANY_ACCESS" flags="SECURITY_ANONYMOUS"/>
<find_file filetype="file" srcfile="C:\Programme\Pharos" srcfile_hash="hash_error" desiredaccess="FILE_ANY_ACCESS" flags="SECURITY_ANONYMOUS"/>
<find_file filetype="file" srcfile="C:\Programme\Pharos\Bin" srcfile_hash="hash_error" desiredaccess="FILE_ANY_ACCESS" flags="SECURITY_ANONYMOUS"/>
<find_file filetype="file" srcfile="C:\Programme\Pharos\Bin\PSNotify.exe" srcfile_hash="hash_error" desiredaccess="FILE_ANY_ACCESS" flags="SECURITY_ANONYMOUS"/>
<open_key key="HKEY_LOCAL_MACHINE\Software\Microsoft\Windows\CurrentVersion\SharedDLLs"/>
<query_value key="HKEY_LOCAL_MACHINE\SOFTWARE\Microsoft\Windows\CurrentVersion\SharedDlls" value="C:\Programme\Pharos\Bin\PSNotify.exe"/>
<find_file filetype="file" srcfile="C:\PROGRA&#x7E;1" srcfile_hash="hash_error" desiredaccess="FILE_ANY_ACCESS" flags="SECURITY_ANONYMOUS"/>
<find_file filetype="file" srcfile="C:\Programme\Pharos" srcfile_hash="hash_error" desiredaccess="FILE_ANY_ACCESS" flags="SECURITY_ANONYMOUS"/>
<find_file filetype="file" srcfile="C:\Programme\Pharos\Bin" srcfile_hash="hash_error" desiredaccess="FILE_ANY_ACCESS" flags="SECURITY_ANONYMOUS"/>
<find_file filetype="file" srcfile="C:\Programme\Pharos\Bin\PSNotify.exe" srcfile_hash="hash_error" desiredaccess="FILE_ANY_ACCESS" flags="SECURITY_ANONYMOUS"/>
<open_file filetype="file" srcfile="C:\PROGRA&#x7E;1\Pharos\Bin\PSNotify.exe" srcfile_hash="hash_error" creationdistribution="OPEN_EXISTING" desiredaccess="FILE_ANY_ACCESS" shareaccess="FILE_SHARE_READ" flags="FILE_ATTRIBUTE_NORMAL SECURITY_ANONYMOUS"/>
<find_file filetype="file" srcfile="C:\PROGRA&#x7E;1" srcfile_hash="hash_error" desiredaccess="FILE_ANY_ACCESS" flags="SECURITY_ANONYMOUS"/>
<find_file filetype="file" srcfile="C:\PROGRA&#x7E;1\Pharos" srcfile_hash="hash_error" desiredaccess="FILE_ANY_ACCESS" flags="SECURITY_ANONYMOUS"/>
<find_file filetype="file" srcfile="C:\PROGRA&#x7E;1\Pharos\Bin" srcfile_hash="hash_error" desiredaccess="FILE_ANY_ACCESS" flags="SECURITY_ANONYMOUS"/>
<find_file filetype="file" srcfile="C:\PROGRA&#x7E;1\Pharos\Bin\PSNotify.exe" srcfile_hash="hash_error" desiredaccess="FILE_ANY_ACCESS" flags="SECURITY_ANONYMOUS"/>
<open_file filetype="file" srcfile="C:\PROGRA&#x7E;1\Pharos\Bin\PSNotify.exe" srcfile_hash="hash_error" creationdistribution="OPEN_EXISTING" desiredaccess="FILE_ANY_ACCESS" shareaccess="FILE_SHARE_READ" flags="FILE_ATTRIBUTE_NORMAL SECURITY_ANONYMOUS"/>
<load_dll filename="C:\PROGRA&#x7E;1\Pharos\Bin\PSNotify.exe" successful="1" address="&#x24;F70001" end_address="&#x24;F70001" size="0" filename_hash="hash_error"/>
<get_file_attributes filetype="file" srcfile="C:\Programme\Pharos\bin\PSBasRes.dll" srcfile_hash="hash_error" desiredaccess="FILE_ANY_ACCESS" flags="SECURITY_ANONYMOUS"/>
<create_directory filetype="file" srcfile="C:" srcfile_hash="hash_error"/>
<create_directory filetype="file" srcfile="C:\Programme" srcfile_hash="hash_error"/>
<create_directory filetype="file" srcfile="C:\Programme\Pharos" srcfile_hash="hash_error"/>
<create_directory filetype="file" srcfile="C:\Programme\Pharos\bin" srcfile_hash="hash_error"/>
<get_file_attributes filetype="file" srcfile="C:\Programme\Pharos\bin\&#x7E;GLH0003.TMP" srcfile_hash="hash_error" desiredaccess="FILE_ANY_ACCESS" flags="SECURITY_ANONYMOUS"/>
<create_file filetype="file" srcfile="C:\Programme\Pharos\bin\&#x7E;GLH0003.TMP" srcfile_hash="hash_error" creationdistribution="CREATE_ALWAYS" desiredaccess="FILE_ANY_ACCESS" flags="FILE_ATTRIBUTE_NORMAL SECURITY_ANONYMOUS"/>
<set_file_time filetype="file" srcfile="C:\Programme\Pharos\Bin\&#x7E;GLH0003.TMP" srcfile_hash="hash_error" desiredaccess="FILE_ANY_ACCESS" flags="SECURITY_ANONYMOUS"/>
<get_windows_directory/>
<get_system_directory/>
<open_file filetype="file" srcfile="C:\Programme\Pharos\bin\&#x7E;GLH0003.TMP" srcfile_hash="hash_error" creationdistribution="OPEN_EXISTING" desiredaccess="FILE_ANY_ACCESS" shareaccess="FILE_SHARE_READ" flags="FILE_ATTRIBUTE_NORMAL SECURITY_ANONYMOUS"/>
<get_windows_directory/>
<get_system_directory/>
<open_file filetype="file" srcfile="C:\Programme\Pharos\bin\PSBasRes.dll" srcfile_hash="hash_error" creationdistribution="OPEN_EXISTING" desiredaccess="FILE_ANY_ACCESS" shareaccess="FILE_SHARE_READ" flags="SECURITY_ANONYMOUS"/>
<open_file filetype="file" srcfile="C:\WINDOWS\PSBasRes.dll" srcfile_hash="hash_error" creationdistribution="OPEN_EXISTING" desiredaccess="FILE_ANY_ACCESS" shareaccess="FILE_SHARE_READ" flags="SECURITY_ANONYMOUS"/>
<open_file filetype="file" srcfile="C:\WINDOWS\system32\PSBasRes.dll" srcfile_hash="hash_error" creationdistribution="OPEN_EXISTING" desiredaccess="FILE_ANY_ACCESS" shareaccess="FILE_SHARE_READ" flags="SECURITY_ANONYMOUS"/>
<open_file filetype="file" srcfile="PSBasRes.dll" srcfile_hash="hash_error" creationdistribution="OPEN_EXISTING" desiredaccess="FILE_ANY_ACCESS" shareaccess="FILE_SHARE_READ" flags="SECURITY_ANONYMOUS"/>
<find_file filetype="file" srcfile="C:\Programme" srcfile_hash="hash_error" desiredaccess="FILE_ANY_ACCESS" flags="SECURITY_ANONYMOUS"/>
<find_file filetype="file" srcfile="C:\PROGRA&#x7E;1\Pharos" srcfile_hash="hash_error" desiredaccess="FILE_ANY_ACCESS" flags="SECURITY_ANONYMOUS"/>
<find_file filetype="file" srcfile="C:\PROGRA&#x7E;1\Pharos\bin" srcfile_hash="hash_error" desiredaccess="FILE_ANY_ACCESS" flags="SECURITY_ANONYMOUS"/>
<find_file filetype="file" srcfile="C:\Programme" srcfile_hash="hash_error" desiredaccess="FILE_ANY_ACCESS" flags="SECURITY_ANONYMOUS"/>
<find_file filetype="file" srcfile="C:\PROGRA&#x7E;1\Pharos" srcfile_hash="hash_error" desiredaccess="FILE_ANY_ACCESS" flags="SECURITY_ANONYMOUS"/>
<find_file filetype="file" srcfile="C:\PROGRA&#x7E;1\Pharos\bin" srcfile_hash="hash_error" desiredaccess="FILE_ANY_ACCESS" flags="SECURITY_ANONYMOUS"/>
<set_file_attributes filetype="file" srcfile="C:\PROGRA&#x7E;1\Pharos\Bin\PSBasRes.dll" srcfile_hash="hash_error" desiredaccess="FILE_ANY_ACCESS" flags="SECURITY_ANONYMOUS"/>
<get_file_attributes filetype="file" srcfile="C:\PROGRA&#x7E;1\Pharos\Bin\PSBasRes.dll" srcfile_hash="hash_error" desiredaccess="FILE_ANY_ACCESS" flags="SECURITY_ANONYMOUS"/>
<get_file_attributes filetype="file" srcfile="C:\PROGRA&#x7E;1\Pharos\Bin\&#x7E;GLH0004.TMP" srcfile_hash="hash_error" desiredaccess="FILE_ANY_ACCESS" flags="SECURITY_ANONYMOUS"/>
<get_file_attributes filetype="file" srcfile="C:\PROGRA&#x7E;1\Pharos\Bin\temp.000" srcfile_hash="hash_error" desiredaccess="FILE_ANY_ACCESS" flags="SECURITY_ANONYMOUS"/>
<create_file filetype="file" srcfile="C:\PROGRA&#x7E;1\Pharos\Bin\temp.000" srcfile_hash="hash_error" creationdistribution="CREATE_NEW" desiredaccess="FILE_ANY_ACCESS" shareaccess="FILE_SHARE_READ" flags="FILE_ATTRIBUTE_NORMAL SECURITY_ANONYMOUS"/>
<move_file filetype="file" srcfile="C:\PROGRA&#x7E;1\Pharos\Bin\temp.000" srcfile_hash="hash_error" dstfile="C:\PROGRA&#x7E;1\Pharos\Bin\&#x7E;GLH0004.TMP" dstfile_hash="hash_error" desiredaccess="FILE_ANY_ACCESS"/>
<move_file filetype="file" srcfile="C:\PROGRA&#x7E;1\Pharos\Bin\&#x7E;GLH0004.TMP" srcfile_hash="hash_error" dstfile="C:\PROGRA&#x7E;1\Pharos\Bin\PSBasRes.dll" dstfile_hash="hash_error" desiredaccess="FILE_ANY_ACCESS"/>
<delete_file filetype="file" srcfile="C:\Programme\Pharos\bin\&#x7E;GLH0003.TMP" srcfile_hash="hash_error" desiredaccess="FILE_ANY_ACCESS" flags="SECURITY_ANONYMOUS"/>
<find_file filetype="file" srcfile="C:\PROGRA&#x7E;1" srcfile_hash="hash_error" desiredaccess="FILE_ANY_ACCESS" flags="SECURITY_ANONYMOUS"/>
<find_file filetype="file" srcfile="C:\Programme\Pharos" srcfile_hash="hash_error" desiredaccess="FILE_ANY_ACCESS" flags="SECURITY_ANONYMOUS"/>
<find_file filetype="file" srcfile="C:\Programme\Pharos\Bin" srcfile_hash="hash_error" desiredaccess="FILE_ANY_ACCESS" flags="SECURITY_ANONYMOUS"/>
<find_file filetype="file" srcfile="C:\Programme\Pharos\Bin\PSBasRes.dll" srcfile_hash="hash_error" desiredaccess="FILE_ANY_ACCESS" flags="SECURITY_ANONYMOUS"/>
<open_key key="HKEY_LOCAL_MACHINE\Software\Microsoft\Windows\CurrentVersion\SharedDLLs"/>
<query_value key="HKEY_LOCAL_MACHINE\SOFTWARE\Microsoft\Windows\CurrentVersion\SharedDlls" value="C:\Programme\Pharos\Bin\PSBasRes.dll"/>
<find_file filetype="file" srcfile="C:\PROGRA&#x7E;1" srcfile_hash="hash_error" desiredaccess="FILE_ANY_ACCESS" flags="SECURITY_ANONYMOUS"/>
<find_file filetype="file" srcfile="C:\Programme\Pharos" srcfile_hash="hash_error" desiredaccess="FILE_ANY_ACCESS" flags="SECURITY_ANONYMOUS"/>
<find_file filetype="file" srcfile="C:\Programme\Pharos\Bin" srcfile_hash="hash_error" desiredaccess="FILE_ANY_ACCESS" flags="SECURITY_ANONYMOUS"/>
<find_file filetype="file" srcfile="C:\Programme\Pharos\Bin\PSBasRes.dll" srcfile_hash="hash_error" desiredaccess="FILE_ANY_ACCESS" flags="SECURITY_ANONYMOUS"/>
<open_file filetype="file" srcfile="C:\PROGRA&#x7E;1\Pharos\Bin\PSBasRes.dll" srcfile_hash="hash_error" creationdistribution="OPEN_EXISTING" desiredaccess="FILE_ANY_ACCESS" shareaccess="FILE_SHARE_READ" flags="FILE_ATTRIBUTE_NORMAL SECURITY_ANONYMOUS"/>
<find_file filetype="file" srcfile="C:\PROGRA&#x7E;1" srcfile_hash="hash_error" desiredaccess="FILE_ANY_ACCESS" flags="SECURITY_ANONYMOUS"/>
<find_file filetype="file" srcfile="C:\PROGRA&#x7E;1\Pharos" srcfile_hash="hash_error" desiredaccess="FILE_ANY_ACCESS" flags="SECURITY_ANONYMOUS"/>
<find_file filetype="file" srcfile="C:\PROGRA&#x7E;1\Pharos\Bin" srcfile_hash="hash_error" desiredaccess="FILE_ANY_ACCESS" flags="SECURITY_ANONYMOUS"/>
<find_file filetype="file" srcfile="C:\PROGRA&#x7E;1\Pharos\Bin\PSBasRes.dll" srcfile_hash="hash_error" desiredaccess="FILE_ANY_ACCESS" flags="SECURITY_ANONYMOUS"/>
<open_file filetype="file" srcfile="C:\PROGRA&#x7E;1\Pharos\Bin\PSBasRes.dll" srcfile_hash="hash_error" creationdistribution="OPEN_EXISTING" desiredaccess="FILE_ANY_ACCESS" shareaccess="FILE_SHARE_READ" flags="FILE_ATTRIBUTE_NORMAL SECURITY_ANONYMOUS"/>
<load_dll filename="C:\PROGRA&#x7E;1\Pharos\Bin\PSBasRes.dll" successful="1" address="&#x24;D20001" end_address="&#x24;D20001" size="0" filename_hash="hash_error"/>
<create_directory filetype="file" srcfile="C:" srcfile_hash="hash_error"/>
<create_directory filetype="file" srcfile="C:\Dokumente und Einstellungen" srcfile_hash="hash_error"/>
<create_directory filetype="file" srcfile="C:\Dokumente und Einstellungen\All Users" srcfile_hash="hash_error"/>
<create_directory filetype="file" srcfile="C:\Dokumente und Einstellungen\All Users\Startmen&#xFC;" srcfile_hash="hash_error"/>
<create_directory filetype="file" srcfile="C:\Dokumente und Einstellungen\All Users\Startmen&#xFC;\Programme" srcfile_hash="hash_error"/>
<create_directory filetype="file" srcfile="C:\Dokumente und Einstellungen\All Users\Startmen&#xFC;\Programme\Pharos" srcfile_hash="hash_error"/>
<load_dll filename="C:\DOKUME&#x7E;1\ADMINI&#x7E;1\LOKALE&#x7E;1\Temp\GLF6.tmp" successful="1" address="&#x24;D20000" end_address="&#x24;D25000" size="20480" filename_hash="hash_error"/>
<create_window hwnd="&#x24;00020168" classname="OleMainThreadWndClass" windowname="OleMainThreadWndName" height="0" width="0" top="0" left="0" style="WS_DISABLED WS_OVERLAPPED WS_POPUP WS_TILED" exstyle="WS_EX_LEFT WS_EX_LTRREADING WS_EX_RIGHTSCROLLBAR"/>
<com_create_instance inprocserver32="shell32.dll" progid="lnkfile" clsid="&#x7B;00021401-0000-0000-C000-000000000046&#x7D;" interfaceid="&#x7B;000214EE-0000-0000-C000-000000000046&#x7D;"/>
<get_system_directory/>
<get_file_attributes filetype="file" srcfile="C:\WINDOWS\Registration" srcfile_hash="hash_error" desiredaccess="FILE_ANY_ACCESS" flags="SECURITY_ANONYMOUS"/>
<open_file filetype="file" srcfile="C:\WINDOWS\Registration\R000000000007.clb" srcfile_hash="99fde804817f1de99c87653fda604fc37510f3da" creationdistribution="OPEN_EXISTING" desiredaccess="FILE_ANY_ACCESS" shareaccess="FILE_SHARE_READ" flags="SECURITY_ANONYMOUS"/>
<get_file_attributes filetype="file" srcfile="C:\Programme\desktop.ini" srcfile_hash="hash_error" desiredaccess="FILE_ANY_ACCESS" flags="SECURITY_ANONYMOUS"/>
<get_file_attributes filetype="file" srcfile="C:\Dokumente und Einstellungen\Administrator\Eigene Dateien\desktop.ini" srcfile_hash="hash_error" desiredaccess="FILE_ANY_ACCESS" flags="SECURITY_ANONYMOUS"/>
<read_value file="C:\Dokumente und Einstellungen\Administrator\Eigene Dateien\desktop.ini" file_hash="hash_error" section="DeleteOnCopy" value="Owner"/>
<read_value file="C:\Dokumente und Einstellungen\Administrator\Eigene Dateien\desktop.ini" file_hash="hash_error" section="DeleteOnCopy.A" value="Owner"/>
<get_file_attributes filetype="file" srcfile="C:\Dokumente und Einstellungen\Administrator\Eigene Dateien\desktop.ini" srcfile_hash="hash_error" desiredaccess="FILE_ANY_ACCESS" flags="SECURITY_ANONYMOUS"/>
<read_value file="C:\Dokumente und Einstellungen\Administrator\Eigene Dateien\desktop.ini" file_hash="hash_error" section="DeleteOnCopy" value="PersonalizedName"/>
<read_value file="C:\Dokumente und Einstellungen\Administrator\Eigene Dateien\desktop.ini" file_hash="hash_error" section="DeleteOnCopy.A" value="PersonalizedName"/>
<get_file_attributes filetype="file" srcfile="C:\Dokumente und Einstellungen\Administrator\Eigene Dateien\desktop.ini" srcfile_hash="hash_error" desiredaccess="FILE_ANY_ACCESS" flags="SECURITY_ANONYMOUS"/>
<get_file_attributes filetype="file" srcfile="C:\Dokumente und Einstellungen\All Users\Dokumente\desktop.ini" srcfile_hash="hash_error" desiredaccess="FILE_ANY_ACCESS" flags="SECURITY_ANONYMOUS"/>
<read_value file="C:\Dokumente und Einstellungen\All Users\Dokumente\desktop.ini" file_hash="hash_error" section="DeleteOnCopy" value="Owner"/>
<get_file_attributes filetype="file" srcfile="C:\Dokumente und Einstellungen\All Users\Dokumente\desktop.ini" srcfile_hash="hash_error" desiredaccess="FILE_ANY_ACCESS" flags="SECURITY_ANONYMOUS"/>
<read_value file="C:\Dokumente und Einstellungen\All Users\Dokumente\desktop.ini" file_hash="hash_error" section=".ShellClassInfo" value="LocalizedResourceName"/>
<get_file_attributes filetype="file" srcfile="C:\Dokumente und Einstellungen\All Users\Dokumente\desktop.ini" srcfile_hash="hash_error" desiredaccess="FILE_ANY_ACCESS" flags="SECURITY_ANONYMOUS"/>
<query_value key="HKEY_CLASSES_ROOT" value="Network\SharingHandler" data="ntshrui.dll"/>
<load_dll filename="C:\WINDOWS\WinSxS\x86_Microsoft.Windows.Common-Controls_6595b64144ccf1df_6.0.2600.5512_x-ww_35d4ce83\" successful="1" address="&#x24;773A0000" end_address="&#x24;774A3000" size="1060864" filename_hash="hash_error"/>
<vm_protect targetpid="2664" wantedaddress="&#x24;5980808D" address="&#x24;59808000" wantedsize="8" size="4096" protect="PAGE_EXECUTE_READWRITE" behavior="Normal" target="NETAPI32.dll.NetScheduleJobAdd"/>
<vm_protect targetpid="2664" wantedaddress="&#x24;5980808D" address="&#x24;59808000" wantedsize="8" size="4096" protect="PAGE_EXECUTE_READ" behavior="Normal" target="NETAPI32.dll.NetScheduleJobAdd"/>
<vm_protect targetpid="2664" wantedaddress="&#x24;59804604" address="&#x24;59804000" wantedsize="8" size="4096" protect="PAGE_EXECUTE_READWRITE" behavior="Normal" target="NETAPI32.dll.NetUserAdd"/>
<vm_protect targetpid="2664" wantedaddress="&#x24;59804604" address="&#x24;59804000" wantedsize="8" size="4096" protect="PAGE_EXECUTE_READ" behavior="Normal" target="NETAPI32.dll.NetUserAdd"/>
<vm_protect targetpid="2664" wantedaddress="&#x24;598049E5" address="&#x24;59804000" wantedsize="8" size="4096" protect="PAGE_EXECUTE_READWRITE" behavior="Normal" target="NETAPI32.dll.NetUserEnum"/>
<vm_protect targetpid="2664" wantedaddress="&#x24;598049E5" address="&#x24;59804000" wantedsize="8" size="4096" protect="PAGE_EXECUTE_READ" behavior="Normal" target="NETAPI32.dll.NetUserEnum"/>
<vm_protect targetpid="2664" wantedaddress="&#x24;59804808" address="&#x24;59804000" wantedsize="8" size="4096" protect="PAGE_EXECUTE_READWRITE" behavior="Normal" target="NETAPI32.dll.NetUserDel"/>
<vm_protect targetpid="2664" wantedaddress="&#x24;59804808" address="&#x24;59804000" wantedsize="8" size="4096" protect="PAGE_EXECUTE_READ" behavior="Normal" target="NETAPI32.dll.NetUserDel"/>
<vm_protect targetpid="2664" wantedaddress="&#x24;597DACC9" address="&#x24;597DA000" wantedsize="8" size="4096" protect="PAGE_EXECUTE_READWRITE" behavior="Normal" target="NETAPI32.dll.NetUserGetInfo"/>
<vm_protect targetpid="2664" wantedaddress="&#x24;597DACC9" address="&#x24;597DA000" wantedsize="8" size="4096" protect="PAGE_EXECUTE_READ" behavior="Normal" target="NETAPI32.dll.NetUserGetInfo"/>
<vm_protect targetpid="2664" wantedaddress="&#x24;597E0F78" address="&#x24;597E0000" wantedsize="8" size="4096" protect="PAGE_EXECUTE_READWRITE" behavior="Normal" target="NETAPI32.dll.NetShareAdd"/>
<vm_protect targetpid="2664" wantedaddress="&#x24;597E0F78" address="&#x24;597E0000" wantedsize="8" size="4096" protect="PAGE_EXECUTE_READ" behavior="Normal" target="NETAPI32.dll.NetShareAdd"/>
<vm_protect targetpid="2664" wantedaddress="&#x24;597D9115" address="&#x24;597D9000" wantedsize="8" size="4096" protect="PAGE_EXECUTE_READWRITE" behavior="Normal" target="NETAPI32.dll.NetShareEnum"/>
<vm_protect targetpid="2664" wantedaddress="&#x24;597D9115" address="&#x24;597D9000" wantedsize="8" size="4096" protect="PAGE_EXECUTE_READ" behavior="Normal" target="NETAPI32.dll.NetShareEnum"/>
<vm_protect targetpid="2664" wantedaddress="&#x24;59813AE9" address="&#x24;59813000" wantedsize="8" size="4096" protect="PAGE_EXECUTE_READWRITE" behavior="Normal" target="NETAPI32.dll.NetShareEnumSticky"/>
<vm_protect targetpid="2664" wantedaddress="&#x24;59813AE9" address="&#x24;59813000" wantedsize="8" size="4096" protect="PAGE_EXECUTE_READ" behavior="Normal" target="NETAPI32.dll.NetShareEnumSticky"/>
<vm_protect targetpid="2664" wantedaddress="&#x24;597E1048" address="&#x24;597E1000" wantedsize="8" size="4096" protect="PAGE_EXECUTE_READWRITE" behavior="Normal" target="NETAPI32.dll.NetShareDel"/>
<vm_protect targetpid="2664" wantedaddress="&#x24;597E1048" address="&#x24;597E1000" wantedsize="8" size="4096" protect="PAGE_EXECUTE_READ" behavior="Normal" target="NETAPI32.dll.NetShareDel"/>
<vm_protect targetpid="2664" wantedaddress="&#x24;59813A01" address="&#x24;59813000" wantedsize="8" size="4096" protect="PAGE_EXECUTE_READWRITE" behavior="Normal" target="NETAPI32.dll.NetShareDelSticky"/>
<vm_protect targetpid="2664" wantedaddress="&#x24;59813A01" address="&#x24;59813000" wantedsize="8" size="4096" protect="PAGE_EXECUTE_READ" behavior="Normal" target="NETAPI32.dll.NetShareDelSticky"/>
<load_dll filename="C:\WINDOWS\system32\ntshrui.dll" successful="1" address="&#x24;76940000" end_address="&#x24;76966000" size="155648" filename_hash="590ef8248dce2107930917b15541ed91ba84e185"/>
<enum_share/>
<open_file filetype="namedpipe" srcfile="\\.\PIPE\srvsvc" creationdistribution="OPEN_EXISTING" desiredaccess="FILE_ANY_ACCESS" shareaccess="FILE_SHARE_READ FILE_SHARE_WRITE" flags="SECURITY_ANONYMOUS"/>
<open_key key="HKEY_LOCAL_MACHINE\System\CurrentControlSet\Control\ProductOptions"/>
<query_value key="HKEY_LOCAL_MACHINE\SYSTEM\ControlSet001\Control\ProductOptions" value="ProductType"/>
<open_key key="HKEY_LOCAL_MACHINE\System\CurrentControlSet\Services\LanmanServer\DefaultSecurity"/>
<query_value key="HKEY_LOCAL_MACHINE\SYSTEM\ControlSet001\Services\LanmanServer\DefaultSecurity" value="SrvsvcDefaultShareInfo"/>
<open_file filetype="namedpipe" srcfile="\\.\PIPE\lsarpc" creationdistribution="OPEN_EXISTING" desiredaccess="FILE_ANY_ACCESS" shareaccess="FILE_SHARE_READ FILE_SHARE_WRITE" flags="SECURITY_ANONYMOUS"/>
<open_file filetype="namedpipe" srcfile="\\.\PIPE\srvsvc" creationdistribution="OPEN_EXISTING" desiredaccess="FILE_ANY_ACCESS" shareaccess="FILE_SHARE_READ FILE_SHARE_WRITE" flags="SECURITY_ANONYMOUS"/>
<get_computer_name/>
<get_file_attributes filetype="file" srcfile="C:\Dokumente und Einstellungen\All Users\Startmen&#xFC;\Programme\Pharos\Pharos Notify.lnk" srcfile_hash="hash_error" desiredaccess="FILE_ANY_ACCESS" flags="SECURITY_ANONYMOUS"/>
<create_file filetype="file" srcfile="C:\Dokumente und Einstellungen\All Users\Startmen&#xFC;\Programme\Pharos\Pharos Notify.lnk" srcfile_hash="hash_error" creationdistribution="CREATE_ALWAYS" desiredaccess="FILE_ANY_ACCESS" shareaccess="FILE_SHARE_READ FILE_SHARE_WRITE" flags="SECURITY_ANONYMOUS"/>
<open_process targetpid="1704" desiredaccess="PROCESS_DUP_HANDLE PROCESS_QUERY_INFORMATION" apifunction="NtOpenProcess" successful="1"/>
<get_file_attributes filetype="file" srcfile="C:\Dokumente und Einstellungen\Administrator\Startmen&#xFC;\desktop.ini" srcfile_hash="hash_error" desiredaccess="FILE_ANY_ACCESS" flags="SECURITY_ANONYMOUS"/>
<read_value file="C:\Dokumente und Einstellungen\Administrator\Startmen&#xFC;\desktop.ini" file_hash="hash_error" section="DeleteOnCopy" value="Owner"/>
<get_file_attributes filetype="file" srcfile="C:\Dokumente und Einstellungen\Administrator\Startmen&#xFC;\desktop.ini" srcfile_hash="hash_error" desiredaccess="FILE_ANY_ACCESS" flags="SECURITY_ANONYMOUS"/>
<read_value file="C:\Dokumente und Einstellungen\Administrator\Startmen&#xFC;\desktop.ini" file_hash="hash_error" section=".ShellClassInfo" value="LocalizedResourceName"/>
<get_file_attributes filetype="file" srcfile="C:\Dokumente und Einstellungen\Administrator\Startmen&#xFC;\desktop.ini" srcfile_hash="hash_error" desiredaccess="FILE_ANY_ACCESS" flags="SECURITY_ANONYMOUS"/>
<get_file_attributes filetype="file" srcfile="C:\Dokumente und Einstellungen\All Users\Startmen&#xFC;\desktop.ini" srcfile_hash="hash_error" desiredaccess="FILE_ANY_ACCESS" flags="SECURITY_ANONYMOUS"/>
<read_value file="C:\Dokumente und Einstellungen\All Users\Startmen&#xFC;\desktop.ini" file_hash="hash_error" section="DeleteOnCopy" value="Owner"/>
<get_file_attributes filetype="file" srcfile="C:\Dokumente und Einstellungen\All Users\Startmen&#xFC;\desktop.ini" srcfile_hash="hash_error" desiredaccess="FILE_ANY_ACCESS" flags="SECURITY_ANONYMOUS"/>
<read_value file="C:\Dokumente und Einstellungen\All Users\Startmen&#xFC;\desktop.ini" file_hash="hash_error" section=".ShellClassInfo" value="LocalizedResourceName"/>
<get_file_attributes filetype="file" srcfile="C:\Dokumente und Einstellungen\All Users\Startmen&#xFC;\desktop.ini" srcfile_hash="hash_error" desiredaccess="FILE_ANY_ACCESS" flags="SECURITY_ANONYMOUS"/>
<get_file_attributes filetype="file" srcfile="C:\Dokumente und Einstellungen\All Users\Anwendungsdaten\desktop.ini" srcfile_hash="hash_error" desiredaccess="FILE_ANY_ACCESS" flags="SECURITY_ANONYMOUS"/>
<read_value file="C:\Dokumente und Einstellungen\All Users\Anwendungsdaten\desktop.ini" file_hash="hash_error" section="DeleteOnCopy" value="Owner"/>
<get_file_attributes filetype="file" srcfile="C:\Dokumente und Einstellungen\All Users\Anwendungsdaten\desktop.ini" srcfile_hash="hash_error" desiredaccess="FILE_ANY_ACCESS" flags="SECURITY_ANONYMOUS"/>
<read_value file="C:\Dokumente und Einstellungen\All Users\Anwendungsdaten\desktop.ini" file_hash="hash_error" section=".ShellClassInfo" value="LocalizedResourceName"/>
<get_file_attributes filetype="file" srcfile="C:\Dokumente und Einstellungen\All Users\Anwendungsdaten\desktop.ini" srcfile_hash="hash_error" desiredaccess="FILE_ANY_ACCESS" flags="SECURITY_ANONYMOUS"/>
<get_file_attributes filetype="file" srcfile="C:\Dokumente und Einstellungen\Administrator\Anwendungsdaten\desktop.ini" srcfile_hash="hash_error" desiredaccess="FILE_ANY_ACCESS" flags="SECURITY_ANONYMOUS"/>
<read_value file="C:\Dokumente und Einstellungen\Administrator\Anwendungsdaten\desktop.ini" file_hash="hash_error" section="DeleteOnCopy" value="Owner"/>
<get_file_attributes filetype="file" srcfile="C:\Dokumente und Einstellungen\Administrator\Anwendungsdaten\desktop.ini" srcfile_hash="hash_error" desiredaccess="FILE_ANY_ACCESS" flags="SECURITY_ANONYMOUS"/>
<read_value file="C:\Dokumente und Einstellungen\Administrator\Anwendungsdaten\desktop.ini" file_hash="hash_error" section=".ShellClassInfo" value="LocalizedResourceName"/>
<get_file_attributes filetype="file" srcfile="C:\Dokumente und Einstellungen\Administrator\Anwendungsdaten\desktop.ini" srcfile_hash="hash_error" desiredaccess="FILE_ANY_ACCESS" flags="SECURITY_ANONYMOUS"/>
<get_file_attributes filetype="file" srcfile="C:\Dokumente und Einstellungen\Administrator\Eigene Dateien\desktop.ini" srcfile_hash="hash_error" desiredaccess="FILE_ANY_ACCESS" flags="SECURITY_ANONYMOUS"/>
<read_value file="C:\Dokumente und Einstellungen\Administrator\Eigene Dateien\desktop.ini" file_hash="hash_error" section="DeleteOnCopy" value="Owner"/>
<read_value file="C:\Dokumente und Einstellungen\Administrator\Eigene Dateien\desktop.ini" file_hash="hash_error" section="DeleteOnCopy.A" value="Owner"/>
<get_file_attributes filetype="file" srcfile="C:\Dokumente und Einstellungen\Administrator\Eigene Dateien\desktop.ini" srcfile_hash="hash_error" desiredaccess="FILE_ANY_ACCESS" flags="SECURITY_ANONYMOUS"/>
<read_value file="C:\Dokumente und Einstellungen\Administrator\Eigene Dateien\desktop.ini" file_hash="hash_error" section="DeleteOnCopy" value="PersonalizedName"/>
<read_value file="C:\Dokumente und Einstellungen\Administrator\Eigene Dateien\desktop.ini" file_hash="hash_error" section="DeleteOnCopy.A" value="PersonalizedName"/>
<get_file_attributes filetype="file" srcfile="C:\Dokumente und Einstellungen\Administrator\Eigene Dateien\desktop.ini" srcfile_hash="hash_error" desiredaccess="FILE_ANY_ACCESS" flags="SECURITY_ANONYMOUS"/>
<get_file_attributes filetype="file" srcfile="C:\Dokumente und Einstellungen\Administrator\Eigene Dateien\Eigene Bilder\desktop.ini" srcfile_hash="hash_error" desiredaccess="FILE_ANY_ACCESS" flags="SECURITY_ANONYMOUS"/>
<read_value file="C:\Dokumente und Einstellungen\Administrator\Eigene Dateien\Eigene Bilder\desktop.ini" file_hash="hash_error" section="DeleteOnCopy" value="Owner"/>
<read_value file="C:\Dokumente und Einstellungen\Administrator\Eigene Dateien\Eigene Bilder\desktop.ini" file_hash="hash_error" section="DeleteOnCopy.A" value="Owner"/>
<get_file_attributes filetype="file" srcfile="C:\Dokumente und Einstellungen\Administrator\Eigene Dateien\Eigene Bilder\desktop.ini" srcfile_hash="hash_error" desiredaccess="FILE_ANY_ACCESS" flags="SECURITY_ANONYMOUS"/>
<read_value file="C:\Dokumente und Einstellungen\Administrator\Eigene Dateien\Eigene Bilder\desktop.ini" file_hash="hash_error" section="DeleteOnCopy" value="PersonalizedName"/>
<read_value file="C:\Dokumente und Einstellungen\Administrator\Eigene Dateien\Eigene Bilder\desktop.ini" file_hash="hash_error" section="DeleteOnCopy.A" value="PersonalizedName"/>
<get_file_attributes filetype="file" srcfile="C:\Dokumente und Einstellungen\Administrator\Eigene Dateien\Eigene Bilder\desktop.ini" srcfile_hash="hash_error" desiredaccess="FILE_ANY_ACCESS" flags="SECURITY_ANONYMOUS"/>
<get_file_attributes filetype="file" srcfile="C:\Programme\desktop.ini" srcfile_hash="hash_error" desiredaccess="FILE_ANY_ACCESS" flags="SECURITY_ANONYMOUS"/>
<get_file_attributes filetype="file" srcfile="C:\Dokumente und Einstellungen\All Users\Dokumente\desktop.ini" srcfile_hash="hash_error" desiredaccess="FILE_ANY_ACCESS" flags="SECURITY_ANONYMOUS"/>
<read_value file="C:\Dokumente und Einstellungen\All Users\Dokumente\desktop.ini" file_hash="hash_error" section="DeleteOnCopy" value="Owner"/>
<get_file_attributes filetype="file" srcfile="C:\Dokumente und Einstellungen\All Users\Dokumente\desktop.ini" srcfile_hash="hash_error" desiredaccess="FILE_ANY_ACCESS" flags="SECURITY_ANONYMOUS"/>
<read_value file="C:\Dokumente und Einstellungen\All Users\Dokumente\desktop.ini" file_hash="hash_error" section=".ShellClassInfo" value="LocalizedResourceName"/>
<get_file_attributes filetype="file" srcfile="C:\Dokumente und Einstellungen\All Users\Dokumente\desktop.ini" srcfile_hash="hash_error" desiredaccess="FILE_ANY_ACCESS" flags="SECURITY_ANONYMOUS"/>
<get_file_attributes filetype="file" srcfile="C:\Dokumente und Einstellungen\All Users\Dokumente\Eigene Bilder\desktop.ini" srcfile_hash="hash_error" desiredaccess="FILE_ANY_ACCESS" flags="SECURITY_ANONYMOUS"/>
<read_value file="C:\Dokumente und Einstellungen\All Users\Dokumente\Eigene Bilder\desktop.ini" file_hash="hash_error" section="DeleteOnCopy" value="Owner"/>
<get_file_attributes filetype="file" srcfile="C:\Dokumente und Einstellungen\All Users\Dokumente\Eigene Bilder\desktop.ini" srcfile_hash="hash_error" desiredaccess="FILE_ANY_ACCESS" flags="SECURITY_ANONYMOUS"/>
<read_value file="C:\Dokumente und Einstellungen\All Users\Dokumente\Eigene Bilder\desktop.ini" file_hash="hash_error" section=".ShellClassInfo" value="LocalizedResourceName"/>
<get_file_attributes filetype="file" srcfile="C:\Dokumente und Einstellungen\All Users\Dokumente\Eigene Bilder\desktop.ini" srcfile_hash="hash_error" desiredaccess="FILE_ANY_ACCESS" flags="SECURITY_ANONYMOUS"/>
<load_dll filename="C:\WINDOWS\system32\SHELL32.dll" successful="1" address="&#x24;7E670000" end_address="&#x24;7EE91000" size="8523776" filename_hash="bbe9d57955e5d348e664b72faf331a7b9d722d0c"/>
<load_dll filename="C:\WINDOWS\system32\NETAPI32.dll" successful="1" address="&#x24;597D0000" end_address="&#x24;59825000" size="348160" filename_hash="5e935f90226ff224936edf449f925b647b535917"/>
<open_file filetype="namedpipe" srcfile="\\.\PIPE\wkssvc" creationdistribution="OPEN_EXISTING" desiredaccess="FILE_ANY_ACCESS" shareaccess="FILE_SHARE_READ FILE_SHARE_WRITE" flags="SECURITY_ANONYMOUS"/>
<get_file_attributes filetype="file" srcfile="C:\Dokumente und Einstellungen\All Users\Dokumente\desktop.ini" srcfile_hash="hash_error" desiredaccess="FILE_ANY_ACCESS" flags="SECURITY_ANONYMOUS"/>
<read_value file="C:\Dokumente und Einstellungen\All Users\Dokumente\desktop.ini" file_hash="hash_error" section="DeleteOnCopy" value="Owner"/>
<get_file_attributes filetype="file" srcfile="C:\Dokumente und Einstellungen\All Users\Dokumente\desktop.ini" srcfile_hash="hash_error" desiredaccess="FILE_ANY_ACCESS" flags="SECURITY_ANONYMOUS"/>
<read_value file="C:\Dokumente und Einstellungen\All Users\Dokumente\desktop.ini" file_hash="hash_error" section=".ShellClassInfo" value="LocalizedResourceName"/>
<get_file_attributes filetype="file" srcfile="C:\Dokumente und Einstellungen\All Users\Dokumente\desktop.ini" srcfile_hash="hash_error" desiredaccess="FILE_ANY_ACCESS" flags="SECURITY_ANONYMOUS"/>
<get_file_attributes filetype="file" srcfile="C:\Dokumente und Einstellungen\All Users\Dokumente\Eigene Musik\desktop.ini" srcfile_hash="hash_error" desiredaccess="FILE_ANY_ACCESS" flags="SECURITY_ANONYMOUS"/>
<read_value file="C:\Dokumente und Einstellungen\All Users\Dokumente\Eigene Musik\desktop.ini" file_hash="hash_error" section="DeleteOnCopy" value="Owner"/>
<get_file_attributes filetype="file" srcfile="C:\Dokumente und Einstellungen\All Users\Dokumente\Eigene Musik\desktop.ini" srcfile_hash="hash_error" desiredaccess="FILE_ANY_ACCESS" flags="SECURITY_ANONYMOUS"/>
<read_value file="C:\Dokumente und Einstellungen\All Users\Dokumente\Eigene Musik\desktop.ini" file_hash="hash_error" section=".ShellClassInfo" value="LocalizedResourceName"/>
<get_file_attributes filetype="file" srcfile="C:\Dokumente und Einstellungen\All Users\Dokumente\Eigene Musik\desktop.ini" srcfile_hash="hash_error" desiredaccess="FILE_ANY_ACCESS" flags="SECURITY_ANONYMOUS"/>
<get_file_attributes filetype="file" srcfile="C:\Dokumente und Einstellungen\All Users\Dokumente\desktop.ini" srcfile_hash="hash_error" desiredaccess="FILE_ANY_ACCESS" flags="SECURITY_ANONYMOUS"/>
<read_value file="C:\Dokumente und Einstellungen\All Users\Dokumente\desktop.ini" file_hash="hash_error" section="DeleteOnCopy" value="Owner"/>
<get_file_attributes filetype="file" srcfile="C:\Dokumente und Einstellungen\All Users\Dokumente\desktop.ini" srcfile_hash="hash_error" desiredaccess="FILE_ANY_ACCESS" flags="SECURITY_ANONYMOUS"/>
<read_value file="C:\Dokumente und Einstellungen\All Users\Dokumente\desktop.ini" file_hash="hash_error" section=".ShellClassInfo" value="LocalizedResourceName"/>
<get_file_attributes filetype="file" srcfile="C:\Dokumente und Einstellungen\All Users\Dokumente\desktop.ini" srcfile_hash="hash_error" desiredaccess="FILE_ANY_ACCESS" flags="SECURITY_ANONYMOUS"/>
<get_file_attributes filetype="file" srcfile="C:\Dokumente und Einstellungen\All Users\Dokumente\Eigene Videos\desktop.ini" srcfile_hash="hash_error" desiredaccess="FILE_ANY_ACCESS" flags="SECURITY_ANONYMOUS"/>
<read_value file="C:\Dokumente und Einstellungen\All Users\Dokumente\Eigene Videos\desktop.ini" file_hash="hash_error" section="DeleteOnCopy" value="Owner"/>
<get_file_attributes filetype="file" srcfile="C:\Dokumente und Einstellungen\All Users\Dokumente\Eigene Videos\desktop.ini" srcfile_hash="hash_error" desiredaccess="FILE_ANY_ACCESS" flags="SECURITY_ANONYMOUS"/>
<read_value file="C:\Dokumente und Einstellungen\All Users\Dokumente\Eigene Videos\desktop.ini" file_hash="hash_error" section=".ShellClassInfo" value="LocalizedResourceName"/>
<get_file_attributes filetype="file" srcfile="C:\Dokumente und Einstellungen\All Users\Dokumente\Eigene Videos\desktop.ini" srcfile_hash="hash_error" desiredaccess="FILE_ANY_ACCESS" flags="SECURITY_ANONYMOUS"/>
<open_process targetpid="1704" desiredaccess="PROCESS_DUP_HANDLE PROCESS_QUERY_INFORMATION" apifunction="NtOpenProcess" successful="1"/>
<enum_window/>
<create_window hwnd="&#x24;000400AC" classname="&#x23;32770" height="112" width="278" top="452" left="487" style="WS_BORDER WS_CAPTION WS_DLGFRAME WS_OVERLAPPED WS_POPUP WS_POPUPWINDOW WS_SYSMENU WS_TILED" exstyle="WS_EX_CONTROLPARENT WS_EX_DLGMODALFRAME WS_EX_LEFT WS_EX_LTRREADING WS_EX_RIGHTSCROLLBAR WS_EX_WINDOWEDGE"/>
<get_system_directory/>
<enum_window/>
<show_window hwnd="&#x24;000400AC" snapshotfile="proc_1\hwnd_400AC.jpg"/>
<enum_window/>
<show_window hwnd="&#x24;000400AC" snapshotfile="proc_1\hwnd_400AC.jpg"/>
<find_window classname="CicLoaderWndClass"/>
<open_process targetpid="1900" desiredaccess="PROCESS_ALL_ACCESS PROCESS_CREATE_PROCESS PROCESS_CREATE_THREAD PROCESS_DUP_HANDLE PROCESS_QUERY_INFORMATION PROCESS_SET_INFORMATION PROCESS_TERMINATE PROCESS_VM_OPERATION PROCESS_VM_READ PROCESS_VM_WRITE PROCESS_SET_SESSIONID PROCESS_SET_QUOTA SYNCHRONIZE" apifunction="NtOpenProcess" successful="1"/>
</all_section>
</thread>
</process>
<process index="2" pid="980" filename="C:\WINDOWS\system32\svchost.exe" filename_hash="49083ae3725a0488e0a8fbbe1335c745f70c4667" filesize="14336" md5="4fbc75b74479c7a6f829e0ca19df3366" sha1="97c7c354c12b89c797740b35ed81879be58f3deb" username="SYSTEM" parentindex="0" starttime="00:07.234" terminationtime="02:01.672" startreason="DCOMService" terminationreason="Timeout" executionstatus="OK">
<thread tid="2808">
<all_section>
<load_image filename="C:\WINDOWS\system32\svchost.exe" successful="1" address="&#x24;1000000" end_address="&#x24;1006000" size="24576" filename_hash="49083ae3725a0488e0a8fbbe1335c745f70c4667"/>
<load_dll filename="C:\WINDOWS\system32\ntdll.dll" successful="1" address="&#x24;7C910000" end_address="&#x24;7C9C9000" size="757760" filename_hash="e753d19a2e3b98b2b3b8f02f276092096d10f22d"/>
<load_dll filename="C:\WINDOWS\system32\kernel32.dll" successful="1" address="&#x24;7C800000" end_address="&#x24;7C908000" size="1081344" filename_hash="c88d57cc99f75cd928b47b6e444231f26670138f"/>
<load_dll filename="C:\WINDOWS\system32\ADVAPI32.dll" successful="1" address="&#x24;77DA0000" end_address="&#x24;77E4A000" size="696320" filename_hash="ea2e9bac1789b53d7efcd675a63f4a2b44898439"/>
<load_dll filename="C:\WINDOWS\system32\RPCRT4.dll" successful="1" address="&#x24;77E50000" end_address="&#x24;77EE2000" size="598016" filename_hash="f3bb6474ec18ee9cccc02ef44510a78b42058a41"/>
<load_dll filename="C:\WINDOWS\system32\Secur32.dll" successful="1" address="&#x24;77FC0000" end_address="&#x24;77FD1000" size="69632" filename_hash="31166d1e35a911a082149f5efac2dac228109615"/>
<load_dll filename="C:\WINDOWS\system32\ShimEng.dll" successful="1" address="&#x24;5CF00000" end_address="&#x24;5CF26000" size="155648" filename_hash="2ab219118ae324684eb7aaaf72eb4d9360ade81f"/>
<load_dll filename="C:\WINDOWS\AppPatch\AcGenral.DLL" successful="1" address="&#x24;6FD90000" end_address="&#x24;6FF5A000" size="1875968" filename_hash="d28c378f459fafa7367649554b729a80b3924aad"/>
<load_dll filename="C:\WINDOWS\system32\USER32.dll" successful="1" address="&#x24;7E360000" end_address="&#x24;7E3F1000" size="593920" filename_hash="08fe9ff1fe9b8fd237adedb10d65fb0447b91fe5"/>
<load_dll filename="C:\WINDOWS\system32\GDI32.dll" successful="1" address="&#x24;77EF0000" end_address="&#x24;77F39000" size="299008" filename_hash="0f37018f672c7635691f7317ade3c5a63904ec96"/>
<load_dll filename="C:\WINDOWS\system32\WINMM.dll" successful="1" address="&#x24;76AF0000" end_address="&#x24;76B1E000" size="188416" filename_hash="51f42782acdc790e4cabf402d71ef0fe24f9ad1b"/>
<load_dll filename="C:\WINDOWS\system32\ole32.dll" successful="1" address="&#x24;774B0000" end_address="&#x24;775ED000" size="1298432" filename_hash="c7753525d5276ab92a01a8a3c39cfb5269da7f98"/>
<load_dll filename="C:\WINDOWS\system32\msvcrt.dll" successful="1" address="&#x24;77BE0000" end_address="&#x24;77C38000" size="360448" filename_hash="70d5f97088cc9348bb9d10098af0738a696b96de"/>
<load_dll filename="C:\WINDOWS\system32\OLEAUT32.dll" successful="1" address="&#x24;770F0000" end_address="&#x24;7717B000" size="569344" filename_hash="3168a173d177f470928b468db777640861dcb32e"/>
<load_dll filename="C:\WINDOWS\system32\MSACM32.dll" successful="1" address="&#x24;77BB0000" end_address="&#x24;77BC5000" size="86016" filename_hash="9be8c8a0ce2316feff5783efbe259bb1f6334a63"/>
<load_dll filename="C:\WINDOWS\system32\VERSION.dll" successful="1" address="&#x24;77BD0000" end_address="&#x24;77BD8000" size="32768" filename_hash="adf263b658136ccb3cde72d0e6dd634c5a5e5143"/>
<load_dll filename="C:\WINDOWS\system32\SHELL32.dll" successful="1" address="&#x24;7E670000" end_address="&#x24;7EE91000" size="8523776" filename_hash="bbe9d57955e5d348e664b72faf331a7b9d722d0c"/>
<load_dll filename="C:\WINDOWS\system32\SHLWAPI.dll" successful="1" address="&#x24;77F40000" end_address="&#x24;77FB6000" size="483328" filename_hash="a9245beec2e139b31cd3b65e0f0e4804c030e639"/>
<load_dll filename="C:\WINDOWS\system32\USERENV.dll" successful="1" address="&#x24;76620000" end_address="&#x24;766D6000" size="745472" filename_hash="c7264e1fe77ea0e6d615077dd7cc6cc06aaa02cd"/>
<load_dll filename="C:\WINDOWS\system32\UxTheme.dll" successful="1" address="&#x24;5B0F0000" end_address="&#x24;5B128000" size="229376" filename_hash="16c4d24a172bfbc67f488d6b4086b9e10f8eaf4b"/>
<load_dll filename="C:\WINDOWS\system32\IMM32.DLL" successful="1" address="&#x24;76330000" end_address="&#x24;7634D000" size="118784" filename_hash="f9be7678080084bc3cb48d0cb64bba9ba98800f1"/>
<load_dll filename="C:\WINDOWS\WinSxS\x86_Microsoft.Windows.Common-Controls_6595b64144ccf1df_6.0.2600.5512_x-ww_35d4ce83\" successful="1" address="&#x24;773A0000" end_address="&#x24;774A3000" size="1060864" filename_hash="hash_error"/>
<load_dll filename="C:\WINDOWS\system32\comctl32.dll" successful="1" address="&#x24;5D450000" end_address="&#x24;5D4EA000" size="630784" filename_hash="ba126572bcb4ac594a3c37e2ac86db40b173878d"/>
<load_dll filename="C:\WINDOWS\system32\NTMARTA.DLL" successful="1" address="&#x24;77660000" end_address="&#x24;77681000" size="135168" filename_hash="7e2ea4d88645138e5edb646157fd702c347bb53a"/>
<load_dll filename="C:\WINDOWS\system32\SAMLIB.dll" successful="1" address="&#x24;71B70000" end_address="&#x24;71B83000" size="77824" filename_hash="a1d75237cedc30a45117ba1c2040ddfd9f7bb667"/>
<load_dll filename="C:\WINDOWS\system32\WLDAP32.dll" successful="1" address="&#x24;76F20000" end_address="&#x24;76F4D000" size="184320" filename_hash="03269df70bc4ff939f87ef528f8a5fcf2a708624"/>
<load_dll filename="c:\windows\system32\rpcss.dll" successful="1" address="&#x24;76A30000" end_address="&#x24;76A94000" size="409600" filename_hash="7391155a9976797c2072e013fa3c38197b268de7"/>
<load_dll filename="c:\windows\system32\WS2_32.dll" successful="1" address="&#x24;71A10000" end_address="&#x24;71A27000" size="94208" filename_hash="7cf3366c68e402eb3678046fe97651a586044560"/>
<load_dll filename="c:\windows\system32\WS2HELP.dll" successful="1" address="&#x24;71A00000" end_address="&#x24;71A08000" size="32768" filename_hash="317cc14a94fcf3d10749efbcab330b97f516fffb"/>
<load_dll filename="C:\WINDOWS\system32\xpsp2res.dll" successful="1" address="&#x24;630000" end_address="&#x24;909000" size="2985984" filename_hash="55401355585fac03b5d6991af85abf8db8fc9042"/>
<load_dll filename="C:\WINDOWS\system32\CLBCATQ.DLL" successful="1" address="&#x24;76F90000" end_address="&#x24;7700F000" size="520192" filename_hash="bd0f1633a7d858f27d3fa2bad744b766a1533490"/>
<load_dll filename="C:\WINDOWS\system32\COMRes.dll" successful="1" address="&#x24;77010000" end_address="&#x24;770E3000" size="864256" filename_hash="eda8c030913d048cda82aeb6066be39e005ce0f1"/>
<load_dll filename="c:\windows\system32\termsrv.dll" successful="1" address="&#x24;761D0000" end_address="&#x24;76224000" size="344064" filename_hash="86773aed393573d4bd59481185910bbaaf85790f"/>
<load_dll filename="c:\windows\system32\ICAAPI.dll" successful="1" address="&#x24;74EF0000" end_address="&#x24;74EF6000" size="24576" filename_hash="166e7e5c0064c63fb4516303b879d1c83b69cf2a"/>
<load_dll filename="c:\windows\system32\SETUPAPI.dll" successful="1" address="&#x24;778F0000" end_address="&#x24;779E4000" size="999424" filename_hash="8109df4e050264532bb5757e9da4ae12e29b800f"/>
<load_dll filename="C:\WINDOWS\system32\WINTRUST.dll" successful="1" address="&#x24;76BF0000" end_address="&#x24;76C1E000" size="188416" filename_hash="7bda19c92848a811077f780f569c0593d14b2a92"/>
<load_dll filename="C:\WINDOWS\system32\CRYPT32.dll" successful="1" address="&#x24;77A50000" end_address="&#x24;77AE6000" size="614400" filename_hash="3127dbe44b75c673c24f9ad63675ff91cd9c6321"/>
<load_dll filename="C:\WINDOWS\system32\MSASN1.dll" successful="1" address="&#x24;77AF0000" end_address="&#x24;77B02000" size="73728" filename_hash="e3b7e1519f060e76b7e5579c1974e6260bcdb324"/>
<load_dll filename="C:\WINDOWS\system32\IMAGEHLP.dll" successful="1" address="&#x24;76C50000" end_address="&#x24;76C78000" size="163840" filename_hash="2eaa144578f2beb69da027ca0e15445c98a95607"/>
<load_dll filename="c:\windows\system32\AUTHZ.dll" successful="1" address="&#x24;77690000" end_address="&#x24;776A2000" size="73728" filename_hash="36977fd1a696a3c3b974d2147d23425f7b0e6bec"/>
<load_dll filename="c:\windows\system32\mstlsapi.dll" successful="1" address="&#x24;75090000" end_address="&#x24;750AF000" size="126976" filename_hash="a88f24cb797bb85aba9ea841103faae3677188a7"/>
<load_dll filename="c:\windows\system32\ACTIVEDS.dll" successful="1" address="&#x24;77C90000" end_address="&#x24;77CC2000" size="204800" filename_hash="71dde7dea4019ab631fe85a31149a494363b7bdc"/>
<load_dll filename="c:\windows\system32\adsldpc.dll" successful="1" address="&#x24;76DD0000" end_address="&#x24;76DF5000" size="151552" filename_hash="1e272578a29b1c2ed7a013266ca50343a560fa2d"/>
<load_dll filename="C:\WINDOWS\system32\NETAPI32.dll" successful="1" address="&#x24;597D0000" end_address="&#x24;59825000" size="348160" filename_hash="5e935f90226ff224936edf449f925b647b535917"/>
<load_dll filename="c:\windows\system32\ATL.DLL" successful="1" address="&#x24;76AD0000" end_address="&#x24;76AE1000" size="69632" filename_hash="59cb82f432d529da3e81b030b2365c22a95fd35a"/>
<load_dll filename="C:\WINDOWS\system32\REGAPI.dll" successful="1" address="&#x24;76B70000" end_address="&#x24;76B7F000" size="61440" filename_hash="0b43cc40011a36366d3490973e82bcd162bb93da"/>
<load_dll filename="C:\WINDOWS\system32\rsaenh.dll" successful="1" address="&#x24;68000000" end_address="&#x24;68036000" size="221184" filename_hash="8e8dd9db03ed502d915dee9e4f9fd3f10593e27c"/>
<load_dll filename="C:\WINDOWS\system32\Apphelp.dll" successful="1" address="&#x24;77B10000" end_address="&#x24;77B32000" size="139264" filename_hash="016ea16586e3c27f4bd43341ba906187a416afe0"/>
<load_dll filename="C:\WINDOWS\system32\pstorec.dll" successful="1" address="&#x24;5E490000" end_address="&#x24;5E49D000" size="53248" filename_hash="8ae378a352c4a13516bf1fe5a8615d8893d2ff2d"/>
</all_section>
</thread>
</process>
</processes>
