<?xml version="1.0"?>
<processes>
<process index="1" pid="2520" filename="c:\ee82b62da98101400caad096dad86d6d.EX" filename_hash="hash_error" filesize="133991" md5="ee82b62da98101400caad096dad86d6d" sha1="014a3beecda7cbb427caeb44ff7b886f0fed52f4" username="Administrator" parentindex="0" starttime="00:01.390" terminationtime="00:08.125" startreason="AnalysisTarget" terminationreason="NormalTermination" executionstatus="OK" applicationtype="Win32Application">
<thread tid="2524">
<all_section>
<load_image filename="c:\ee82b62da98101400caad096dad86d6d.EX" successful="1" address="&#x24;400000" end_address="&#x24;65CD67" size="2477415" filename_hash="hash_error"/>
<load_dll filename="C:\WINDOWS\system32\ntdll.dll" successful="1" address="&#x24;7C910000" end_address="&#x24;7C9C9000" size="757760" filename_hash="e753d19a2e3b98b2b3b8f02f276092096d10f22d"/>
<load_dll filename="C:\WINDOWS\system32\kernel32.dll" successful="1" address="&#x24;7C800000" end_address="&#x24;7C908000" size="1081344" filename_hash="c88d57cc99f75cd928b47b6e444231f26670138f"/>
<load_dll filename="C:\WINDOWS\system32\user32.dll" successful="1" address="&#x24;7E360000" end_address="&#x24;7E3F1000" size="593920" filename_hash="08fe9ff1fe9b8fd237adedb10d65fb0447b91fe5"/>
<load_dll filename="C:\WINDOWS\system32\GDI32.dll" successful="1" address="&#x24;77EF0000" end_address="&#x24;77F39000" size="299008" filename_hash="0f37018f672c7635691f7317ade3c5a63904ec96"/>
<load_dll filename="C:\WINDOWS\system32\advapi32.dll" successful="1" address="&#x24;77DA0000" end_address="&#x24;77E4A000" size="696320" filename_hash="ea2e9bac1789b53d7efcd675a63f4a2b44898439"/>
<load_dll filename="C:\WINDOWS\system32\RPCRT4.dll" successful="1" address="&#x24;77E50000" end_address="&#x24;77EE2000" size="598016" filename_hash="f3bb6474ec18ee9cccc02ef44510a78b42058a41"/>
<load_dll filename="C:\WINDOWS\system32\Secur32.dll" successful="1" address="&#x24;77FC0000" end_address="&#x24;77FD1000" size="69632" filename_hash="31166d1e35a911a082149f5efac2dac228109615"/>
<load_dll filename="C:\WINDOWS\system32\oleaut32.dll" successful="1" address="&#x24;770F0000" end_address="&#x24;7717B000" size="569344" filename_hash="3168a173d177f470928b468db777640861dcb32e"/>
<load_dll filename="C:\WINDOWS\system32\msvcrt.dll" successful="1" address="&#x24;77BE0000" end_address="&#x24;77C38000" size="360448" filename_hash="70d5f97088cc9348bb9d10098af0738a696b96de"/>
<load_dll filename="C:\WINDOWS\system32\ole32.dll" successful="1" address="&#x24;774B0000" end_address="&#x24;775ED000" size="1298432" filename_hash="c7753525d5276ab92a01a8a3c39cfb5269da7f98"/>
<load_dll filename="C:\WINDOWS\system32\IMM32.DLL" successful="1" address="&#x24;76330000" end_address="&#x24;7634D000" size="118784" filename_hash="f9be7678080084bc3cb48d0cb64bba9ba98800f1"/>
<load_dll filename="C:\WINDOWS\system32\pstorec.dll" successful="1" address="&#x24;5E490000" end_address="&#x24;5E49D000" size="53248" filename_hash="8ae378a352c4a13516bf1fe5a8615d8893d2ff2d"/>
<load_dll filename="C:\WINDOWS\system32\ATL.DLL" successful="1" address="&#x24;76AD0000" end_address="&#x24;76AE1000" size="69632" filename_hash="59cb82f432d529da3e81b030b2365c22a95fd35a"/>
<load_dll filename="C:\WINDOWS\system32\kernel32.dll" successful="1" address="&#x24;7C800000" end_address="&#x24;7C908000" size="1081344" filename_hash="c88d57cc99f75cd928b47b6e444231f26670138f"/>
<load_dll filename="C:\WINDOWS\system32\user32.dll" successful="1" address="&#x24;7E360000" end_address="&#x24;7E3F1000" size="593920" filename_hash="08fe9ff1fe9b8fd237adedb10d65fb0447b91fe5"/>
<load_dll filename="C:\WINDOWS\system32\advapi32.dll" successful="1" address="&#x24;77DA0000" end_address="&#x24;77E4A000" size="696320" filename_hash="ea2e9bac1789b53d7efcd675a63f4a2b44898439"/>
<vm_protect targetpid="2520" wantedaddress="&#x24;7E6F11E0" address="&#x24;7E6F1000" wantedsize="8" size="4096" protect="PAGE_EXECUTE_READWRITE" behavior="Normal" target="SHELL32.dll.ShellExecuteA"/>
<vm_protect targetpid="2520" wantedaddress="&#x24;7E6F11E0" address="&#x24;7E6F1000" wantedsize="8" size="4096" protect="PAGE_EXECUTE_READ" behavior="Normal" target="SHELL32.dll.ShellExecuteA"/>
<vm_protect targetpid="2520" wantedaddress="&#x24;7E765D48" address="&#x24;7E765000" wantedsize="8" size="4096" protect="PAGE_EXECUTE_READWRITE" behavior="Normal" target="SHELL32.dll.ShellExecuteW"/>
<vm_protect targetpid="2520" wantedaddress="&#x24;7E765D48" address="&#x24;7E765000" wantedsize="8" size="4096" protect="PAGE_EXECUTE_READ" behavior="Normal" target="SHELL32.dll.ShellExecuteW"/>
<vm_protect targetpid="2520" wantedaddress="&#x24;7E6B996B" address="&#x24;7E6B9000" wantedsize="8" size="4096" protect="PAGE_EXECUTE_READWRITE" behavior="Normal" target="SHELL32.dll.ShellExecuteExW"/>
<vm_protect targetpid="2520" wantedaddress="&#x24;7E6B996B" address="&#x24;7E6B9000" wantedsize="8" size="4096" protect="PAGE_EXECUTE_READ" behavior="Normal" target="SHELL32.dll.ShellExecuteExW"/>
<vm_protect targetpid="2520" wantedaddress="&#x24;7E6F0EB5" address="&#x24;7E6F0000" wantedsize="8" size="4096" protect="PAGE_EXECUTE_READWRITE" behavior="Normal" target="SHELL32.dll.ShellExecuteEx"/>
<vm_protect targetpid="2520" wantedaddress="&#x24;7E6F0EB5" address="&#x24;7E6F0000" wantedsize="8" size="4096" protect="PAGE_EXECUTE_READ" behavior="Normal" target="SHELL32.dll.ShellExecuteEx"/>
<vm_protect targetpid="2520" wantedaddress="&#x24;7E77410F" address="&#x24;7E774000" wantedsize="8" size="4096" protect="PAGE_EXECUTE_READWRITE" behavior="Normal" target="SHELL32.dll.SHLoadInProc"/>
<vm_protect targetpid="2520" wantedaddress="&#x24;7E77410F" address="&#x24;7E774000" wantedsize="8" size="4096" protect="PAGE_EXECUTE_READ" behavior="Normal" target="SHELL32.dll.SHLoadInProc"/>
<load_dll filename="C:\WINDOWS\system32\IMM32.DLL" successful="1" address="&#x24;76330000" end_address="&#x24;7634D000" size="118784" filename_hash="f9be7678080084bc3cb48d0cb64bba9ba98800f1"/>
<load_dll filename="C:\WINDOWS\system32\SHELL32.dll" successful="1" address="&#x24;7E670000" end_address="&#x24;7EE91000" size="8523776" filename_hash="bbe9d57955e5d348e664b72faf331a7b9d722d0c"/>
<load_dll filename="C:\WINDOWS\system32\WS2_32.dll" successful="1" address="&#x24;71A10000" end_address="&#x24;71A27000" size="94208" filename_hash="7cf3366c68e402eb3678046fe97651a586044560"/>
<vm_protect targetpid="2520" wantedaddress="&#x24;71A8ADBE" address="&#x24;71A8A000" wantedsize="8" size="4096" protect="PAGE_EXECUTE_READWRITE" behavior="Normal" target="MPR.dll.WNetAddConnectionA"/>
<vm_protect targetpid="2520" wantedaddress="&#x24;71A8ADBE" address="&#x24;71A8A000" wantedsize="8" size="4096" protect="PAGE_EXECUTE_READ" behavior="Normal" target="MPR.dll.WNetAddConnectionA"/>
<vm_protect targetpid="2520" wantedaddress="&#x24;71A897A5" address="&#x24;71A89000" wantedsize="8" size="4096" protect="PAGE_EXECUTE_READWRITE" behavior="Normal" target="MPR.dll.WNetAddConnectionW"/>
<vm_protect targetpid="2520" wantedaddress="&#x24;71A897A5" address="&#x24;71A89000" wantedsize="8" size="4096" protect="PAGE_EXECUTE_READ" behavior="Normal" target="MPR.dll.WNetAddConnectionW"/>
<vm_protect targetpid="2520" wantedaddress="&#x24;71A84AC4" address="&#x24;71A84000" wantedsize="8" size="4096" protect="PAGE_EXECUTE_READWRITE" behavior="Normal" target="MPR.dll.WNetAddConnection2A"/>
<vm_protect targetpid="2520" wantedaddress="&#x24;71A84AC4" address="&#x24;71A84000" wantedsize="8" size="4096" protect="PAGE_EXECUTE_READ" behavior="Normal" target="MPR.dll.WNetAddConnection2A"/>
<vm_protect targetpid="2520" wantedaddress="&#x24;71A850D4" address="&#x24;71A85000" wantedsize="8" size="4096" protect="PAGE_EXECUTE_READWRITE" behavior="Normal" target="MPR.dll.WNetAddConnection2W"/>
<vm_protect targetpid="2520" wantedaddress="&#x24;71A850D4" address="&#x24;71A85000" wantedsize="8" size="4096" protect="PAGE_EXECUTE_READ" behavior="Normal" target="MPR.dll.WNetAddConnection2W"/>
<vm_protect targetpid="2520" wantedaddress="&#x24;71A8B835" address="&#x24;71A8B000" wantedsize="8" size="4096" protect="PAGE_EXECUTE_READWRITE" behavior="Normal" target="MPR.dll.WNetAddConnection3A"/>
<vm_protect targetpid="2520" wantedaddress="&#x24;71A8B835" address="&#x24;71A8B000" wantedsize="8" size="4096" protect="PAGE_EXECUTE_READ" behavior="Normal" target="MPR.dll.WNetAddConnection3A"/>
<vm_protect targetpid="2520" wantedaddress="&#x24;71A89859" address="&#x24;71A89000" wantedsize="8" size="4096" protect="PAGE_EXECUTE_READWRITE" behavior="Normal" target="MPR.dll.WNetAddConnection3W"/>
<vm_protect targetpid="2520" wantedaddress="&#x24;71A89859" address="&#x24;71A89000" wantedsize="8" size="4096" protect="PAGE_EXECUTE_READ" behavior="Normal" target="MPR.dll.WNetAddConnection3W"/>
<vm_protect targetpid="2520" wantedaddress="&#x24;71A8AE39" address="&#x24;71A8A000" wantedsize="8" size="4096" protect="PAGE_EXECUTE_READWRITE" behavior="Normal" target="MPR.dll.WNetCancelConnectionA"/>
<vm_protect targetpid="2520" wantedaddress="&#x24;71A8AE39" address="&#x24;71A8A000" wantedsize="8" size="4096" protect="PAGE_EXECUTE_READ" behavior="Normal" target="MPR.dll.WNetCancelConnectionA"/>
<vm_protect targetpid="2520" wantedaddress="&#x24;71A8928F" address="&#x24;71A89000" wantedsize="8" size="4096" protect="PAGE_EXECUTE_READWRITE" behavior="Normal" target="MPR.dll.WNetCancelConnectionW"/>
<vm_protect targetpid="2520" wantedaddress="&#x24;71A8928F" address="&#x24;71A89000" wantedsize="8" size="4096" protect="PAGE_EXECUTE_READ" behavior="Normal" target="MPR.dll.WNetCancelConnectionW"/>
<vm_protect targetpid="2520" wantedaddress="&#x24;71A84DC2" address="&#x24;71A84000" wantedsize="8" size="4096" protect="PAGE_EXECUTE_READWRITE" behavior="Normal" target="MPR.dll.WNetCancelConnection2A"/>
<vm_protect targetpid="2520" wantedaddress="&#x24;71A84DC2" address="&#x24;71A84000" wantedsize="8" size="4096" protect="PAGE_EXECUTE_READ" behavior="Normal" target="MPR.dll.WNetCancelConnection2A"/>
<vm_protect targetpid="2520" wantedaddress="&#x24;71A84989" address="&#x24;71A84000" wantedsize="8" size="4096" protect="PAGE_EXECUTE_READWRITE" behavior="Normal" target="MPR.dll.WNetCancelConnection2W"/>
<vm_protect targetpid="2520" wantedaddress="&#x24;71A84989" address="&#x24;71A84000" wantedsize="8" size="4096" protect="PAGE_EXECUTE_READ" behavior="Normal" target="MPR.dll.WNetCancelConnection2W"/>
<vm_protect targetpid="2520" wantedaddress="&#x24;71A8B200" address="&#x24;71A8B000" wantedsize="8" size="4096" protect="PAGE_EXECUTE_READWRITE" behavior="Normal" target="MPR.dll.WNetOpenEnumA"/>
<vm_protect targetpid="2520" wantedaddress="&#x24;71A8B200" address="&#x24;71A8B000" wantedsize="8" size="4096" protect="PAGE_EXECUTE_READ" behavior="Normal" target="MPR.dll.WNetOpenEnumA"/>
<vm_protect targetpid="2520" wantedaddress="&#x24;71A83910" address="&#x24;71A83000" wantedsize="8" size="4096" protect="PAGE_EXECUTE_READWRITE" behavior="Normal" target="MPR.dll.WNetOpenEnumW"/>
<vm_protect targetpid="2520" wantedaddress="&#x24;71A83910" address="&#x24;71A83000" wantedsize="8" size="4096" protect="PAGE_EXECUTE_READ" behavior="Normal" target="MPR.dll.WNetOpenEnumW"/>
<load_dll filename="C:\WINDOWS\system32\MPR.dll" successful="1" address="&#x24;71A80000" end_address="&#x24;71A92000" size="73728" filename_hash="0affd0a48f5f137169158083c61cf46454689055"/>
<load_dll filename="C:\WINDOWS\system32\oleaut32.dll" successful="1" address="&#x24;770F0000" end_address="&#x24;7717B000" size="569344" filename_hash="3168a173d177f470928b468db777640861dcb32e"/>
<load_dll filename="C:\WINDOWS\system32\VERSION.dll" successful="1" address="&#x24;77BD0000" end_address="&#x24;77BD8000" size="32768" filename_hash="adf263b658136ccb3cde72d0e6dd634c5a5e5143"/>
<load_dll filename="C:\WINDOWS\system32\kernel32.dll" successful="1" address="&#x24;7C800000" end_address="&#x24;7C908000" size="1081344" filename_hash="c88d57cc99f75cd928b47b6e444231f26670138f"/>
<load_dll filename="C:\WINDOWS\system32\user32.dll" successful="1" address="&#x24;7E360000" end_address="&#x24;7E3F1000" size="593920" filename_hash="08fe9ff1fe9b8fd237adedb10d65fb0447b91fe5"/>
<load_dll filename="C:\WINDOWS\system32\advapi32.dll" successful="1" address="&#x24;77DA0000" end_address="&#x24;77E4A000" size="696320" filename_hash="ea2e9bac1789b53d7efcd675a63f4a2b44898439"/>
<load_dll filename="C:\WINDOWS\system32\WS2_32.dll" successful="1" address="&#x24;71A10000" end_address="&#x24;71A27000" size="94208" filename_hash="7cf3366c68e402eb3678046fe97651a586044560"/>
<create_thread targetpid="2520" threadid="2560" address="&#x24;77DC848A" parameteraddress="&#x24;00000000"/>
<vm_protect targetpid="2520" wantedaddress="&#x24;44200BCA" address="&#x24;44200000" wantedsize="8" size="4096" protect="PAGE_EXECUTE_READWRITE" behavior="Normal" target="WININET.dll.InternetOpenUrlA"/>
<vm_protect targetpid="2520" wantedaddress="&#x24;44200BCA" address="&#x24;44200000" wantedsize="8" size="4096" protect="PAGE_EXECUTE_READ" behavior="Normal" target="WININET.dll.InternetOpenUrlA"/>
<vm_protect targetpid="2520" wantedaddress="&#x24;4424AF69" address="&#x24;4424A000" wantedsize="8" size="4096" protect="PAGE_EXECUTE_READWRITE" behavior="Normal" target="WININET.dll.InternetOpenUrlW"/>
<vm_protect targetpid="2520" wantedaddress="&#x24;4424AF69" address="&#x24;4424A000" wantedsize="8" size="4096" protect="PAGE_EXECUTE_READ" behavior="Normal" target="WININET.dll.InternetOpenUrlW"/>
<vm_protect targetpid="2520" wantedaddress="&#x24;441F4321" address="&#x24;441F4000" wantedsize="8" size="4096" protect="PAGE_EXECUTE_READWRITE" behavior="Normal" target="WININET.dll.HttpOpenRequestA"/>
<vm_protect targetpid="2520" wantedaddress="&#x24;441F4321" address="&#x24;441F4000" wantedsize="8" size="4096" protect="PAGE_EXECUTE_READ" behavior="Normal" target="WININET.dll.HttpOpenRequestA"/>
<vm_protect targetpid="2520" wantedaddress="&#x24;441F5D42" address="&#x24;441F5000" wantedsize="8" size="4096" protect="PAGE_EXECUTE_READWRITE" behavior="Normal" target="WININET.dll.HttpOpenRequestW"/>
<vm_protect targetpid="2520" wantedaddress="&#x24;441F5D42" address="&#x24;441F5000" wantedsize="8" size="4096" protect="PAGE_EXECUTE_READ" behavior="Normal" target="WININET.dll.HttpOpenRequestW"/>
<vm_protect targetpid="2520" wantedaddress="&#x24;441F497A" address="&#x24;441F4000" wantedsize="8" size="4096" protect="PAGE_EXECUTE_READWRITE" behavior="Normal" target="WININET.dll.InternetConnectA"/>
<vm_protect targetpid="2520" wantedaddress="&#x24;441F497A" address="&#x24;441F4000" wantedsize="8" size="4096" protect="PAGE_EXECUTE_READ" behavior="Normal" target="WININET.dll.InternetConnectA"/>
<vm_protect targetpid="2520" wantedaddress="&#x24;441F5B68" address="&#x24;441F5000" wantedsize="8" size="4096" protect="PAGE_EXECUTE_READWRITE" behavior="Normal" target="WININET.dll.InternetConnectW"/>
<vm_protect targetpid="2520" wantedaddress="&#x24;441F5B68" address="&#x24;441F5000" wantedsize="8" size="4096" protect="PAGE_EXECUTE_READ" behavior="Normal" target="WININET.dll.InternetConnectW"/>
<load_dll filename="C:\WINDOWS\system32\wininet.dll" successful="1" address="&#x24;441E0000" end_address="&#x24;442B0000" size="851968" filename_hash="b076c231d541b2dd6665f7040a4695bf12d54e7e"/>
<load_dll filename="C:\WINDOWS\system32\netapi32.dll" successful="1" address="&#x24;597D0000" end_address="&#x24;59825000" size="348160" filename_hash="5e935f90226ff224936edf449f925b647b535917"/>
<load_dll filename="C:\WINDOWS\system32\dnsapi.dll" successful="1" address="&#x24;76EE0000" end_address="&#x24;76F07000" size="159744" filename_hash="3eaf6478c6f14794b05a612d845c1725757beb0b"/>
<create_open_file filetype="file" srcfile="\Device\Tcp" srcfile_hash="hash_error" creationdistribution="OPEN_ALWAYS" desiredaccess="FILE_ANY_ACCESS" shareaccess="FILE_SHARE_READ FILE_SHARE_WRITE" flags="FILE_ATTRIBUTE_NORMAL SECURITY_ANONYMOUS"/>
<create_open_file filetype="file" srcfile="\Device\Ip" srcfile_hash="hash_error" creationdistribution="OPEN_ALWAYS" desiredaccess="FILE_ANY_ACCESS" shareaccess="FILE_SHARE_READ FILE_SHARE_WRITE" flags="FILE_ATTRIBUTE_NORMAL SECURITY_ANONYMOUS"/>
<create_open_file filetype="file" srcfile="\Device\Ip" srcfile_hash="hash_error" creationdistribution="OPEN_ALWAYS" desiredaccess="FILE_ANY_ACCESS FILE_READ_ACCESS FILE_READ_DATA FILE_LIST_DIRECTORY FILE_WRITE_ACCESS FILE_WRITE_DATA FILE_ADD_FILE" shareaccess="FILE_SHARE_READ FILE_SHARE_WRITE" flags="FILE_ATTRIBUTE_NORMAL SECURITY_ANONYMOUS"/>
<open_file filetype="file" srcfile="\\.\Ip" srcfile_hash="hash_error" creationdistribution="OPEN_EXISTING" desiredaccess="FILE_ANY_ACCESS" shareaccess="FILE_SHARE_READ FILE_SHARE_WRITE" flags="FILE_ATTRIBUTE_NORMAL SECURITY_ANONYMOUS"/>
<load_dll filename="C:\WINDOWS\system32\iphlpapi.dll" successful="1" address="&#x24;76D20000" end_address="&#x24;76D39000" size="102400" filename_hash="d1b9eede5a4650dc577abc73d81b948a45a36830"/>
<load_dll filename="C:\WINDOWS\system32\MPR.dll" successful="1" address="&#x24;71A80000" end_address="&#x24;71A92000" size="73728" filename_hash="0affd0a48f5f137169158083c61cf46454689055"/>
<load_dll filename="C:\WINDOWS\system32\SHELL32.dll" successful="1" address="&#x24;7E670000" end_address="&#x24;7EE91000" size="8523776" filename_hash="bbe9d57955e5d348e664b72faf331a7b9d722d0c"/>
<load_dll filename="C:\WINDOWS\system32\psapi.dll" successful="1" address="&#x24;76BB0000" end_address="&#x24;76BBB000" size="45056" filename_hash="b31a80d13c4e9dc5409f43c1b146ed2ff6df3f1b"/>
<load_dll filename="C:\WINDOWS\system32\pstorec.dll" successful="1" address="&#x24;5E490000" end_address="&#x24;5E49D000" size="53248" filename_hash="8ae378a352c4a13516bf1fe5a8615d8893d2ff2d"/>
<load_dll filename="C:\WINDOWS\system32\userenv.dll" successful="1" address="&#x24;76620000" end_address="&#x24;766D6000" size="745472" filename_hash="c7264e1fe77ea0e6d615077dd7cc6cc06aaa02cd"/>
<load_dll filename="C:\WINDOWS\system32\SHLWAPI.dll" successful="1" address="&#x24;77F40000" end_address="&#x24;77FB6000" size="483328" filename_hash="a9245beec2e139b31cd3b65e0f0e4804c030e639"/>
<get_username tokenhandle="0"/>
<get_computer_name/>
<open_key key="HKEY_LOCAL_MACHINE\SOFTWARE\VMware, Inc.\VMware Tools"/>
<open_file filetype="file" srcfile="\\.\NTICE" srcfile_hash="hash_error" creationdistribution="OPEN_EXISTING" desiredaccess="FILE_ANY_ACCESS" shareaccess="FILE_SHARE_READ FILE_SHARE_WRITE" flags="FILE_ATTRIBUTE_NORMAL SECURITY_ANONYMOUS"/>
<check_for_debugger apifunction="IsDebuggerPresent"/>
<get_file_attributes filetype="file" srcfile="C:\WINDOWS\Fonts\wmsncs.exe" srcfile_hash="hash_error" desiredaccess="FILE_ANY_ACCESS" flags="SECURITY_ANONYMOUS"/>
<copy_file filetype="file" srcfile="c:\ee82b62da98101400caad096dad86d6d.EX" srcfile_hash="hash_error" dstfile="C:\WINDOWS\Fonts\wmsncs.exe" dstfile_hash="hash_error" creationdistribution="CREATE_ALWAYS" desiredaccess="FILE_ANY_ACCESS" flags="SECURITY_ANONYMOUS"/>
<get_windows_directory/>
<open_key key="HKEY_LOCAL_MACHINE\SOFTWARE\Microsoft\Windows NT\CurrentVersion\Winlogon"/>
<query_value key="HKEY_LOCAL_MACHINE\SOFTWARE\Microsoft\Windows NT\CurrentVersion\Winlogon" value="Shell"/>
<open_file filetype="file" srcfile="C:\WINDOWSExplorer.exe" srcfile_hash="hash_error" creationdistribution="OPEN_EXISTING" desiredaccess="FILE_ANY_ACCESS" shareaccess="FILE_SHARE_READ" flags="FILE_ATTRIBUTE_NORMAL SECURITY_ANONYMOUS"/>
<set_file_attributes filetype="file" srcfile="C:\WINDOWS\Fonts\wmsncs.exe" srcfile_hash="hash_error" desiredaccess="FILE_ANY_ACCESS" flags="FILE_ATTRIBUTE_HIDDEN FILE_ATTRIBUTE_READONLY FILE_ATTRIBUTE_SYSTEM SECURITY_ANONYMOUS"/>
<open_key key="HKEY_LOCAL_MACHINE\SOFTWARE\\Microsoft\\Windows\\CurrentVersion\\Shell Extensions"/>
<set_value key="HKEY_LOCAL_MACHINE\SOFTWARE\Microsoft\Windows\CurrentVersion\Shell Extensions" value="MSMELT" data="c:\ee82b62da98101400caad096dad86d6d.EX"/>
<open_scmanager servicename="SCM" desiredaccess="SERVICE_ALL_ACCESS"/>
<create_service servicename="NET Runtime Optimization Service v2.1.41329_X86" displayname="NET Runtime Optimization Service v2.1.41329_X86" filename="&#x22;C:\WINDOWS\Fonts\wmsncs.exe&#x22;" filename_hash="hash_error" starttype="SERVICE_AUTO_START" servicetype="SERVICE_WIN32_OWN_PROCESS SERVICE_INTERACTIVE_PROCESS" desiredaccess="SERVICE_ALL_ACCESS"/>
<open_scmanager servicename="SCM" desiredaccess="SERVICE_ALL_ACCESS"/>
<open_service servicename="NET Runtime Optimization Service v2.1.41329_X86" desiredaccess="SERVICE_ALL_ACCESS"/>
<change_service_config servicename="NET Runtime Optimization Service v2.1.41329_X86" starttype="SERVICE_NO_CHANGE" desiredaccess="SERVICE_ALL_ACCESS"/>
<change_service_config servicename="NET Runtime Optimization Service v2.1.41329_X86" displayname="Enables NET Support issued by Windows based programs and components. This service cannot be stopped." starttype="SERVICE_NO_CHANGE" desiredaccess="SERVICE_ALL_ACCESS"/>
<open_scmanager servicename="SCM" desiredaccess="SERVICE_ALL_ACCESS"/>
<open_service servicename="NET Runtime Optimization Service v2.1.41329_X86" desiredaccess="SERVICE_ALL_ACCESS"/>
<start_service servicename="NET Runtime Optimization Service v2.1.41329_X86" desiredaccess="SERVICE_ALL_ACCESS"/>
<kill_process targetpid="2520" apifunction="NtTerminateProcess"/>
</all_section>
</thread>
</process>
<process index="2" pid="756" filename="C:\WINDOWS\system32\services.exe" filename_hash="de3701d2c03d9ae29b2d87eccafbbcadf1bfb7e3" filesize="111104" md5="a3edbe9053889fb24ab22492472b39dc" sha1="7153d4d113c47379fb57aad4918a2f2a64f0c9ee" username="SYSTEM" parentindex="0" starttime="00:04.500" terminationtime="01:10.250" startreason="SCM" terminationreason="Timeout" executionstatus="OK">
</process>
</processes>
