<?xml version="1.0"?>
<processes>
<process index="1" pid="2512" filename="c:\cc8624609707f3f9b9198172c9000f7a.EX" filename_hash="hash_error" filesize="51200" md5="cc8624609707f3f9b9198172c9000f7a" sha1="03cef9862394e631c9b0896adee4b45a910688da" username="Administrator" parentindex="0" starttime="00:01.843" terminationtime="00:29.750" startreason="AnalysisTarget" terminationreason="NormalTermination" executionstatus="OK" applicationtype="Win32Application">
<thread tid="2516">
<all_section>
<load_image filename="c:\cc8624609707f3f9b9198172c9000f7a.EX" successful="1" address="&#x24;400000" end_address="&#x24;415000" size="86016" filename_hash="hash_error"/>
<load_dll filename="C:\WINDOWS\system32\ntdll.dll" successful="1" address="&#x24;7C910000" end_address="&#x24;7C9C9000" size="757760" filename_hash="e753d19a2e3b98b2b3b8f02f276092096d10f22d"/>
<load_dll filename="C:\WINDOWS\system32\kernel32.dll" successful="1" address="&#x24;7C800000" end_address="&#x24;7C908000" size="1081344" filename_hash="c88d57cc99f75cd928b47b6e444231f26670138f"/>
<load_dll filename="C:\WINDOWS\system32\WINMM.dll" successful="1" address="&#x24;76AF0000" end_address="&#x24;76B1E000" size="188416" filename_hash="51f42782acdc790e4cabf402d71ef0fe24f9ad1b"/>
<load_dll filename="C:\WINDOWS\system32\ADVAPI32.dll" successful="1" address="&#x24;77DA0000" end_address="&#x24;77E4A000" size="696320" filename_hash="ea2e9bac1789b53d7efcd675a63f4a2b44898439"/>
<load_dll filename="C:\WINDOWS\system32\RPCRT4.dll" successful="1" address="&#x24;77E50000" end_address="&#x24;77EE2000" size="598016" filename_hash="f3bb6474ec18ee9cccc02ef44510a78b42058a41"/>
<load_dll filename="C:\WINDOWS\system32\Secur32.dll" successful="1" address="&#x24;77FC0000" end_address="&#x24;77FD1000" size="69632" filename_hash="31166d1e35a911a082149f5efac2dac228109615"/>
<load_dll filename="C:\WINDOWS\system32\GDI32.dll" successful="1" address="&#x24;77EF0000" end_address="&#x24;77F39000" size="299008" filename_hash="0f37018f672c7635691f7317ade3c5a63904ec96"/>
<load_dll filename="C:\WINDOWS\system32\USER32.dll" successful="1" address="&#x24;7E360000" end_address="&#x24;7E3F1000" size="593920" filename_hash="08fe9ff1fe9b8fd237adedb10d65fb0447b91fe5"/>
<load_dll filename="C:\WINDOWS\system32\comdlg32.dll" successful="1" address="&#x24;76350000" end_address="&#x24;7639A000" size="303104" filename_hash="097776790214f0f3489f749be018c84f2dc929d2"/>
<load_dll filename="C:\WINDOWS\system32\COMCTL32.dll" successful="1" address="&#x24;5D450000" end_address="&#x24;5D4EA000" size="630784" filename_hash="ba126572bcb4ac594a3c37e2ac86db40b173878d"/>
<load_dll filename="C:\WINDOWS\system32\SHELL32.dll" successful="1" address="&#x24;7E670000" end_address="&#x24;7EE91000" size="8523776" filename_hash="bbe9d57955e5d348e664b72faf331a7b9d722d0c"/>
<load_dll filename="C:\WINDOWS\system32\msvcrt.dll" successful="1" address="&#x24;77BE0000" end_address="&#x24;77C38000" size="360448" filename_hash="70d5f97088cc9348bb9d10098af0738a696b96de"/>
<load_dll filename="C:\WINDOWS\system32\SHLWAPI.dll" successful="1" address="&#x24;77F40000" end_address="&#x24;77FB6000" size="483328" filename_hash="a9245beec2e139b31cd3b65e0f0e4804c030e639"/>
<load_dll filename="C:\WINDOWS\system32\IMM32.DLL" successful="1" address="&#x24;76330000" end_address="&#x24;7634D000" size="118784" filename_hash="f9be7678080084bc3cb48d0cb64bba9ba98800f1"/>
<load_dll filename="C:\WINDOWS\WinSxS\x86_Microsoft.Windows.Common-Controls_6595b64144ccf1df_6.0.2600.5512_x-ww_35d4ce83\" successful="1" address="&#x24;773A0000" end_address="&#x24;774A3000" size="1060864" filename_hash="hash_error"/>
<load_dll filename="C:\WINDOWS\system32\oleaut32.dll" successful="1" address="&#x24;770F0000" end_address="&#x24;7717B000" size="569344" filename_hash="3168a173d177f470928b468db777640861dcb32e"/>
<load_dll filename="C:\WINDOWS\system32\ole32.dll" successful="1" address="&#x24;774B0000" end_address="&#x24;775ED000" size="1298432" filename_hash="c7753525d5276ab92a01a8a3c39cfb5269da7f98"/>
<load_dll filename="C:\WINDOWS\system32\pstorec.dll" successful="1" address="&#x24;5E490000" end_address="&#x24;5E49D000" size="53248" filename_hash="8ae378a352c4a13516bf1fe5a8615d8893d2ff2d"/>
<load_dll filename="C:\WINDOWS\system32\ATL.DLL" successful="1" address="&#x24;76AD0000" end_address="&#x24;76AE1000" size="69632" filename_hash="59cb82f432d529da3e81b030b2365c22a95fd35a"/>
<check_for_debugger apifunction="IsDebuggerPresent"/>
<load_dll filename="C:\WINDOWS\system32\uxtheme.dll" successful="1" address="&#x24;5B0F0000" end_address="&#x24;5B128000" size="229376" filename_hash="16c4d24a172bfbc67f488d6b4086b9e10f8eaf4b"/>
<create_thread targetpid="2512" threadid="2552" address="&#x24;77DC848A" parameteraddress="&#x24;00000000"/>
<vm_protect targetpid="2512" wantedaddress="&#x24;44200BCA" address="&#x24;44200000" wantedsize="8" size="4096" protect="PAGE_EXECUTE_READWRITE" behavior="Normal" target="WININET.dll.InternetOpenUrlA"/>
<vm_protect targetpid="2512" wantedaddress="&#x24;44200BCA" address="&#x24;44200000" wantedsize="8" size="4096" protect="PAGE_EXECUTE_READ" behavior="Normal" target="WININET.dll.InternetOpenUrlA"/>
<vm_protect targetpid="2512" wantedaddress="&#x24;4424AF69" address="&#x24;4424A000" wantedsize="8" size="4096" protect="PAGE_EXECUTE_READWRITE" behavior="Normal" target="WININET.dll.InternetOpenUrlW"/>
<vm_protect targetpid="2512" wantedaddress="&#x24;4424AF69" address="&#x24;4424A000" wantedsize="8" size="4096" protect="PAGE_EXECUTE_READ" behavior="Normal" target="WININET.dll.InternetOpenUrlW"/>
<vm_protect targetpid="2512" wantedaddress="&#x24;441F4321" address="&#x24;441F4000" wantedsize="8" size="4096" protect="PAGE_EXECUTE_READWRITE" behavior="Normal" target="WININET.dll.HttpOpenRequestA"/>
<vm_protect targetpid="2512" wantedaddress="&#x24;441F4321" address="&#x24;441F4000" wantedsize="8" size="4096" protect="PAGE_EXECUTE_READ" behavior="Normal" target="WININET.dll.HttpOpenRequestA"/>
<vm_protect targetpid="2512" wantedaddress="&#x24;441F5D42" address="&#x24;441F5000" wantedsize="8" size="4096" protect="PAGE_EXECUTE_READWRITE" behavior="Normal" target="WININET.dll.HttpOpenRequestW"/>
<vm_protect targetpid="2512" wantedaddress="&#x24;441F5D42" address="&#x24;441F5000" wantedsize="8" size="4096" protect="PAGE_EXECUTE_READ" behavior="Normal" target="WININET.dll.HttpOpenRequestW"/>
<vm_protect targetpid="2512" wantedaddress="&#x24;441F497A" address="&#x24;441F4000" wantedsize="8" size="4096" protect="PAGE_EXECUTE_READWRITE" behavior="Normal" target="WININET.dll.InternetConnectA"/>
<vm_protect targetpid="2512" wantedaddress="&#x24;441F497A" address="&#x24;441F4000" wantedsize="8" size="4096" protect="PAGE_EXECUTE_READ" behavior="Normal" target="WININET.dll.InternetConnectA"/>
<vm_protect targetpid="2512" wantedaddress="&#x24;441F5B68" address="&#x24;441F5000" wantedsize="8" size="4096" protect="PAGE_EXECUTE_READWRITE" behavior="Normal" target="WININET.dll.InternetConnectW"/>
<vm_protect targetpid="2512" wantedaddress="&#x24;441F5B68" address="&#x24;441F5000" wantedsize="8" size="4096" protect="PAGE_EXECUTE_READ" behavior="Normal" target="WININET.dll.InternetConnectW"/>
<load_dll filename="C:\WINDOWS\system32\WININET.dll" successful="1" address="&#x24;441E0000" end_address="&#x24;442B0000" size="851968" filename_hash="b076c231d541b2dd6665f7040a4695bf12d54e7e"/>
<load_dll filename="C:\WINDOWS\system32\SHLWAPI.dll" successful="1" address="&#x24;77F40000" end_address="&#x24;77FB6000" size="483328" filename_hash="a9245beec2e139b31cd3b65e0f0e4804c030e639"/>
<load_dll filename="C:\WINDOWS\system32\kernel32.dll" successful="1" address="&#x24;7C800000" end_address="&#x24;7C908000" size="1081344" filename_hash="c88d57cc99f75cd928b47b6e444231f26670138f"/>
<load_dll filename="C:\WINDOWS\system32\ADVAPI32.dll" successful="1" address="&#x24;77DA0000" end_address="&#x24;77E4A000" size="696320" filename_hash="ea2e9bac1789b53d7efcd675a63f4a2b44898439"/>
<get_system_directory/>
<open_file filetype="file" srcfile="C:\WINDOWS\system32\drivers\etc\hosts" srcfile_hash="c75d4c6e53a497c4dc1df1f50bbef08ac625a3d8" creationdistribution="OPEN_EXISTING" desiredaccess="FILE_ANY_ACCESS FILE_READ_ACCESS FILE_READ_DATA FILE_LIST_DIRECTORY" shareaccess="FILE_SHARE_READ" flags="FILE_ATTRIBUTE_NORMAL SECURITY_ANONYMOUS"/>
<load_dll filename="C:\WINDOWS\system32\WININET.dll" successful="1" address="&#x24;441E0000" end_address="&#x24;442B0000" size="851968" filename_hash="b076c231d541b2dd6665f7040a4695bf12d54e7e"/>
<create_thread targetpid="2512" threadid="2564" address="&#x24;7C937EDB" parameteraddress="&#x24;00000000"/>
<create_thread targetpid="2512" threadid="2568" address="&#x24;7C920250" parameteraddress="&#x24;00000000"/>
<load_dll filename="C:\WINDOWS\WinSxS\x86_Microsoft.Windows.Common-Controls_6595b64144ccf1df_6.0.2600.5512_x-ww_35d4ce83\" successful="1" address="&#x24;773A0000" end_address="&#x24;774A3000" size="1060864" filename_hash="hash_error"/>
<load_dll filename="C:\WINDOWS\system32\RASAPI32.dll" successful="1" address="&#x24;76EA0000" end_address="&#x24;76EDC000" size="245760" filename_hash="2b764e033d62d37765392a55774c44d8d6e9414f"/>
<create_mutex name="RasPbFile" owned="0"/>
<open_mutex name="RasPbFile" owned="1"/>
<vm_protect targetpid="2512" wantedaddress="&#x24;5980808D" address="&#x24;59808000" wantedsize="8" size="4096" protect="PAGE_EXECUTE_READWRITE" behavior="Normal" target="NETAPI32.dll.NetScheduleJobAdd"/>
<vm_protect targetpid="2512" wantedaddress="&#x24;5980808D" address="&#x24;59808000" wantedsize="8" size="4096" protect="PAGE_EXECUTE_READ" behavior="Normal" target="NETAPI32.dll.NetScheduleJobAdd"/>
<vm_protect targetpid="2512" wantedaddress="&#x24;59804604" address="&#x24;59804000" wantedsize="8" size="4096" protect="PAGE_EXECUTE_READWRITE" behavior="Normal" target="NETAPI32.dll.NetUserAdd"/>
<vm_protect targetpid="2512" wantedaddress="&#x24;59804604" address="&#x24;59804000" wantedsize="8" size="4096" protect="PAGE_EXECUTE_READ" behavior="Normal" target="NETAPI32.dll.NetUserAdd"/>
<vm_protect targetpid="2512" wantedaddress="&#x24;598049E5" address="&#x24;59804000" wantedsize="8" size="4096" protect="PAGE_EXECUTE_READWRITE" behavior="Normal" target="NETAPI32.dll.NetUserEnum"/>
<vm_protect targetpid="2512" wantedaddress="&#x24;598049E5" address="&#x24;59804000" wantedsize="8" size="4096" protect="PAGE_EXECUTE_READ" behavior="Normal" target="NETAPI32.dll.NetUserEnum"/>
<vm_protect targetpid="2512" wantedaddress="&#x24;597E0F78" address="&#x24;597E0000" wantedsize="8" size="4096" protect="PAGE_EXECUTE_READWRITE" behavior="Normal" target="NETAPI32.dll.NetShareAdd"/>
<vm_protect targetpid="2512" wantedaddress="&#x24;597E0F78" address="&#x24;597E0000" wantedsize="8" size="4096" protect="PAGE_EXECUTE_READ" behavior="Normal" target="NETAPI32.dll.NetShareAdd"/>
<vm_protect targetpid="2512" wantedaddress="&#x24;59813AE9" address="&#x24;59813000" wantedsize="8" size="4096" protect="PAGE_EXECUTE_READWRITE" behavior="Normal" target="NETAPI32.dll.NetShareEnumSticky"/>
<vm_protect targetpid="2512" wantedaddress="&#x24;59813AE9" address="&#x24;59813000" wantedsize="8" size="4096" protect="PAGE_EXECUTE_READ" behavior="Normal" target="NETAPI32.dll.NetShareEnumSticky"/>
<vm_protect targetpid="2512" wantedaddress="&#x24;597E1048" address="&#x24;597E1000" wantedsize="8" size="4096" protect="PAGE_EXECUTE_READWRITE" behavior="Normal" target="NETAPI32.dll.NetShareDel"/>
<vm_protect targetpid="2512" wantedaddress="&#x24;597E1048" address="&#x24;597E1000" wantedsize="8" size="4096" protect="PAGE_EXECUTE_READ" behavior="Normal" target="NETAPI32.dll.NetShareDel"/>
<vm_protect targetpid="2512" wantedaddress="&#x24;59813A01" address="&#x24;59813000" wantedsize="8" size="4096" protect="PAGE_EXECUTE_READWRITE" behavior="Normal" target="NETAPI32.dll.NetShareDelSticky"/>
<vm_protect targetpid="2512" wantedaddress="&#x24;59813A01" address="&#x24;59813000" wantedsize="8" size="4096" protect="PAGE_EXECUTE_READ" behavior="Normal" target="NETAPI32.dll.NetShareDelSticky"/>
<load_dll filename="C:\WINDOWS\system32\SHELL32.dll" successful="1" address="&#x24;7E670000" end_address="&#x24;7EE91000" size="8523776" filename_hash="bbe9d57955e5d348e664b72faf331a7b9d722d0c"/>
<load_dll filename="C:\WINDOWS\system32\USERENV.dll" successful="1" address="&#x24;76620000" end_address="&#x24;766D6000" size="745472" filename_hash="c7264e1fe77ea0e6d615077dd7cc6cc06aaa02cd"/>
<get_computer_name/>
<impersonate_user user="Administrator" tokenhandle="1628"/>
<open_file filetype="namedpipe" srcfile="\\.\PIPE\lsarpc" creationdistribution="OPEN_EXISTING" desiredaccess="FILE_ANY_ACCESS" shareaccess="FILE_SHARE_READ FILE_SHARE_WRITE" flags="SECURITY_ANONYMOUS"/>
<load_dll filename="C:\WINDOWS\system32\NETAPI32.dll" successful="1" address="&#x24;597D0000" end_address="&#x24;59825000" size="348160" filename_hash="5e935f90226ff224936edf449f925b647b535917"/>
<open_file filetype="namedpipe" srcfile="\\.\PIPE\lsarpc" creationdistribution="OPEN_EXISTING" desiredaccess="FILE_ANY_ACCESS" shareaccess="FILE_SHARE_READ FILE_SHARE_WRITE" flags="SECURITY_ANONYMOUS"/>
<get_file_attributes filetype="file" srcfile="c:\autoexec.bat" srcfile_hash="hash_error" desiredaccess="FILE_ANY_ACCESS" flags="SECURITY_ANONYMOUS"/>
<open_file filetype="file" srcfile="c:\autoexec.bat" srcfile_hash="hash_error" creationdistribution="OPEN_EXISTING" desiredaccess="FILE_ANY_ACCESS" shareaccess="FILE_SHARE_READ" flags="FILE_ATTRIBUTE_NORMAL SECURITY_ANONYMOUS"/>
<find_file filetype="file" srcfile="C:\Dokumente und Einstellungen\All Users\Anwendungsdaten\Microsoft\Network\Connections\Pbk\&#x2A;.pbk" srcfile_hash="hash_error" desiredaccess="FILE_ANY_ACCESS" flags="SECURITY_ANONYMOUS"/>
<get_system_directory/>
<find_file filetype="file" srcfile="C:\WINDOWS\system32\Ras\&#x2A;.pbk" srcfile_hash="hash_error" desiredaccess="FILE_ANY_ACCESS" flags="SECURITY_ANONYMOUS"/>
<get_computer_name/>
<impersonate_user user="Administrator" tokenhandle="1648"/>
<open_file filetype="namedpipe" srcfile="\\.\PIPE\lsarpc" creationdistribution="OPEN_EXISTING" desiredaccess="FILE_ANY_ACCESS" shareaccess="FILE_SHARE_READ FILE_SHARE_WRITE" flags="SECURITY_ANONYMOUS"/>
<get_file_attributes filetype="file" srcfile="c:\autoexec.bat" srcfile_hash="hash_error" desiredaccess="FILE_ANY_ACCESS" flags="SECURITY_ANONYMOUS"/>
<open_file filetype="file" srcfile="c:\autoexec.bat" srcfile_hash="hash_error" creationdistribution="OPEN_EXISTING" desiredaccess="FILE_ANY_ACCESS" shareaccess="FILE_SHARE_READ" flags="FILE_ATTRIBUTE_NORMAL SECURITY_ANONYMOUS"/>
<find_file filetype="file" srcfile="C:\Dokumente und Einstellungen\Administrator\Anwendungsdaten\Microsoft\Network\Connections\Pbk\&#x2A;.pbk" srcfile_hash="hash_error" desiredaccess="FILE_ANY_ACCESS" flags="SECURITY_ANONYMOUS"/>
<open_scmanager servicename="SCM" desiredaccess="SERVICE_ALL_ACCESS"/>
<open_file filetype="namedpipe" srcfile="\\.\PIPE\lsarpc" creationdistribution="OPEN_EXISTING" desiredaccess="FILE_ANY_ACCESS" shareaccess="FILE_SHARE_READ FILE_SHARE_WRITE" flags="SECURITY_ANONYMOUS"/>
<find_file filetype="file" srcfile="C:\Dokumente und Einstellungen\All Users\Anwendungsdaten\Microsoft\Network\Connections\Pbk\&#x2A;.pbk" srcfile_hash="hash_error" desiredaccess="FILE_ANY_ACCESS" flags="SECURITY_ANONYMOUS"/>
<get_system_directory/>
<find_file filetype="file" srcfile="C:\WINDOWS\system32\Ras\&#x2A;.pbk" srcfile_hash="hash_error" desiredaccess="FILE_ANY_ACCESS" flags="SECURITY_ANONYMOUS"/>
<get_computer_name/>
<impersonate_user user="Administrator" tokenhandle="1704"/>
<open_file filetype="namedpipe" srcfile="\\.\PIPE\lsarpc" creationdistribution="OPEN_EXISTING" desiredaccess="FILE_ANY_ACCESS" shareaccess="FILE_SHARE_READ FILE_SHARE_WRITE" flags="SECURITY_ANONYMOUS"/>
<get_file_attributes filetype="file" srcfile="c:\autoexec.bat" srcfile_hash="hash_error" desiredaccess="FILE_ANY_ACCESS" flags="SECURITY_ANONYMOUS"/>
<open_file filetype="file" srcfile="c:\autoexec.bat" srcfile_hash="hash_error" creationdistribution="OPEN_EXISTING" desiredaccess="FILE_ANY_ACCESS" shareaccess="FILE_SHARE_READ" flags="FILE_ATTRIBUTE_NORMAL SECURITY_ANONYMOUS"/>
<find_file filetype="file" srcfile="C:\Dokumente und Einstellungen\Administrator\Anwendungsdaten\Microsoft\Network\Connections\Pbk\&#x2A;.pbk" srcfile_hash="hash_error" desiredaccess="FILE_ANY_ACCESS" flags="SECURITY_ANONYMOUS"/>
<vm_protect targetpid="2512" wantedaddress="&#x24;4530776D" address="&#x24;45307000" wantedsize="8" size="4096" protect="PAGE_EXECUTE_READWRITE" behavior="Normal"/>
<vm_protect targetpid="2512" wantedaddress="&#x24;4530776D" address="&#x24;45307000" wantedsize="8" size="4096" protect="PAGE_EXECUTE_READ" behavior="Normal"/>
<vm_protect targetpid="2512" wantedaddress="&#x24;45367BF5" address="&#x24;45367000" wantedsize="8" size="4096" protect="PAGE_EXECUTE_READWRITE" behavior="Normal"/>
<vm_protect targetpid="2512" wantedaddress="&#x24;45367BF5" address="&#x24;45367000" wantedsize="8" size="4096" protect="PAGE_EXECUTE_READ" behavior="Normal"/>
<vm_protect targetpid="2512" wantedaddress="&#x24;45367810" address="&#x24;45367000" wantedsize="8" size="4096" protect="PAGE_EXECUTE_READWRITE" behavior="Normal"/>
<vm_protect targetpid="2512" wantedaddress="&#x24;45367810" address="&#x24;45367000" wantedsize="8" size="4096" protect="PAGE_EXECUTE_READ" behavior="Normal"/>
<vm_protect targetpid="2512" wantedaddress="&#x24;4536785A" address="&#x24;45367000" wantedsize="8" size="4096" protect="PAGE_EXECUTE_READWRITE" behavior="Normal"/>
<vm_protect targetpid="2512" wantedaddress="&#x24;4536785A" address="&#x24;45367000" wantedsize="8" size="4096" protect="PAGE_EXECUTE_READ" behavior="Normal"/>
<vm_protect targetpid="2512" wantedaddress="&#x24;45367760" address="&#x24;45367000" wantedsize="8" size="4096" protect="PAGE_EXECUTE_READWRITE" behavior="Normal"/>
<vm_protect targetpid="2512" wantedaddress="&#x24;45367760" address="&#x24;45367000" wantedsize="8" size="4096" protect="PAGE_EXECUTE_READ" behavior="Normal"/>
<vm_protect targetpid="2512" wantedaddress="&#x24;453678F5" address="&#x24;45367000" wantedsize="8" size="4096" protect="PAGE_EXECUTE_READWRITE" behavior="Normal"/>
<vm_protect targetpid="2512" wantedaddress="&#x24;453678F5" address="&#x24;45367000" wantedsize="8" size="4096" protect="PAGE_EXECUTE_READ" behavior="Normal"/>
<vm_protect targetpid="2512" wantedaddress="&#x24;453677AA" address="&#x24;45367000" wantedsize="8" size="4096" protect="PAGE_EXECUTE_READWRITE" behavior="Normal"/>
<vm_protect targetpid="2512" wantedaddress="&#x24;453677AA" address="&#x24;45367000" wantedsize="8" size="4096" protect="PAGE_EXECUTE_READ" behavior="Normal"/>
<vm_protect targetpid="2512" wantedaddress="&#x24;45367A07" address="&#x24;45367000" wantedsize="8" size="4096" protect="PAGE_EXECUTE_READWRITE" behavior="Normal"/>
<vm_protect targetpid="2512" wantedaddress="&#x24;45367A07" address="&#x24;45367000" wantedsize="8" size="4096" protect="PAGE_EXECUTE_READ" behavior="Normal"/>
<vm_protect targetpid="2512" wantedaddress="&#x24;453149DD" address="&#x24;45314000" wantedsize="8" size="4096" protect="PAGE_EXECUTE_READWRITE" behavior="Normal"/>
<vm_protect targetpid="2512" wantedaddress="&#x24;453149DD" address="&#x24;45314000" wantedsize="8" size="4096" protect="PAGE_EXECUTE_READ" behavior="Normal"/>
<vm_protect targetpid="2512" wantedaddress="&#x24;45367B4B" address="&#x24;45367000" wantedsize="8" size="4096" protect="PAGE_EXECUTE_READWRITE" behavior="Normal"/>
<vm_protect targetpid="2512" wantedaddress="&#x24;45367B4B" address="&#x24;45367000" wantedsize="8" size="4096" protect="PAGE_EXECUTE_READ" behavior="Normal"/>
<open_file filetype="namedpipe" srcfile="\\.\PIPE\lsarpc" creationdistribution="OPEN_EXISTING" desiredaccess="FILE_ANY_ACCESS" shareaccess="FILE_SHARE_READ FILE_SHARE_WRITE" flags="SECURITY_ANONYMOUS"/>
<get_host_by_name socket="0" remote_addr="85.12.43.75" hostname="85.12.43.75" buffer_len="4" successful="1"/>
<open_key key="HKEY_LOCAL_MACHINE\Software\Microsoft\Rpc\SecurityService"/>
<query_value key="HKEY_LOCAL_MACHINE\SOFTWARE\Microsoft\Rpc\SecurityService" value="DefaultAuthLevel"/>
<create_socket socket="1852" socket_type="SOCK_STREAM" successful="1"/>
<bind_socket socket="1852" successful="1"/>
<create_thread targetpid="2512" threadid="2692" address="&#x24;719BD2C6" parameteraddress="&#x24;0015FE28"/>
<connect_socket socket="1852" remote_addr="85.12.43.75" remote_port="80" successful="0" winsock_result="10035"/>
<open_url url="http://85.12.43.75/go/&#x3F;cmp=hstwtch&#x26;ver=8&#x26;d=127.0.0.1&#x2B;localhost;" flags="INTERNET_FLAG_PRAGMA_NOCACHE" successful="0" apifunction="InternetOpenUrlA"/>
<create_key key="HKEY_LOCAL_MACHINE\SOFTWARE\ZLimited"/>
<set_value key="HKEY_LOCAL_MACHINE\SOFTWARE\ZLimited" data="1"/>
<delete_key key="HKEY_LOCAL_MACHINE\SOFTWARE\ZLimited"/>
<create_file filetype="file" srcfile="C:\WINDOWS\system32\drivers\etc\hosts" srcfile_hash="c75d4c6e53a497c4dc1df1f50bbef08ac625a3d8" creationdistribution="CREATE_ALWAYS" desiredaccess="FILE_ANY_ACCESS FILE_WRITE_ACCESS FILE_WRITE_DATA FILE_ADD_FILE" shareaccess="FILE_SHARE_READ" flags="FILE_ATTRIBUTE_NORMAL SECURITY_ANONYMOUS"/>
<kill_process targetpid="2512" apifunction="NtTerminateProcess"/>
<enum_window/>
</all_section>
</thread>
<thread tid="2568">
<all_section>
<load_dll filename="C:\WINDOWS\system32\rtutils.dll" successful="1" address="&#x24;76E40000" end_address="&#x24;76E4E000" size="57344" filename_hash="1878db387ed7e53ffd7b8150c26ddaf51560c447"/>
<load_dll filename="C:\WINDOWS\system32\rasman.dll" successful="1" address="&#x24;76E50000" end_address="&#x24;76E62000" size="73728" filename_hash="ab8ead1ea84aec88420d0536d67c522080baf1c5"/>
<open_scmanager servicename="SCM" desiredaccess="SERVICE_ALL_ACCESS"/>
<open_service servicename="RASMAN" desiredaccess="SERVICE_ALL_ACCESS"/>
<get_computer_name/>
<open_file filetype="namedpipe" srcfile="\\.\PIPE\ROUTER" creationdistribution="OPEN_EXISTING" desiredaccess="FILE_ANY_ACCESS" shareaccess="FILE_SHARE_READ FILE_SHARE_WRITE" flags="SECURITY_ANONYMOUS"/>
<open_key key="HKEY_LOCAL_MACHINE\Software\Microsoft\Rpc\SecurityService"/>
<query_value key="HKEY_LOCAL_MACHINE\SOFTWARE\Microsoft\Rpc\SecurityService" value="10"/>
<load_dll filename="C:\WINDOWS\system32\Secur32.dll" successful="1" address="&#x24;77FC0000" end_address="&#x24;77FD1000" size="69632" filename_hash="31166d1e35a911a082149f5efac2dac228109615"/>
<open_key key="HKEY_LOCAL_MACHINE\System\CurrentControlSet\Control\SecurityProviders"/>
<query_value key="HKEY_LOCAL_MACHINE\SYSTEM\ControlSet001\Control\SecurityProviders" value="SecurityProviders"/>
<get_computer_name/>
<vm_protect targetpid="2512" wantedaddress="&#x24;59804808" address="&#x24;59804000" wantedsize="8" size="4096" protect="PAGE_EXECUTE_READWRITE" behavior="Normal" target="NETAPI32.dll.NetUserDel"/>
<vm_protect targetpid="2512" wantedaddress="&#x24;59804808" address="&#x24;59804000" wantedsize="8" size="4096" protect="PAGE_EXECUTE_READ" behavior="Normal" target="NETAPI32.dll.NetUserDel"/>
<vm_protect targetpid="2512" wantedaddress="&#x24;597DACC9" address="&#x24;597DA000" wantedsize="8" size="4096" protect="PAGE_EXECUTE_READWRITE" behavior="Normal" target="NETAPI32.dll.NetUserGetInfo"/>
<vm_protect targetpid="2512" wantedaddress="&#x24;597DACC9" address="&#x24;597DA000" wantedsize="8" size="4096" protect="PAGE_EXECUTE_READ" behavior="Normal" target="NETAPI32.dll.NetUserGetInfo"/>
<vm_protect targetpid="2512" wantedaddress="&#x24;597D9115" address="&#x24;597D9000" wantedsize="8" size="4096" protect="PAGE_EXECUTE_READWRITE" behavior="Normal" target="NETAPI32.dll.NetShareEnum"/>
<vm_protect targetpid="2512" wantedaddress="&#x24;597D9115" address="&#x24;597D9000" wantedsize="8" size="4096" protect="PAGE_EXECUTE_READ" behavior="Normal" target="NETAPI32.dll.NetShareEnum"/>
<load_dll filename="C:\WINDOWS\system32\msapsspc.dll" successful="1" address="&#x24;71DD0000" end_address="&#x24;71DE5000" size="86016" filename_hash="6ae0e3be35e8101001344cc216761c8a05ed4058"/>
<open_key key="HKEY_LOCAL_MACHINE\SYSTEM\CurrentControlSet\Services\crypt32\Performance"/>
<load_dll filename="C:\WINDOWS\system32\ADVAPI32.dll" successful="1" address="&#x24;77DA0000" end_address="&#x24;77E4A000" size="696320" filename_hash="ea2e9bac1789b53d7efcd675a63f4a2b44898439"/>
<load_dll filename="C:\WINDOWS\system32\kernel32.dll" successful="1" address="&#x24;7C800000" end_address="&#x24;7C908000" size="1081344" filename_hash="c88d57cc99f75cd928b47b6e444231f26670138f"/>
<load_dll filename="C:\WINDOWS\system32\ADVAPI32.dll" successful="1" address="&#x24;77DA0000" end_address="&#x24;77E4A000" size="696320" filename_hash="ea2e9bac1789b53d7efcd675a63f4a2b44898439"/>
<open_key key="HKEY_LOCAL_MACHINE\SOFTWARE\Microsoft\Windows NT\CurrentVersion\msasn1"/>
<load_dll filename="C:\WINDOWS\system32\schannel.dll" successful="1" address="&#x24;767A0000" end_address="&#x24;767C7000" size="159744" filename_hash="5e77ce8bddeabb1da0cf071c5d89cffa20dca320"/>
<load_dll filename="C:\WINDOWS\system32\digest.dll" successful="1" address="&#x24;76230000" end_address="&#x24;76245000" size="86016" filename_hash="57c470b423ac9d8db9ad8e3a28c45cf8f86f329e"/>
<get_computer_name/>
<load_dll filename="C:\WINDOWS\system32\msnsspc.dll" successful="1" address="&#x24;74D60000" end_address="&#x24;74DA7000" size="290816" filename_hash="0f40373b80077964654f1cc826106fdd2ede0e58"/>
<open_key key="HKEY_LOCAL_MACHINE\System\CurrentControlSet\Control\Lsa\SspiCache"/>
<open_key key="HKEY_LOCAL_MACHINE\SYSTEM\ControlSet001\Control\Lsa\SspiCache\msapsspc.dll"/>
<query_value key="HKEY_LOCAL_MACHINE\SYSTEM\ControlSet001\Control\Lsa\SspiCache\msapsspc.dll" value="Name"/>
<query_value key="HKEY_LOCAL_MACHINE\SYSTEM\ControlSet001\Control\Lsa\SspiCache\msapsspc.dll" value="Comment"/>
<query_value key="HKEY_LOCAL_MACHINE\SYSTEM\ControlSet001\Control\Lsa\SspiCache\msapsspc.dll" value="Capabilities"/>
<query_value key="HKEY_LOCAL_MACHINE\SYSTEM\ControlSet001\Control\Lsa\SspiCache\msapsspc.dll" value="RpcId"/>
<query_value key="HKEY_LOCAL_MACHINE\SYSTEM\ControlSet001\Control\Lsa\SspiCache\msapsspc.dll" value="Version"/>
<query_value key="HKEY_LOCAL_MACHINE\SYSTEM\ControlSet001\Control\Lsa\SspiCache\msapsspc.dll" value="Type"/>
<query_value key="HKEY_LOCAL_MACHINE\SYSTEM\ControlSet001\Control\Lsa\SspiCache\msapsspc.dll" value="TokenSize"/>
<open_key key="HKEY_LOCAL_MACHINE\System\CurrentControlSet\Control\Lsa\SspiCache"/>
<open_key key="HKEY_LOCAL_MACHINE\SYSTEM\ControlSet001\Control\Lsa\SspiCache\digest.dll"/>
<query_value key="HKEY_LOCAL_MACHINE\SYSTEM\ControlSet001\Control\Lsa\SspiCache\digest.dll" value="Name"/>
<query_value key="HKEY_LOCAL_MACHINE\SYSTEM\ControlSet001\Control\Lsa\SspiCache\digest.dll" value="Comment"/>
<query_value key="HKEY_LOCAL_MACHINE\SYSTEM\ControlSet001\Control\Lsa\SspiCache\digest.dll" value="Capabilities"/>
<query_value key="HKEY_LOCAL_MACHINE\SYSTEM\ControlSet001\Control\Lsa\SspiCache\digest.dll" value="RpcId"/>
<query_value key="HKEY_LOCAL_MACHINE\SYSTEM\ControlSet001\Control\Lsa\SspiCache\digest.dll" value="Version"/>
<query_value key="HKEY_LOCAL_MACHINE\SYSTEM\ControlSet001\Control\Lsa\SspiCache\digest.dll" value="Type"/>
<query_value key="HKEY_LOCAL_MACHINE\SYSTEM\ControlSet001\Control\Lsa\SspiCache\digest.dll" value="TokenSize"/>
<open_key key="HKEY_LOCAL_MACHINE\System\CurrentControlSet\Control\Lsa\SspiCache"/>
<open_key key="HKEY_LOCAL_MACHINE\SYSTEM\ControlSet001\Control\Lsa\SspiCache\msnsspc.dll"/>
<query_value key="HKEY_LOCAL_MACHINE\SYSTEM\ControlSet001\Control\Lsa\SspiCache\msnsspc.dll" value="Name"/>
<query_value key="HKEY_LOCAL_MACHINE\SYSTEM\ControlSet001\Control\Lsa\SspiCache\msnsspc.dll" value="Comment"/>
<query_value key="HKEY_LOCAL_MACHINE\SYSTEM\ControlSet001\Control\Lsa\SspiCache\msnsspc.dll" value="Capabilities"/>
<query_value key="HKEY_LOCAL_MACHINE\SYSTEM\ControlSet001\Control\Lsa\SspiCache\msnsspc.dll" value="RpcId"/>
<query_value key="HKEY_LOCAL_MACHINE\SYSTEM\ControlSet001\Control\Lsa\SspiCache\msnsspc.dll" value="Version"/>
<query_value key="HKEY_LOCAL_MACHINE\SYSTEM\ControlSet001\Control\Lsa\SspiCache\msnsspc.dll" value="Type"/>
<query_value key="HKEY_LOCAL_MACHINE\SYSTEM\ControlSet001\Control\Lsa\SspiCache\msnsspc.dll" value="TokenSize"/>
<open_key key="HKEY_LOCAL_MACHINE\System\CurrentControlSet\Control\SecurityProviders\SaslProfiles"/>
<enum_values key="HKEY_LOCAL_MACHINE\SYSTEM\ControlSet001\Control\SecurityProviders\SaslProfiles"/>
<create_open_file filetype="file" srcfile="\Device\Tcp" srcfile_hash="hash_error" creationdistribution="OPEN_ALWAYS" desiredaccess="FILE_ANY_ACCESS" shareaccess="FILE_SHARE_READ FILE_SHARE_WRITE" flags="FILE_ATTRIBUTE_NORMAL SECURITY_ANONYMOUS"/>
<create_open_file filetype="file" srcfile="\Device\Ip" srcfile_hash="hash_error" creationdistribution="OPEN_ALWAYS" desiredaccess="FILE_ANY_ACCESS" shareaccess="FILE_SHARE_READ FILE_SHARE_WRITE" flags="FILE_ATTRIBUTE_NORMAL SECURITY_ANONYMOUS"/>
<create_open_file filetype="file" srcfile="\Device\Ip" srcfile_hash="hash_error" creationdistribution="OPEN_ALWAYS" desiredaccess="FILE_ANY_ACCESS FILE_READ_ACCESS FILE_READ_DATA FILE_LIST_DIRECTORY FILE_WRITE_ACCESS FILE_WRITE_DATA FILE_ADD_FILE" shareaccess="FILE_SHARE_READ FILE_SHARE_WRITE" flags="FILE_ATTRIBUTE_NORMAL SECURITY_ANONYMOUS"/>
<open_file filetype="file" srcfile="\\.\Ip" srcfile_hash="hash_error" creationdistribution="OPEN_EXISTING" desiredaccess="FILE_ANY_ACCESS" shareaccess="FILE_SHARE_READ FILE_SHARE_WRITE" flags="FILE_ATTRIBUTE_NORMAL SECURITY_ANONYMOUS"/>
<load_dll filename="C:\WINDOWS\system32\msv1_0.dll" successful="1" address="&#x24;77C40000" end_address="&#x24;77C64000" size="147456" filename_hash="96324d866a5f6e83112f9a2f7af8830502c2279c"/>
<open_file filetype="namedpipe" srcfile="\\.\PIPE\ROUTER" creationdistribution="OPEN_EXISTING" desiredaccess="FILE_ANY_ACCESS" shareaccess="FILE_SHARE_READ FILE_SHARE_WRITE" flags="SECURITY_ANONYMOUS"/>
</all_section>
</thread>
</process>
<process index="2" pid="756" filename="C:\WINDOWS\system32\services.exe" filename_hash="de3701d2c03d9ae29b2d87eccafbbcadf1bfb7e3" filesize="111104" md5="a3edbe9053889fb24ab22492472b39dc" sha1="7153d4d113c47379fb57aad4918a2f2a64f0c9ee" username="SYSTEM" parentindex="0" starttime="00:04.328" terminationtime="00:33.078" startreason="SCM" terminationreason="Timeout" executionstatus="OK">
</process>
</processes>
