<?xml version="1.0"?>
<processes>
<process index="1" pid="2480" filename="c:\010600380c80d6b116c163fae1ab1d04.EX" filename_hash="hash_error" filesize="38594" md5="010600380c80d6b116c163fae1ab1d04" sha1="05c873aa7721b72855c0fe651f6a31cc0a1cf986" username="Administrator" parentindex="0" starttime="00:01.875" terminationtime="00:09.641" startreason="AnalysisTarget" terminationreason="NormalTermination" executionstatus="OK" applicationtype="Win32Application">
<thread tid="2484">
<all_section>
<load_image filename="c:\010600380c80d6b116c163fae1ab1d04.EX" successful="1" address="&#x24;400000" end_address="&#x24;415000" size="86016" filename_hash="hash_error"/>
<load_dll filename="C:\WINDOWS\system32\ntdll.dll" successful="1" address="&#x24;7C910000" end_address="&#x24;7C9C9000" size="757760" filename_hash="e753d19a2e3b98b2b3b8f02f276092096d10f22d"/>
<load_dll filename="C:\WINDOWS\system32\kernel32.dll" successful="1" address="&#x24;7C800000" end_address="&#x24;7C908000" size="1081344" filename_hash="c88d57cc99f75cd928b47b6e444231f26670138f"/>
<load_dll filename="C:\WINDOWS\system32\ADVAPI32.dll" successful="1" address="&#x24;77DA0000" end_address="&#x24;77E4A000" size="696320" filename_hash="ea2e9bac1789b53d7efcd675a63f4a2b44898439"/>
<load_dll filename="C:\WINDOWS\system32\RPCRT4.dll" successful="1" address="&#x24;77E50000" end_address="&#x24;77EE2000" size="598016" filename_hash="f3bb6474ec18ee9cccc02ef44510a78b42058a41"/>
<load_dll filename="C:\WINDOWS\system32\Secur32.dll" successful="1" address="&#x24;77FC0000" end_address="&#x24;77FD1000" size="69632" filename_hash="31166d1e35a911a082149f5efac2dac228109615"/>
<load_dll filename="C:\WINDOWS\WinSxS\X86_Microsoft.Windows.Common-Controls_6595b64144ccf1df_6.0.2600.5512_x-ww_35d4ce83\" successful="1" address="&#x24;773A0000" end_address="&#x24;774A3000" size="1060864" filename_hash="hash_error"/>
<load_dll filename="C:\WINDOWS\system32\msvcrt.dll" successful="1" address="&#x24;77BE0000" end_address="&#x24;77C38000" size="360448" filename_hash="70d5f97088cc9348bb9d10098af0738a696b96de"/>
<load_dll filename="C:\WINDOWS\system32\GDI32.dll" successful="1" address="&#x24;77EF0000" end_address="&#x24;77F39000" size="299008" filename_hash="0f37018f672c7635691f7317ade3c5a63904ec96"/>
<load_dll filename="C:\WINDOWS\system32\USER32.dll" successful="1" address="&#x24;7E360000" end_address="&#x24;7E3F1000" size="593920" filename_hash="08fe9ff1fe9b8fd237adedb10d65fb0447b91fe5"/>
<load_dll filename="C:\WINDOWS\system32\SHLWAPI.dll" successful="1" address="&#x24;77F40000" end_address="&#x24;77FB6000" size="483328" filename_hash="a9245beec2e139b31cd3b65e0f0e4804c030e639"/>
<load_dll filename="C:\WINDOWS\system32\CRTDLL.dll" successful="1" address="&#x24;73D00000" end_address="&#x24;73D27000" size="159744" filename_hash="c432bd1921cbbe0eb91663fe4a80d17378230a1a"/>
<load_dll filename="C:\WINDOWS\system32\ole32.dll" successful="1" address="&#x24;774B0000" end_address="&#x24;775ED000" size="1298432" filename_hash="c7753525d5276ab92a01a8a3c39cfb5269da7f98"/>
<load_dll filename="C:\WINDOWS\system32\SHELL32.dll" successful="1" address="&#x24;7E670000" end_address="&#x24;7EE91000" size="8523776" filename_hash="bbe9d57955e5d348e664b72faf331a7b9d722d0c"/>
<load_dll filename="C:\WINDOWS\system32\IMM32.DLL" successful="1" address="&#x24;76330000" end_address="&#x24;7634D000" size="118784" filename_hash="f9be7678080084bc3cb48d0cb64bba9ba98800f1"/>
<load_dll filename="C:\WINDOWS\system32\oleaut32.dll" successful="1" address="&#x24;770F0000" end_address="&#x24;7717B000" size="569344" filename_hash="3168a173d177f470928b468db777640861dcb32e"/>
<load_dll filename="C:\WINDOWS\system32\pstorec.dll" successful="1" address="&#x24;5E490000" end_address="&#x24;5E49D000" size="53248" filename_hash="8ae378a352c4a13516bf1fe5a8615d8893d2ff2d"/>
<load_dll filename="C:\WINDOWS\system32\ATL.DLL" successful="1" address="&#x24;76AD0000" end_address="&#x24;76AE1000" size="69632" filename_hash="59cb82f432d529da3e81b030b2365c22a95fd35a"/>
<load_dll filename="C:\WINDOWS\system32\kernel32.dll" successful="1" address="&#x24;7C800000" end_address="&#x24;7C908000" size="1081344" filename_hash="c88d57cc99f75cd928b47b6e444231f26670138f"/>
<load_dll filename="C:\WINDOWS\system32\ADVAPI32.dll" successful="1" address="&#x24;77DA0000" end_address="&#x24;77E4A000" size="696320" filename_hash="ea2e9bac1789b53d7efcd675a63f4a2b44898439"/>
<load_dll filename="C:\WINDOWS\WinSxS\X86_Microsoft.Windows.Common-Controls_6595b64144ccf1df_6.0.2600.5512_x-ww_35d4ce83\" successful="1" address="&#x24;773A0000" end_address="&#x24;774A3000" size="1060864" filename_hash="hash_error"/>
<load_dll filename="C:\WINDOWS\system32\CRTDLL.dll" successful="1" address="&#x24;73D00000" end_address="&#x24;73D27000" size="159744" filename_hash="c432bd1921cbbe0eb91663fe4a80d17378230a1a"/>
<load_dll filename="C:\WINDOWS\system32\ole32.dll" successful="1" address="&#x24;774B0000" end_address="&#x24;775ED000" size="1298432" filename_hash="c7753525d5276ab92a01a8a3c39cfb5269da7f98"/>
<load_dll filename="C:\WINDOWS\system32\SHELL32.dll" successful="1" address="&#x24;7E670000" end_address="&#x24;7EE91000" size="8523776" filename_hash="bbe9d57955e5d348e664b72faf331a7b9d722d0c"/>
<load_dll filename="C:\WINDOWS\system32\USER32.dll" successful="1" address="&#x24;7E360000" end_address="&#x24;7E3F1000" size="593920" filename_hash="08fe9ff1fe9b8fd237adedb10d65fb0447b91fe5"/>
<open_file filetype="file" srcfile="c:\010600380c80d6b116c163fae1ab1d04.EX" srcfile_hash="hash_error" creationdistribution="OPEN_EXISTING" desiredaccess="FILE_ANY_ACCESS" shareaccess="FILE_SHARE_READ FILE_SHARE_WRITE" flags="FILE_ATTRIBUTE_NORMAL SECURITY_ANONYMOUS"/>
<check_for_debugger apifunction="IsDebuggerPresent"/>
<load_dll filename="C:\WINDOWS\system32\uxtheme.dll" successful="1" address="&#x24;5B0F0000" end_address="&#x24;5B128000" size="229376" filename_hash="16c4d24a172bfbc67f488d6b4086b9e10f8eaf4b"/>
<get_system_directory/>
<open_key key="HKEY_LOCAL_MACHINE\SOFTWARE\Microsoft\CTF\Compatibility\010600380c80d6b116c163fae1ab1d04.EX"/>
<open_key key="HKEY_LOCAL_MACHINE\SOFTWARE\Microsoft\CTF\SystemShared"/>
<query_value key="HKEY_LOCAL_MACHINE\SOFTWARE\Microsoft\CTF\SystemShared" value="CUAS"/>
<create_mutex name="CTF.LBES.MutexDefaultS-1-5-21-583907252-1708537768-842925246-500" owned="0"/>
<create_mutex name="CTF.Compart.MutexDefaultS-1-5-21-583907252-1708537768-842925246-500" owned="0"/>
<create_mutex name="CTF.Asm.MutexDefaultS-1-5-21-583907252-1708537768-842925246-500" owned="0"/>
<create_mutex name="CTF.Layouts.MutexDefaultS-1-5-21-583907252-1708537768-842925246-500" owned="0"/>
<create_mutex name="CTF.TMD.MutexDefaultS-1-5-21-583907252-1708537768-842925246-500" owned="0"/>
<open_key key="HKEY_CURRENT_USER\Keyboard Layout\Toggle"/>
<query_value key="HKEY_CURRENT_USER\Keyboard Layout\Toggle" value="Language Hotkey"/>
<query_value key="HKEY_CURRENT_USER\Keyboard Layout\Toggle" value="Layout Hotkey"/>
<get_system_directory/>
<open_key key="HKEY_LOCAL_MACHINE\SOFTWARE\Microsoft\CTF"/>
<query_value key="HKEY_LOCAL_MACHINE\SOFTWARE\Microsoft\CTF" value="EnableAnchorContext"/>
<create_mutex name="CTF.TimListCache.FMPDefaultS-1-5-21-583907252-1708537768-842925246-500MUTEX.DefaultS-1-5-21-583907252" owned="0"/>
<set_windows_hook hookid="WH_KEYBOARD" threadid="2484" hook_address="&#x24;746B07C3" hook_module="&#x24;746A0000"/>
<set_windows_hook hookid="WH_MOUSE" threadid="2484" hook_address="&#x24;746B04CD" hook_module="&#x24;746A0000"/>
<open_key key="HKEY_LOCAL_MACHINE\Software\Microsoft\Windows NT\CurrentVersion\IMM"/>
<query_value key="HKEY_LOCAL_MACHINE\SOFTWARE\Microsoft\Windows NT\CurrentVersion\IMM" value="Ime File"/>
<load_dll filename="C:\WINDOWS\system32\version.dll" successful="1" address="&#x24;77BD0000" end_address="&#x24;77BD8000" size="32768" filename_hash="adf263b658136ccb3cde72d0e6dd634c5a5e5143"/>
<get_system_directory/>
<load_dll filename="C:\WINDOWS\system32\msctfime.ime" successful="1" address="&#x24;3D0001" end_address="&#x24;3D0001" size="0" filename_hash="434c43fc87679a37aa054c0c18e190ccb39a4439"/>
<get_system_directory/>
<load_dll filename="C:\WINDOWS\system32\ole32.dll" successful="1" address="&#x24;774B0000" end_address="&#x24;775ED000" size="1298432" filename_hash="c7753525d5276ab92a01a8a3c39cfb5269da7f98"/>
<load_dll filename="C:\WINDOWS\system32\msctfime.ime" successful="1" address="&#x24;75250000" end_address="&#x24;7527E000" size="188416" filename_hash="434c43fc87679a37aa054c0c18e190ccb39a4439"/>
<get_system_directory/>
<create_window hwnd="&#x24;00010158" classname="IME" windowname="Default IME" height="0" width="0" top="0" left="0" style="WS_DISABLED WS_OVERLAPPED WS_POPUP WS_TILED" exstyle="WS_EX_LEFT WS_EX_LTRREADING WS_EX_RIGHTSCROLLBAR"/>
<open_key key="HKEY_CURRENT_USER\SOFTWARE\Microsoft\CTF"/>
<query_value key="HKEY_CURRENT_USER\Software\Microsoft\CTF" value="Disable Thread Input Manager"/>
<open_key key="HKEY_LOCAL_MACHINE\Software\Microsoft\CTF\SystemShared"/>
<query_value key="HKEY_LOCAL_MACHINE\SOFTWARE\Microsoft\CTF\SystemShared" value="CUAS"/>
<get_system_directory/>
<load_dll filename="C:\WINDOWS\system32\msctfime.ime" successful="1" address="&#x24;75250000" end_address="&#x24;7527E000" size="188416" filename_hash="434c43fc87679a37aa054c0c18e190ccb39a4439"/>
<create_window hwnd="&#x24;0002012E" classname="&#x23;32770" windowname="Confirm Extracting" height="159" width="383" top="432" left="448" style="WS_BORDER WS_CAPTION WS_DLGFRAME WS_GROUP WS_MINIMIZEBOX WS_OVERLAPPED WS_POPUP WS_POPUPWINDOW WS_SYSMENU WS_TILED" exstyle="WS_EX_CONTROLPARENT WS_EX_DLGMODALFRAME WS_EX_LEFT WS_EX_LTRREADING WS_EX_RIGHTSCROLLBAR WS_EX_WINDOWEDGE"/>
<load_dll filename="C:\WINDOWS\system32\uxtheme.dll" successful="1" address="&#x24;5B0F0000" end_address="&#x24;5B128000" size="229376" filename_hash="16c4d24a172bfbc67f488d6b4086b9e10f8eaf4b"/>
<load_dll filename="C:\WINDOWS\system32\IMM32.DLL" successful="1" address="&#x24;76330000" end_address="&#x24;7634D000" size="118784" filename_hash="f9be7678080084bc3cb48d0cb64bba9ba98800f1"/>
<create_window hwnd="&#x24;00010166" classname="MSCTFIME UI" windowname="M" height="0" width="0" top="0" left="0" style="WS_DISABLED WS_OVERLAPPED WS_POPUP WS_TILED" exstyle="WS_EX_LEFT WS_EX_LTRREADING WS_EX_RIGHTSCROLLBAR"/>
<get_system_directory/>
<find_window classname="Shell_TrayWnd"/>
<enum_window/>
<create_window hwnd="&#x24;00010168" classname="CicMarshalWndClass" windowname="CicMarshalWndELJ" height="0" width="0" top="0" left="0" style="WS_DISABLED WS_OVERLAPPED WS_POPUP WS_TILED" exstyle="WS_EX_LEFT WS_EX_LTRREADING WS_EX_RIGHTSCROLLBAR"/>
<show_window hwnd="&#x24;0002012E" snapshotfile="proc_1\hwnd_2012E.jpg"/>
<enum_window/>
<show_window hwnd="&#x24;0002012E" snapshotfile="proc_1\hwnd_2012E.jpg"/>
<open_key key="HKEY_CURRENT_USER\Keyboard Layout\Toggle"/>
<query_value key="HKEY_CURRENT_USER\Keyboard Layout\Toggle" value="Language Hotkey"/>
<query_value key="HKEY_CURRENT_USER\Keyboard Layout\Toggle" value="Layout Hotkey"/>
<open_key key="HKEY_CURRENT_USER\SOFTWARE\Microsoft\CTF\LangBarAddIn"/>
<open_key key="HKEY_LOCAL_MACHINE\SOFTWARE\Microsoft\CTF\LangBarAddIn"/>
<create_mutex name="MSCTF.Shared.MUTEX.ILG" owned="0"/>
<get_system_directory/>
<find_window classname="CicLoaderWndClass"/>
<open_process targetpid="1864" desiredaccess="PROCESS_ALL_ACCESS PROCESS_CREATE_PROCESS PROCESS_CREATE_THREAD PROCESS_DUP_HANDLE PROCESS_QUERY_INFORMATION PROCESS_SET_INFORMATION PROCESS_TERMINATE PROCESS_VM_OPERATION PROCESS_VM_READ PROCESS_VM_WRITE PROCESS_SET_SESSIONID PROCESS_SET_QUOTA SYNCHRONIZE" apifunction="NtOpenProcess" successful="1"/>
<create_mutex name="MSCTF.Shared.MUTEX.ELJ" owned="0"/>
<find_window classname="CicLoaderWndClass"/>
<open_process targetpid="1864" desiredaccess="PROCESS_ALL_ACCESS PROCESS_CREATE_PROCESS PROCESS_CREATE_THREAD PROCESS_DUP_HANDLE PROCESS_QUERY_INFORMATION PROCESS_SET_INFORMATION PROCESS_TERMINATE PROCESS_VM_OPERATION PROCESS_VM_READ PROCESS_VM_WRITE PROCESS_SET_SESSIONID PROCESS_SET_QUOTA SYNCHRONIZE" apifunction="NtOpenProcess" successful="1"/>
<get_system_directory/>
<enum_window/>
<get_file_attributes filetype="file" srcfile="c:\" srcfile_hash="hash_error" desiredaccess="FILE_ANY_ACCESS" flags="SECURITY_ANONYMOUS"/>
<create_window hwnd="&#x24;000400AC" classname="IME" windowname="Default IME" height="0" width="0" top="0" left="0" style="WS_DISABLED WS_OVERLAPPED WS_POPUP WS_TILED" exstyle="WS_EX_LEFT WS_EX_LTRREADING WS_EX_RIGHTSCROLLBAR"/>
<create_window hwnd="&#x24;0003012E" classname="&#x23;32770" windowname="Decompressing..." height="178" width="383" top="423" left="448" style="WS_BORDER WS_CAPTION WS_DLGFRAME WS_OVERLAPPED WS_POPUP WS_POPUPWINDOW WS_SYSMENU WS_TILED" exstyle="WS_EX_CONTROLPARENT WS_EX_DLGMODALFRAME WS_EX_LEFT WS_EX_LTRREADING WS_EX_RIGHTSCROLLBAR WS_EX_WINDOWEDGE"/>
<load_dll filename="C:\WINDOWS\system32\SHELL32.dll" successful="1" address="&#x24;7E670000" end_address="&#x24;7EE91000" size="8523776" filename_hash="bbe9d57955e5d348e664b72faf331a7b9d722d0c"/>
<enum_window/>
<create_window hwnd="&#x24;00020186" classname="MSCTFIME UI" windowname="M" height="0" width="0" top="0" left="0" style="WS_DISABLED WS_OVERLAPPED WS_POPUP WS_TILED" exstyle="WS_EX_LEFT WS_EX_LTRREADING WS_EX_RIGHTSCROLLBAR"/>
<show_window hwnd="&#x24;0003012E"/>
<enum_window/>
<show_window hwnd="&#x24;0003012E"/>
<create_thread targetpid="2480" threadid="2616" address="&#x24;004032C1" parameteraddress="&#x24;0012FE3C"/>
<sleep milliseconds="1"/>
<find_window classname="CicLoaderWndClass"/>
<open_process targetpid="1864" desiredaccess="PROCESS_ALL_ACCESS PROCESS_CREATE_PROCESS PROCESS_CREATE_THREAD PROCESS_DUP_HANDLE PROCESS_QUERY_INFORMATION PROCESS_SET_INFORMATION PROCESS_TERMINATE PROCESS_VM_OPERATION PROCESS_VM_READ PROCESS_VM_WRITE PROCESS_SET_SESSIONID PROCESS_SET_QUOTA SYNCHRONIZE" apifunction="NtOpenProcess" successful="1"/>
<find_window classname="OleMainThreadWndClass"/>
<enum_window/>
<sleep milliseconds="1"/>
<destroy_window hwnd="&#x24;0002015C" classname="SysAnimate32"/>
<enum_window/>
<destroy_window hwnd="&#x24;0003012E" classname="&#x23;32770" windowname="Decompressing..."/>
<enum_window/>
<sleep milliseconds="1"/>
<create_window hwnd="&#x24;0004012E" classname="OleMainThreadWndClass" windowname="OleMainThreadWndName" height="0" width="0" top="0" left="0" style="WS_DISABLED WS_OVERLAPPED WS_POPUP WS_TILED" exstyle="WS_EX_LEFT WS_EX_LTRREADING WS_EX_RIGHTSCROLLBAR"/>
<load_dll filename="C:\WINDOWS\system32\netapi32.dll" successful="1" address="&#x24;597D0000" end_address="&#x24;59825000" size="348160" filename_hash="5e935f90226ff224936edf449f925b647b535917"/>
<open_file filetype="namedpipe" srcfile="\\.\PIPE\wkssvc" creationdistribution="OPEN_EXISTING" desiredaccess="FILE_ANY_ACCESS" shareaccess="FILE_SHARE_READ FILE_SHARE_WRITE" flags="SECURITY_ANONYMOUS"/>
<get_file_attributes filetype="file" srcfile="c:\" srcfile_hash="hash_error" desiredaccess="FILE_ANY_ACCESS" flags="SECURITY_ANONYMOUS"/>
<find_file filetype="file" srcfile="explorer.&#x2A;" srcfile_hash="hash_error" desiredaccess="FILE_ANY_ACCESS" flags="SECURITY_ANONYMOUS"/>
<load_dll filename="C:\WINDOWS\system32\appHelp.dll" successful="1" address="&#x24;77B10000" end_address="&#x24;77B32000" size="139264" filename_hash="016ea16586e3c27f4bd43341ba906187a416afe0"/>
<open_key key="HKEY_LOCAL_MACHINE\System\CurrentControlSet\Control\Session Manager\AppCompatibility"/>
<query_value key="HKEY_LOCAL_MACHINE\SYSTEM\ControlSet001\Control\Session Manager\AppCompatibility" value="DisableAppCompat"/>
<open_key key="HKEY_LOCAL_MACHINE\Software\Classes\CLSID\&#x7B;871c5380-42a0-1069-a2ea-08002b30309d&#x7D;\InProcServer32"/>
<query_value key="HKEY_LOCAL_MACHINE\SOFTWARE\Classes\CLSID\&#x7B;871C5380-42A0-1069-A2EA-08002B30309D&#x7D;\InProcServer32"/>
<open_file filetype="file" srcfile="C:\WINDOWS\system32\ieframe.dll" srcfile_hash="4425a987f6efbdd7ba266d0b1475924d6dc08d0b" creationdistribution="OPEN_EXISTING" desiredaccess="FILE_ANY_ACCESS FILE_READ_ATTRIBUTES" shareaccess="FILE_SHARE_READ" flags="FILE_ATTRIBUTE_NORMAL SECURITY_ANONYMOUS"/>
<load_dll filename="C:\WINDOWS\system32\ole32.dll" successful="1" address="&#x24;774B0000" end_address="&#x24;775ED000" size="1298432" filename_hash="c7753525d5276ab92a01a8a3c39cfb5269da7f98"/>
<com_create_instance inprocserver32="C:\WINDOWS\system32\ieframe.dll" clsid="&#x7B;871C5380-42A0-1069-A2EA-08002B30309D&#x7D;" interfaceid="&#x7B;000214E6-0000-0000-C000-000000000046&#x7D;"/>
<get_system_directory/>
<get_file_attributes filetype="file" srcfile="C:\WINDOWS\Registration" srcfile_hash="hash_error" desiredaccess="FILE_ANY_ACCESS" flags="SECURITY_ANONYMOUS"/>
<open_file filetype="file" srcfile="C:\WINDOWS\Registration\R000000000007.clb" srcfile_hash="99fde804817f1de99c87653fda604fc37510f3da" creationdistribution="OPEN_EXISTING" desiredaccess="FILE_ANY_ACCESS" shareaccess="FILE_SHARE_READ" flags="SECURITY_ANONYMOUS"/>
<load_dll filename="C:\WINDOWS\system32\kernel32.dll" successful="1" address="&#x24;7C800000" end_address="&#x24;7C908000" size="1081344" filename_hash="c88d57cc99f75cd928b47b6e444231f26670138f"/>
<open_key key="HKEY_LOCAL_MACHINE\SOFTWARE\Microsoft\Windows\CurrentVersion\App Paths\IEXPLORE.EXE"/>
<query_value key="HKEY_LOCAL_MACHINE\SOFTWARE\Microsoft\Windows\CurrentVersion\App Paths\IEXPLORE.EXE"/>
<open_file filetype="file" srcfile="C:\Programme\Internet Explorer\IEXPLORE.EXE" srcfile_hash="hash_error" creationdistribution="OPEN_EXISTING" desiredaccess="FILE_ANY_ACCESS FILE_READ_ATTRIBUTES" shareaccess="FILE_SHARE_READ" flags="FILE_ATTRIBUTE_NORMAL SECURITY_ANONYMOUS"/>
<open_key key="HKEY_LOCAL_MACHINE\SOFTWARE\Microsoft\Internet Explorer\Setup"/>
<query_value key="HKEY_LOCAL_MACHINE\SOFTWARE\Microsoft\Internet Explorer\Setup" value="IExploreLastModifiedLow"/>
<open_key key="HKEY_LOCAL_MACHINE\SOFTWARE\Microsoft\Internet Explorer\Setup"/>
<query_value key="HKEY_LOCAL_MACHINE\SOFTWARE\Microsoft\Internet Explorer\Setup" value="IExploreLastModifiedHigh"/>
<create_thread targetpid="2480" threadid="2668" address="&#x24;77DC848A" parameteraddress="&#x24;00000000"/>
<load_dll filename="C:\WINDOWS\WinSxS\X86_Microsoft.Windows.Common-Controls_6595b64144ccf1df_6.0.2600.5512_x-ww_35d4ce83\" successful="1" address="&#x24;773A0000" end_address="&#x24;774A3000" size="1060864" filename_hash="hash_error"/>
<open_key key="HKEY_CLASSES_ROOT\Interface\&#x7B;EAB22AC1-30C1-11CF-A7EB-0000C05BAE0B&#x7D;\Typelib"/>
<query_value key="HKEY_LOCAL_MACHINE\SOFTWARE\Classes\Interface\&#x7B;EAB22AC1-30C1-11CF-A7EB-0000C05BAE0B&#x7D;\TypeLib"/>
<open_key key="HKEY_CLASSES_ROOT\CLSID\&#x7B;c90250f3-4d7d-4991-9b69-a5c5bc1c2ae6&#x7D;"/>
<open_key key="HKEY_LOCAL_MACHINE\Software\Microsoft\Internet Explorer\Setup\7.0"/>
<open_key key="HKEY_CLASSES_ROOT\Interface\&#x7B;b722bccb-4e68-101b-a2bc-00aa00404770&#x7D;\ProxyStubClsid32"/>
<query_value key="HKEY_LOCAL_MACHINE\SOFTWARE\Classes\Interface\&#x7B;B722BCCB-4E68-101B-A2BC-00AA00404770&#x7D;\ProxyStubClsid32"/>
<open_key key="HKEY_CLASSES_ROOT\Interface\&#x7B;79eac9c4-baf9-11ce-8c82-00aa004ba90b&#x7D;\ProxyStubClsid32"/>
<query_value key="HKEY_LOCAL_MACHINE\SOFTWARE\Classes\Interface\&#x7B;79EAC9C4-BAF9-11CE-8C82-00AA004BA90B&#x7D;\ProxyStubClsid32"/>
<open_key key="HKEY_CLASSES_ROOT\Interface\&#x7B;000214E6-0000-0000-C000-000000000046&#x7D;\ProxyStubClsid32"/>
<query_value key="HKEY_LOCAL_MACHINE\SOFTWARE\Classes\Interface\&#x7B;000214E6-0000-0000-C000-000000000046&#x7D;\ProxyStubClsid32"/>
<open_key key="HKEY_CLASSES_ROOT\Interface\&#x7B;93F2F68C-1D1B-11D3-A30E-00C04F79ABD1&#x7D;\ProxyStubClsid32"/>
<query_value key="HKEY_LOCAL_MACHINE\SOFTWARE\Classes\Interface\&#x7B;93F2F68C-1D1B-11D3-A30E-00C04F79ABD1&#x7D;\ProxyStubClsid32"/>
<vm_protect targetpid="2480" wantedaddress="&#x24;76BB3A76" address="&#x24;76BB3000" wantedsize="8" size="4096" protect="PAGE_EXECUTE_READWRITE" behavior="Normal"/>
<vm_protect targetpid="2480" wantedaddress="&#x24;76BB3A76" address="&#x24;76BB3000" wantedsize="8" size="4096" protect="PAGE_EXECUTE_READ" behavior="Normal"/>
<vm_protect targetpid="2480" wantedaddress="&#x24;76BB1EF4" address="&#x24;76BB1000" wantedsize="8" size="4096" protect="PAGE_EXECUTE_READWRITE" behavior="Normal"/>
<vm_protect targetpid="2480" wantedaddress="&#x24;76BB1EF4" address="&#x24;76BB1000" wantedsize="8" size="4096" protect="PAGE_EXECUTE_READ" behavior="Normal"/>
<load_dll filename="C:\WINDOWS\system32\ole32.dll" successful="1" address="&#x24;774B0000" end_address="&#x24;775ED000" size="1298432" filename_hash="c7753525d5276ab92a01a8a3c39cfb5269da7f98"/>
<open_key key="HKEY_LOCAL_MACHINE\Software\Classes\CLSID\&#x7B;56f9679e-7826-4c84-81f3-532071a8bcc5&#x7D;\InProcServer32"/>
<query_value key="HKEY_LOCAL_MACHINE\SOFTWARE\Classes\CLSID\&#x7B;56F9679E-7826-4C84-81F3-532071A8BCC5&#x7D;\InprocServer32"/>
<open_file filetype="file" srcfile="C:\Programme\Windows Desktop Search\MSNLNamespaceMgr.dll" srcfile_hash="hash_error" creationdistribution="OPEN_EXISTING" desiredaccess="FILE_ANY_ACCESS FILE_READ_ATTRIBUTES" shareaccess="FILE_SHARE_READ" flags="FILE_ATTRIBUTE_NORMAL SECURITY_ANONYMOUS"/>
<com_create_instance clsid="&#x7B;56F9679E-7826-4C84-81F3-532071A8BCC5&#x7D;" interfaceid="&#x7B;00000000-0000-0000-C000-000000000046&#x7D;"/>
<vm_protect targetpid="2480" wantedaddress="&#x24;44200BCA" address="&#x24;44200000" wantedsize="8" size="4096" protect="PAGE_EXECUTE_READWRITE" behavior="Normal"/>
<vm_protect targetpid="2480" wantedaddress="&#x24;44200BCA" address="&#x24;44200000" wantedsize="8" size="4096" protect="PAGE_EXECUTE_READ" behavior="Normal"/>
<vm_protect targetpid="2480" wantedaddress="&#x24;4424AF69" address="&#x24;4424A000" wantedsize="8" size="4096" protect="PAGE_EXECUTE_READWRITE" behavior="Normal"/>
<vm_protect targetpid="2480" wantedaddress="&#x24;4424AF69" address="&#x24;4424A000" wantedsize="8" size="4096" protect="PAGE_EXECUTE_READ" behavior="Normal"/>
<vm_protect targetpid="2480" wantedaddress="&#x24;441F4321" address="&#x24;441F4000" wantedsize="8" size="4096" protect="PAGE_EXECUTE_READWRITE" behavior="Normal"/>
<vm_protect targetpid="2480" wantedaddress="&#x24;441F4321" address="&#x24;441F4000" wantedsize="8" size="4096" protect="PAGE_EXECUTE_READ" behavior="Normal"/>
<vm_protect targetpid="2480" wantedaddress="&#x24;441F5D42" address="&#x24;441F5000" wantedsize="8" size="4096" protect="PAGE_EXECUTE_READWRITE" behavior="Normal"/>
<vm_protect targetpid="2480" wantedaddress="&#x24;441F5D42" address="&#x24;441F5000" wantedsize="8" size="4096" protect="PAGE_EXECUTE_READ" behavior="Normal"/>
<vm_protect targetpid="2480" wantedaddress="&#x24;441F497A" address="&#x24;441F4000" wantedsize="8" size="4096" protect="PAGE_EXECUTE_READWRITE" behavior="Normal"/>
<vm_protect targetpid="2480" wantedaddress="&#x24;441F497A" address="&#x24;441F4000" wantedsize="8" size="4096" protect="PAGE_EXECUTE_READ" behavior="Normal"/>
<vm_protect targetpid="2480" wantedaddress="&#x24;441F5B68" address="&#x24;441F5000" wantedsize="8" size="4096" protect="PAGE_EXECUTE_READWRITE" behavior="Normal"/>
<vm_protect targetpid="2480" wantedaddress="&#x24;441F5B68" address="&#x24;441F5000" wantedsize="8" size="4096" protect="PAGE_EXECUTE_READ" behavior="Normal"/>
<vm_protect targetpid="2480" wantedaddress="&#x24;45367BF5" address="&#x24;45367000" wantedsize="8" size="4096" protect="PAGE_EXECUTE_READWRITE" behavior="Normal" target="urlmon.dll.URLOpenStreamA"/>
<vm_protect targetpid="2480" wantedaddress="&#x24;45367BF5" address="&#x24;45367000" wantedsize="8" size="4096" protect="PAGE_EXECUTE_READ" behavior="Normal" target="urlmon.dll.URLOpenStreamA"/>
<vm_protect targetpid="2480" wantedaddress="&#x24;45367810" address="&#x24;45367000" wantedsize="8" size="4096" protect="PAGE_EXECUTE_READWRITE" behavior="Normal" target="urlmon.dll.URLOpenStreamW"/>
<vm_protect targetpid="2480" wantedaddress="&#x24;45367810" address="&#x24;45367000" wantedsize="8" size="4096" protect="PAGE_EXECUTE_READ" behavior="Normal" target="urlmon.dll.URLOpenStreamW"/>
<vm_protect targetpid="2480" wantedaddress="&#x24;4536785A" address="&#x24;45367000" wantedsize="8" size="4096" protect="PAGE_EXECUTE_READWRITE" behavior="Normal" target="urlmon.dll.URLOpenPullStreamA"/>
<vm_protect targetpid="2480" wantedaddress="&#x24;4536785A" address="&#x24;45367000" wantedsize="8" size="4096" protect="PAGE_EXECUTE_READ" behavior="Normal" target="urlmon.dll.URLOpenPullStreamA"/>
<vm_protect targetpid="2480" wantedaddress="&#x24;45367760" address="&#x24;45367000" wantedsize="8" size="4096" protect="PAGE_EXECUTE_READWRITE" behavior="Normal" target="urlmon.dll.URLOpenPullStreamW"/>
<vm_protect targetpid="2480" wantedaddress="&#x24;45367760" address="&#x24;45367000" wantedsize="8" size="4096" protect="PAGE_EXECUTE_READ" behavior="Normal" target="urlmon.dll.URLOpenPullStreamW"/>
<vm_protect targetpid="2480" wantedaddress="&#x24;453678F5" address="&#x24;45367000" wantedsize="8" size="4096" protect="PAGE_EXECUTE_READWRITE" behavior="Normal" target="urlmon.dll.URLDownloadToFileA"/>
<vm_protect targetpid="2480" wantedaddress="&#x24;453678F5" address="&#x24;45367000" wantedsize="8" size="4096" protect="PAGE_EXECUTE_READ" behavior="Normal" target="urlmon.dll.URLDownloadToFileA"/>
<vm_protect targetpid="2480" wantedaddress="&#x24;453677AA" address="&#x24;45367000" wantedsize="8" size="4096" protect="PAGE_EXECUTE_READWRITE" behavior="Normal" target="urlmon.dll.URLDownloadToFileW"/>
<vm_protect targetpid="2480" wantedaddress="&#x24;453677AA" address="&#x24;45367000" wantedsize="8" size="4096" protect="PAGE_EXECUTE_READ" behavior="Normal" target="urlmon.dll.URLDownloadToFileW"/>
<vm_protect targetpid="2480" wantedaddress="&#x24;45367A07" address="&#x24;45367000" wantedsize="8" size="4096" protect="PAGE_EXECUTE_READWRITE" behavior="Normal" target="urlmon.dll.URLDownloadToCacheFileA"/>
<vm_protect targetpid="2480" wantedaddress="&#x24;45367A07" address="&#x24;45367000" wantedsize="8" size="4096" protect="PAGE_EXECUTE_READ" behavior="Normal" target="urlmon.dll.URLDownloadToCacheFileA"/>
<vm_protect targetpid="2480" wantedaddress="&#x24;453149DD" address="&#x24;45314000" wantedsize="8" size="4096" protect="PAGE_EXECUTE_READWRITE" behavior="Normal" target="urlmon.dll.URLDownloadToCacheFileW"/>
<vm_protect targetpid="2480" wantedaddress="&#x24;453149DD" address="&#x24;45314000" wantedsize="8" size="4096" protect="PAGE_EXECUTE_READ" behavior="Normal" target="urlmon.dll.URLDownloadToCacheFileW"/>
<vm_protect targetpid="2480" wantedaddress="&#x24;45367B4B" address="&#x24;45367000" wantedsize="8" size="4096" protect="PAGE_EXECUTE_READWRITE" behavior="Normal" target="urlmon.dll.URLOpenBlockingStreamA"/>
<vm_protect targetpid="2480" wantedaddress="&#x24;45367B4B" address="&#x24;45367000" wantedsize="8" size="4096" protect="PAGE_EXECUTE_READ" behavior="Normal" target="urlmon.dll.URLOpenBlockingStreamA"/>
<vm_protect targetpid="2480" wantedaddress="&#x24;4530776D" address="&#x24;45307000" wantedsize="8" size="4096" protect="PAGE_EXECUTE_READWRITE" behavior="Normal" target="urlmon.dll.URLOpenBlockingStreamW"/>
<vm_protect targetpid="2480" wantedaddress="&#x24;4530776D" address="&#x24;45307000" wantedsize="8" size="4096" protect="PAGE_EXECUTE_READ" behavior="Normal" target="urlmon.dll.URLOpenBlockingStreamW"/>
<open_key key="HKEY_LOCAL_MACHINE\Software\Microsoft\Windows Search\ProtocolHandlers"/>
<enum_keys key="HKEY_LOCAL_MACHINE\SOFTWARE\Microsoft\Windows Search\ProtocolHandlers"/>
<open_key key="HKEY_LOCAL_MACHINE\SOFTWARE\Microsoft\Windows Search\ProtocolHandlers\File"/>
<enum_keys key="HKEY_LOCAL_MACHINE\SOFTWARE\Microsoft\Windows Search\ProtocolHandlers\File"/>
<open_key key="HKEY_LOCAL_MACHINE\SOFTWARE\Microsoft\Windows Search\ProtocolHandlers\File\0"/>
<query_value key="HKEY_LOCAL_MACHINE\SOFTWARE\Microsoft\Windows Search\ProtocolHandlers\File\0" value="ProgID"/>
<open_key key="HKEY_CLASSES_ROOT\File"/>
<query_value key="HKEY_LOCAL_MACHINE\SOFTWARE\Classes\file" value="ShellFolder"/>
<enum_values key="HKEY_LOCAL_MACHINE\SOFTWARE\Microsoft\Windows Search\ProtocolHandlers"/>
<open_key key="HKEY_CLASSES_ROOT\Mapi"/>
<query_value key="HKEY_LOCAL_MACHINE\SOFTWARE\Classes\Mapi" value="ShellFolder"/>
<open_key key="HKEY_CLASSES_ROOT\OutlookExpress"/>
<query_value key="HKEY_LOCAL_MACHINE\SOFTWARE\Classes\Outlookexpress" value="ShellFolder"/>
<open_key key="HKEY_CLASSES_ROOT\OTFS"/>
<query_value key="HKEY_LOCAL_MACHINE\SOFTWARE\Classes\OTFS" value="ShellFolder"/>
<open_key key="HKEY_LOCAL_MACHINE\Software\Microsoft\Windows Desktop Search\Previewers\Default"/>
<query_value key="HKEY_LOCAL_MACHINE\SOFTWARE\Microsoft\Windows Desktop Search\Previewers\Default"/>
<query_value key="HKEY_LOCAL_MACHINE\SOFTWARE\Microsoft\Windows Desktop Search\Previewers\Default" value="ContentType"/>
<query_value key="HKEY_LOCAL_MACHINE\SOFTWARE\Microsoft\Windows Desktop Search\Previewers\Default" value="TemplateUrl"/>
<query_value key="HKEY_LOCAL_MACHINE\SOFTWARE\Microsoft\Windows Desktop Search\Previewers\Default" value="ScriptOk"/>
<open_key key="HKEY_LOCAL_MACHINE\Software\Microsoft\Windows Desktop Search\Previewers\Extension"/>
<enum_keys key="HKEY_LOCAL_MACHINE\SOFTWARE\Microsoft\Windows Desktop Search\Previewers\Extension"/>
<open_key key="HKEY_LOCAL_MACHINE\Software\Microsoft\Windows Desktop Search\Previewers\Extension\.bmp"/>
<query_value key="HKEY_LOCAL_MACHINE\SOFTWARE\Microsoft\Windows Desktop Search\Previewers\Extension\.bmp"/>
<query_value key="HKEY_LOCAL_MACHINE\SOFTWARE\Microsoft\Windows Desktop Search\Previewers\Extension\.bmp" value="ContentType"/>
<query_value key="HKEY_LOCAL_MACHINE\SOFTWARE\Microsoft\Windows Desktop Search\Previewers\Extension\.bmp" value="TemplateUrl"/>
<query_value key="HKEY_LOCAL_MACHINE\SOFTWARE\Microsoft\Windows Desktop Search\Previewers\Extension\.bmp" value="ScriptOk"/>
<open_key key="HKEY_LOCAL_MACHINE\Software\Microsoft\Windows Desktop Search\Previewers\Extension\.c"/>
<query_value key="HKEY_LOCAL_MACHINE\SOFTWARE\Microsoft\Windows Desktop Search\Previewers\Extension\.c"/>
<query_value key="HKEY_LOCAL_MACHINE\SOFTWARE\Microsoft\Windows Desktop Search\Previewers\Extension\.c" value="ContentType"/>
<query_value key="HKEY_LOCAL_MACHINE\SOFTWARE\Microsoft\Windows Desktop Search\Previewers\Extension\.c" value="TemplateUrl"/>
<query_value key="HKEY_LOCAL_MACHINE\SOFTWARE\Microsoft\Windows Desktop Search\Previewers\Extension\.c" value="ScriptOk"/>
<open_key key="HKEY_LOCAL_MACHINE\Software\Microsoft\Windows Desktop Search\Previewers\Extension\.cpp"/>
<query_value key="HKEY_LOCAL_MACHINE\SOFTWARE\Microsoft\Windows Desktop Search\Previewers\Extension\.cpp"/>
<query_value key="HKEY_LOCAL_MACHINE\SOFTWARE\Microsoft\Windows Desktop Search\Previewers\Extension\.cpp" value="ContentType"/>
<query_value key="HKEY_LOCAL_MACHINE\SOFTWARE\Microsoft\Windows Desktop Search\Previewers\Extension\.cpp" value="TemplateUrl"/>
<query_value key="HKEY_LOCAL_MACHINE\SOFTWARE\Microsoft\Windows Desktop Search\Previewers\Extension\.cpp" value="ScriptOk"/>
<open_key key="HKEY_LOCAL_MACHINE\Software\Microsoft\Windows Desktop Search\Previewers\Extension\.cs"/>
<query_value key="HKEY_LOCAL_MACHINE\SOFTWARE\Microsoft\Windows Desktop Search\Previewers\Extension\.cs"/>
<query_value key="HKEY_LOCAL_MACHINE\SOFTWARE\Microsoft\Windows Desktop Search\Previewers\Extension\.cs" value="ContentType"/>
<query_value key="HKEY_LOCAL_MACHINE\SOFTWARE\Microsoft\Windows Desktop Search\Previewers\Extension\.cs" value="TemplateUrl"/>
<query_value key="HKEY_LOCAL_MACHINE\SOFTWARE\Microsoft\Windows Desktop Search\Previewers\Extension\.cs" value="ScriptOk"/>
<open_key key="HKEY_LOCAL_MACHINE\Software\Microsoft\Windows Desktop Search\Previewers\Extension\.cxx"/>
<query_value key="HKEY_LOCAL_MACHINE\SOFTWARE\Microsoft\Windows Desktop Search\Previewers\Extension\.cxx"/>
<query_value key="HKEY_LOCAL_MACHINE\SOFTWARE\Microsoft\Windows Desktop Search\Previewers\Extension\.cxx" value="ContentType"/>
<query_value key="HKEY_LOCAL_MACHINE\SOFTWARE\Microsoft\Windows Desktop Search\Previewers\Extension\.cxx" value="TemplateUrl"/>
<query_value key="HKEY_LOCAL_MACHINE\SOFTWARE\Microsoft\Windows Desktop Search\Previewers\Extension\.cxx" value="ScriptOk"/>
<open_key key="HKEY_LOCAL_MACHINE\Software\Microsoft\Windows Desktop Search\Previewers\Extension\.doc"/>
<query_value key="HKEY_LOCAL_MACHINE\SOFTWARE\Microsoft\Windows Desktop Search\Previewers\Extension\.doc"/>
<query_value key="HKEY_LOCAL_MACHINE\SOFTWARE\Microsoft\Windows Desktop Search\Previewers\Extension\.doc" value="ContentType"/>
<query_value key="HKEY_LOCAL_MACHINE\SOFTWARE\Microsoft\Windows Desktop Search\Previewers\Extension\.doc" value="TemplateUrl"/>
<query_value key="HKEY_LOCAL_MACHINE\SOFTWARE\Microsoft\Windows Desktop Search\Previewers\Extension\.doc" value="ScriptOk"/>
<open_key key="HKEY_LOCAL_MACHINE\Software\Microsoft\Windows Desktop Search\Previewers\Extension\.dot"/>
<query_value key="HKEY_LOCAL_MACHINE\SOFTWARE\Microsoft\Windows Desktop Search\Previewers\Extension\.dot"/>
<query_value key="HKEY_LOCAL_MACHINE\SOFTWARE\Microsoft\Windows Desktop Search\Previewers\Extension\.dot" value="ContentType"/>
<query_value key="HKEY_LOCAL_MACHINE\SOFTWARE\Microsoft\Windows Desktop Search\Previewers\Extension\.dot" value="TemplateUrl"/>
<query_value key="HKEY_LOCAL_MACHINE\SOFTWARE\Microsoft\Windows Desktop Search\Previewers\Extension\.dot" value="ScriptOk"/>
<open_key key="HKEY_LOCAL_MACHINE\Software\Microsoft\Windows Desktop Search\Previewers\Extension\.emf"/>
<query_value key="HKEY_LOCAL_MACHINE\SOFTWARE\Microsoft\Windows Desktop Search\Previewers\Extension\.emf"/>
<query_value key="HKEY_LOCAL_MACHINE\SOFTWARE\Microsoft\Windows Desktop Search\Previewers\Extension\.emf" value="ContentType"/>
<query_value key="HKEY_LOCAL_MACHINE\SOFTWARE\Microsoft\Windows Desktop Search\Previewers\Extension\.emf" value="TemplateUrl"/>
<query_value key="HKEY_LOCAL_MACHINE\SOFTWARE\Microsoft\Windows Desktop Search\Previewers\Extension\.emf" value="ScriptOk"/>
<open_key key="HKEY_LOCAL_MACHINE\Software\Microsoft\Windows Desktop Search\Previewers\Extension\.eml"/>
<query_value key="HKEY_LOCAL_MACHINE\SOFTWARE\Microsoft\Windows Desktop Search\Previewers\Extension\.eml"/>
<query_value key="HKEY_LOCAL_MACHINE\SOFTWARE\Microsoft\Windows Desktop Search\Previewers\Extension\.eml" value="ContentType"/>
<query_value key="HKEY_LOCAL_MACHINE\SOFTWARE\Microsoft\Windows Desktop Search\Previewers\Extension\.eml" value="TemplateUrl"/>
<query_value key="HKEY_LOCAL_MACHINE\SOFTWARE\Microsoft\Windows Desktop Search\Previewers\Extension\.eml" value="ScriptOk"/>
<open_key key="HKEY_LOCAL_MACHINE\Software\Microsoft\Windows Desktop Search\Previewers\Extension\.err"/>
<query_value key="HKEY_LOCAL_MACHINE\SOFTWARE\Microsoft\Windows Desktop Search\Previewers\Extension\.err"/>
<query_value key="HKEY_LOCAL_MACHINE\SOFTWARE\Microsoft\Windows Desktop Search\Previewers\Extension\.err" value="ContentType"/>
<query_value key="HKEY_LOCAL_MACHINE\SOFTWARE\Microsoft\Windows Desktop Search\Previewers\Extension\.err" value="TemplateUrl"/>
<query_value key="HKEY_LOCAL_MACHINE\SOFTWARE\Microsoft\Windows Desktop Search\Previewers\Extension\.err" value="ScriptOk"/>
<open_key key="HKEY_LOCAL_MACHINE\Software\Microsoft\Windows Desktop Search\Previewers\Extension\.gif"/>
<query_value key="HKEY_LOCAL_MACHINE\SOFTWARE\Microsoft\Windows Desktop Search\Previewers\Extension\.gif"/>
<query_value key="HKEY_LOCAL_MACHINE\SOFTWARE\Microsoft\Windows Desktop Search\Previewers\Extension\.gif" value="ContentType"/>
<query_value key="HKEY_LOCAL_MACHINE\SOFTWARE\Microsoft\Windows Desktop Search\Previewers\Extension\.gif" value="TemplateUrl"/>
<query_value key="HKEY_LOCAL_MACHINE\SOFTWARE\Microsoft\Windows Desktop Search\Previewers\Extension\.gif" value="ScriptOk"/>
<open_key key="HKEY_LOCAL_MACHINE\Software\Microsoft\Windows Desktop Search\Previewers\Extension\.h"/>
<query_value key="HKEY_LOCAL_MACHINE\SOFTWARE\Microsoft\Windows Desktop Search\Previewers\Extension\.h"/>
<query_value key="HKEY_LOCAL_MACHINE\SOFTWARE\Microsoft\Windows Desktop Search\Previewers\Extension\.h" value="ContentType"/>
<query_value key="HKEY_LOCAL_MACHINE\SOFTWARE\Microsoft\Windows Desktop Search\Previewers\Extension\.h" value="TemplateUrl"/>
<query_value key="HKEY_LOCAL_MACHINE\SOFTWARE\Microsoft\Windows Desktop Search\Previewers\Extension\.h" value="ScriptOk"/>
<open_key key="HKEY_LOCAL_MACHINE\Software\Microsoft\Windows Desktop Search\Previewers\Extension\.htm"/>
<query_value key="HKEY_LOCAL_MACHINE\SOFTWARE\Microsoft\Windows Desktop Search\Previewers\Extension\.htm"/>
<query_value key="HKEY_LOCAL_MACHINE\SOFTWARE\Microsoft\Windows Desktop Search\Previewers\Extension\.htm" value="ContentType"/>
<query_value key="HKEY_LOCAL_MACHINE\SOFTWARE\Microsoft\Windows Desktop Search\Previewers\Extension\.htm" value="TemplateUrl"/>
<query_value key="HKEY_LOCAL_MACHINE\SOFTWARE\Microsoft\Windows Desktop Search\Previewers\Extension\.htm" value="ScriptOk"/>
<open_key key="HKEY_LOCAL_MACHINE\Software\Microsoft\Windows Desktop Search\Previewers\Extension\.html"/>
<query_value key="HKEY_LOCAL_MACHINE\SOFTWARE\Microsoft\Windows Desktop Search\Previewers\Extension\.html"/>
<query_value key="HKEY_LOCAL_MACHINE\SOFTWARE\Microsoft\Windows Desktop Search\Previewers\Extension\.html" value="ContentType"/>
<query_value key="HKEY_LOCAL_MACHINE\SOFTWARE\Microsoft\Windows Desktop Search\Previewers\Extension\.html" value="TemplateUrl"/>
<query_value key="HKEY_LOCAL_MACHINE\SOFTWARE\Microsoft\Windows Desktop Search\Previewers\Extension\.html" value="ScriptOk"/>
<open_key key="HKEY_LOCAL_MACHINE\Software\Microsoft\Windows Desktop Search\Previewers\Extension\.hxx"/>
<query_value key="HKEY_LOCAL_MACHINE\SOFTWARE\Microsoft\Windows Desktop Search\Previewers\Extension\.hxx"/>
<query_value key="HKEY_LOCAL_MACHINE\SOFTWARE\Microsoft\Windows Desktop Search\Previewers\Extension\.hxx" value="ContentType"/>
<query_value key="HKEY_LOCAL_MACHINE\SOFTWARE\Microsoft\Windows Desktop Search\Previewers\Extension\.hxx" value="TemplateUrl"/>
<query_value key="HKEY_LOCAL_MACHINE\SOFTWARE\Microsoft\Windows Desktop Search\Previewers\Extension\.hxx" value="ScriptOk"/>
<open_key key="HKEY_LOCAL_MACHINE\Software\Microsoft\Windows Desktop Search\Previewers\Extension\.idl"/>
<query_value key="HKEY_LOCAL_MACHINE\SOFTWARE\Microsoft\Windows Desktop Search\Previewers\Extension\.idl"/>
<query_value key="HKEY_LOCAL_MACHINE\SOFTWARE\Microsoft\Windows Desktop Search\Previewers\Extension\.idl" value="ContentType"/>
<query_value key="HKEY_LOCAL_MACHINE\SOFTWARE\Microsoft\Windows Desktop Search\Previewers\Extension\.idl" value="TemplateUrl"/>
<query_value key="HKEY_LOCAL_MACHINE\SOFTWARE\Microsoft\Windows Desktop Search\Previewers\Extension\.idl" value="ScriptOk"/>
<open_key key="HKEY_LOCAL_MACHINE\Software\Microsoft\Windows Desktop Search\Previewers\Extension\.jpeg"/>
<query_value key="HKEY_LOCAL_MACHINE\SOFTWARE\Microsoft\Windows Desktop Search\Previewers\Extension\.jpeg"/>
<query_value key="HKEY_LOCAL_MACHINE\SOFTWARE\Microsoft\Windows Desktop Search\Previewers\Extension\.jpeg" value="ContentType"/>
<query_value key="HKEY_LOCAL_MACHINE\SOFTWARE\Microsoft\Windows Desktop Search\Previewers\Extension\.jpeg" value="TemplateUrl"/>
<query_value key="HKEY_LOCAL_MACHINE\SOFTWARE\Microsoft\Windows Desktop Search\Previewers\Extension\.jpeg" value="ScriptOk"/>
<open_key key="HKEY_LOCAL_MACHINE\Software\Microsoft\Windows Desktop Search\Previewers\Extension\.jpg"/>
<query_value key="HKEY_LOCAL_MACHINE\SOFTWARE\Microsoft\Windows Desktop Search\Previewers\Extension\.jpg"/>
<query_value key="HKEY_LOCAL_MACHINE\SOFTWARE\Microsoft\Windows Desktop Search\Previewers\Extension\.jpg" value="ContentType"/>
<query_value key="HKEY_LOCAL_MACHINE\SOFTWARE\Microsoft\Windows Desktop Search\Previewers\Extension\.jpg" value="TemplateUrl"/>
<query_value key="HKEY_LOCAL_MACHINE\SOFTWARE\Microsoft\Windows Desktop Search\Previewers\Extension\.jpg" value="ScriptOk"/>
<open_key key="HKEY_LOCAL_MACHINE\Software\Microsoft\Windows Desktop Search\Previewers\Extension\.jsl"/>
<query_value key="HKEY_LOCAL_MACHINE\SOFTWARE\Microsoft\Windows Desktop Search\Previewers\Extension\.jsl"/>
<query_value key="HKEY_LOCAL_MACHINE\SOFTWARE\Microsoft\Windows Desktop Search\Previewers\Extension\.jsl" value="ContentType"/>
<query_value key="HKEY_LOCAL_MACHINE\SOFTWARE\Microsoft\Windows Desktop Search\Previewers\Extension\.jsl" value="TemplateUrl"/>
<query_value key="HKEY_LOCAL_MACHINE\SOFTWARE\Microsoft\Windows Desktop Search\Previewers\Extension\.jsl" value="ScriptOk"/>
<open_key key="HKEY_LOCAL_MACHINE\Software\Microsoft\Windows Desktop Search\Previewers\Extension\.mht"/>
<query_value key="HKEY_LOCAL_MACHINE\SOFTWARE\Microsoft\Windows Desktop Search\Previewers\Extension\.mht"/>
<query_value key="HKEY_LOCAL_MACHINE\SOFTWARE\Microsoft\Windows Desktop Search\Previewers\Extension\.mht" value="ContentType"/>
<query_value key="HKEY_LOCAL_MACHINE\SOFTWARE\Microsoft\Windows Desktop Search\Previewers\Extension\.mht" value="TemplateUrl"/>
<query_value key="HKEY_LOCAL_MACHINE\SOFTWARE\Microsoft\Windows Desktop Search\Previewers\Extension\.mht" value="ScriptOk"/>
<open_key key="HKEY_LOCAL_MACHINE\Software\Microsoft\Windows Desktop Search\Previewers\Extension\.mhtml"/>
<query_value key="HKEY_LOCAL_MACHINE\SOFTWARE\Microsoft\Windows Desktop Search\Previewers\Extension\.mhtml"/>
<query_value key="HKEY_LOCAL_MACHINE\SOFTWARE\Microsoft\Windows Desktop Search\Previewers\Extension\.mhtml" value="ContentType"/>
<query_value key="HKEY_LOCAL_MACHINE\SOFTWARE\Microsoft\Windows Desktop Search\Previewers\Extension\.mhtml" value="TemplateUrl"/>
<query_value key="HKEY_LOCAL_MACHINE\SOFTWARE\Microsoft\Windows Desktop Search\Previewers\Extension\.mhtml" value="ScriptOk"/>
<open_key key="HKEY_LOCAL_MACHINE\Software\Microsoft\Windows Desktop Search\Previewers\Extension\.nws"/>
<query_value key="HKEY_LOCAL_MACHINE\SOFTWARE\Microsoft\Windows Desktop Search\Previewers\Extension\.nws"/>
<query_value key="HKEY_LOCAL_MACHINE\SOFTWARE\Microsoft\Windows Desktop Search\Previewers\Extension\.nws" value="ContentType"/>
<query_value key="HKEY_LOCAL_MACHINE\SOFTWARE\Microsoft\Windows Desktop Search\Previewers\Extension\.nws" value="TemplateUrl"/>
<query_value key="HKEY_LOCAL_MACHINE\SOFTWARE\Microsoft\Windows Desktop Search\Previewers\Extension\.nws" value="ScriptOk"/>
<open_key key="HKEY_LOCAL_MACHINE\Software\Microsoft\Windows Desktop Search\Previewers\Extension\.pdf"/>
<query_value key="HKEY_LOCAL_MACHINE\SOFTWARE\Microsoft\Windows Desktop Search\Previewers\Extension\.pdf"/>
<query_value key="HKEY_LOCAL_MACHINE\SOFTWARE\Microsoft\Windows Desktop Search\Previewers\Extension\.pdf" value="ContentType"/>
<query_value key="HKEY_LOCAL_MACHINE\SOFTWARE\Microsoft\Windows Desktop Search\Previewers\Extension\.pdf" value="TemplateUrl"/>
<query_value key="HKEY_LOCAL_MACHINE\SOFTWARE\Microsoft\Windows Desktop Search\Previewers\Extension\.pdf" value="ScriptOk"/>
<open_key key="HKEY_LOCAL_MACHINE\Software\Microsoft\Windows Desktop Search\Previewers\Extension\.png"/>
<query_value key="HKEY_LOCAL_MACHINE\SOFTWARE\Microsoft\Windows Desktop Search\Previewers\Extension\.png"/>
<query_value key="HKEY_LOCAL_MACHINE\SOFTWARE\Microsoft\Windows Desktop Search\Previewers\Extension\.png" value="ContentType"/>
<query_value key="HKEY_LOCAL_MACHINE\SOFTWARE\Microsoft\Windows Desktop Search\Previewers\Extension\.png" value="TemplateUrl"/>
<query_value key="HKEY_LOCAL_MACHINE\SOFTWARE\Microsoft\Windows Desktop Search\Previewers\Extension\.png" value="ScriptOk"/>
<open_key key="HKEY_LOCAL_MACHINE\Software\Microsoft\Windows Desktop Search\Previewers\Extension\.pot"/>
<query_value key="HKEY_LOCAL_MACHINE\SOFTWARE\Microsoft\Windows Desktop Search\Previewers\Extension\.pot"/>
<query_value key="HKEY_LOCAL_MACHINE\SOFTWARE\Microsoft\Windows Desktop Search\Previewers\Extension\.pot" value="ContentType"/>
<query_value key="HKEY_LOCAL_MACHINE\SOFTWARE\Microsoft\Windows Desktop Search\Previewers\Extension\.pot" value="TemplateUrl"/>
<query_value key="HKEY_LOCAL_MACHINE\SOFTWARE\Microsoft\Windows Desktop Search\Previewers\Extension\.pot" value="ScriptOk"/>
<open_key key="HKEY_LOCAL_MACHINE\Software\Microsoft\Windows Desktop Search\Previewers\Extension\.pps"/>
<query_value key="HKEY_LOCAL_MACHINE\SOFTWARE\Microsoft\Windows Desktop Search\Previewers\Extension\.pps"/>
<query_value key="HKEY_LOCAL_MACHINE\SOFTWARE\Microsoft\Windows Desktop Search\Previewers\Extension\.pps" value="ContentType"/>
<query_value key="HKEY_LOCAL_MACHINE\SOFTWARE\Microsoft\Windows Desktop Search\Previewers\Extension\.pps" value="TemplateUrl"/>
<query_value key="HKEY_LOCAL_MACHINE\SOFTWARE\Microsoft\Windows Desktop Search\Previewers\Extension\.pps" value="ScriptOk"/>
<open_key key="HKEY_LOCAL_MACHINE\Software\Microsoft\Windows Desktop Search\Previewers\Extension\.ppt"/>
<query_value key="HKEY_LOCAL_MACHINE\SOFTWARE\Microsoft\Windows Desktop Search\Previewers\Extension\.ppt"/>
<query_value key="HKEY_LOCAL_MACHINE\SOFTWARE\Microsoft\Windows Desktop Search\Previewers\Extension\.ppt" value="ContentType"/>
<query_value key="HKEY_LOCAL_MACHINE\SOFTWARE\Microsoft\Windows Desktop Search\Previewers\Extension\.ppt" value="TemplateUrl"/>
<query_value key="HKEY_LOCAL_MACHINE\SOFTWARE\Microsoft\Windows Desktop Search\Previewers\Extension\.ppt" value="ScriptOk"/>
<open_key key="HKEY_LOCAL_MACHINE\Software\Microsoft\Windows Desktop Search\Previewers\Extension\.rtf"/>
<query_value key="HKEY_LOCAL_MACHINE\SOFTWARE\Microsoft\Windows Desktop Search\Previewers\Extension\.rtf"/>
<query_value key="HKEY_LOCAL_MACHINE\SOFTWARE\Microsoft\Windows Desktop Search\Previewers\Extension\.rtf" value="ContentType"/>
<query_value key="HKEY_LOCAL_MACHINE\SOFTWARE\Microsoft\Windows Desktop Search\Previewers\Extension\.rtf" value="TemplateUrl"/>
<query_value key="HKEY_LOCAL_MACHINE\SOFTWARE\Microsoft\Windows Desktop Search\Previewers\Extension\.rtf" value="ScriptOk"/>
<open_key key="HKEY_LOCAL_MACHINE\Software\Microsoft\Windows Desktop Search\Previewers\Extension\.txt"/>
<query_value key="HKEY_LOCAL_MACHINE\SOFTWARE\Microsoft\Windows Desktop Search\Previewers\Extension\.txt"/>
<query_value key="HKEY_LOCAL_MACHINE\SOFTWARE\Microsoft\Windows Desktop Search\Previewers\Extension\.txt" value="ContentType"/>
<query_value key="HKEY_LOCAL_MACHINE\SOFTWARE\Microsoft\Windows Desktop Search\Previewers\Extension\.txt" value="TemplateUrl"/>
<query_value key="HKEY_LOCAL_MACHINE\SOFTWARE\Microsoft\Windows Desktop Search\Previewers\Extension\.txt" value="ScriptOk"/>
<open_key key="HKEY_LOCAL_MACHINE\Software\Microsoft\Windows Desktop Search\Previewers\Extension\.vb"/>
<query_value key="HKEY_LOCAL_MACHINE\SOFTWARE\Microsoft\Windows Desktop Search\Previewers\Extension\.vb"/>
<query_value key="HKEY_LOCAL_MACHINE\SOFTWARE\Microsoft\Windows Desktop Search\Previewers\Extension\.vb" value="ContentType"/>
<query_value key="HKEY_LOCAL_MACHINE\SOFTWARE\Microsoft\Windows Desktop Search\Previewers\Extension\.vb" value="TemplateUrl"/>
<query_value key="HKEY_LOCAL_MACHINE\SOFTWARE\Microsoft\Windows Desktop Search\Previewers\Extension\.vb" value="ScriptOk"/>
<open_key key="HKEY_LOCAL_MACHINE\Software\Microsoft\Windows Desktop Search\Previewers\Extension\.wmf"/>
<query_value key="HKEY_LOCAL_MACHINE\SOFTWARE\Microsoft\Windows Desktop Search\Previewers\Extension\.wmf"/>
<query_value key="HKEY_LOCAL_MACHINE\SOFTWARE\Microsoft\Windows Desktop Search\Previewers\Extension\.wmf" value="ContentType"/>
<query_value key="HKEY_LOCAL_MACHINE\SOFTWARE\Microsoft\Windows Desktop Search\Previewers\Extension\.wmf" value="TemplateUrl"/>
<query_value key="HKEY_LOCAL_MACHINE\SOFTWARE\Microsoft\Windows Desktop Search\Previewers\Extension\.wmf" value="ScriptOk"/>
<open_key key="HKEY_LOCAL_MACHINE\Software\Microsoft\Windows Desktop Search\Previewers\Extension\.wrn"/>
<query_value key="HKEY_LOCAL_MACHINE\SOFTWARE\Microsoft\Windows Desktop Search\Previewers\Extension\.wrn"/>
<query_value key="HKEY_LOCAL_MACHINE\SOFTWARE\Microsoft\Windows Desktop Search\Previewers\Extension\.wrn" value="ContentType"/>
<query_value key="HKEY_LOCAL_MACHINE\SOFTWARE\Microsoft\Windows Desktop Search\Previewers\Extension\.wrn" value="TemplateUrl"/>
<query_value key="HKEY_LOCAL_MACHINE\SOFTWARE\Microsoft\Windows Desktop Search\Previewers\Extension\.wrn" value="ScriptOk"/>
<open_key key="HKEY_LOCAL_MACHINE\Software\Microsoft\Windows Desktop Search\Previewers\Extension\.xls"/>
<query_value key="HKEY_LOCAL_MACHINE\SOFTWARE\Microsoft\Windows Desktop Search\Previewers\Extension\.xls"/>
<query_value key="HKEY_LOCAL_MACHINE\SOFTWARE\Microsoft\Windows Desktop Search\Previewers\Extension\.xls" value="ContentType"/>
<query_value key="HKEY_LOCAL_MACHINE\SOFTWARE\Microsoft\Windows Desktop Search\Previewers\Extension\.xls" value="TemplateUrl"/>
<query_value key="HKEY_LOCAL_MACHINE\SOFTWARE\Microsoft\Windows Desktop Search\Previewers\Extension\.xls" value="ScriptOk"/>
<open_key key="HKEY_LOCAL_MACHINE\Software\Microsoft\Windows Desktop Search\Previewers\Extension\.xlt"/>
<query_value key="HKEY_LOCAL_MACHINE\SOFTWARE\Microsoft\Windows Desktop Search\Previewers\Extension\.xlt"/>
<query_value key="HKEY_LOCAL_MACHINE\SOFTWARE\Microsoft\Windows Desktop Search\Previewers\Extension\.xlt" value="ContentType"/>
<query_value key="HKEY_LOCAL_MACHINE\SOFTWARE\Microsoft\Windows Desktop Search\Previewers\Extension\.xlt" value="TemplateUrl"/>
<query_value key="HKEY_LOCAL_MACHINE\SOFTWARE\Microsoft\Windows Desktop Search\Previewers\Extension\.xlt" value="ScriptOk"/>
<open_key key="HKEY_LOCAL_MACHINE\Software\Microsoft\Windows Desktop Search\Previewers\Extension\.xml"/>
<query_value key="HKEY_LOCAL_MACHINE\SOFTWARE\Microsoft\Windows Desktop Search\Previewers\Extension\.xml"/>
<query_value key="HKEY_LOCAL_MACHINE\SOFTWARE\Microsoft\Windows Desktop Search\Previewers\Extension\.xml" value="ContentType"/>
<query_value key="HKEY_LOCAL_MACHINE\SOFTWARE\Microsoft\Windows Desktop Search\Previewers\Extension\.xml" value="TemplateUrl"/>
<query_value key="HKEY_LOCAL_MACHINE\SOFTWARE\Microsoft\Windows Desktop Search\Previewers\Extension\.xml" value="ScriptOk"/>
<open_key key="HKEY_LOCAL_MACHINE\Software\Microsoft\Windows Desktop Search\Previewers\Extension\.xsd"/>
<query_value key="HKEY_LOCAL_MACHINE\SOFTWARE\Microsoft\Windows Desktop Search\Previewers\Extension\.xsd"/>
<query_value key="HKEY_LOCAL_MACHINE\SOFTWARE\Microsoft\Windows Desktop Search\Previewers\Extension\.xsd" value="ContentType"/>
<query_value key="HKEY_LOCAL_MACHINE\SOFTWARE\Microsoft\Windows Desktop Search\Previewers\Extension\.xsd" value="TemplateUrl"/>
<query_value key="HKEY_LOCAL_MACHINE\SOFTWARE\Microsoft\Windows Desktop Search\Previewers\Extension\.xsd" value="ScriptOk"/>
<open_key key="HKEY_LOCAL_MACHINE\Software\Microsoft\Windows Desktop Search\Previewers\PerceivedType"/>
<enum_keys key="HKEY_LOCAL_MACHINE\SOFTWARE\Microsoft\Windows Desktop Search\Previewers\PerceivedType"/>
<open_key key="HKEY_LOCAL_MACHINE\Software\Microsoft\Windows Desktop Search\Previewers\PerceivedType\calendar"/>
<query_value key="HKEY_LOCAL_MACHINE\SOFTWARE\Microsoft\Windows Desktop Search\Previewers\PerceivedType\calendar"/>
<query_value key="HKEY_LOCAL_MACHINE\SOFTWARE\Microsoft\Windows Desktop Search\Previewers\PerceivedType\calendar" value="ContentType"/>
<query_value key="HKEY_LOCAL_MACHINE\SOFTWARE\Microsoft\Windows Desktop Search\Previewers\PerceivedType\calendar" value="TemplateUrl"/>
<query_value key="HKEY_LOCAL_MACHINE\SOFTWARE\Microsoft\Windows Desktop Search\Previewers\PerceivedType\calendar" value="ScriptOk"/>
<open_key key="HKEY_LOCAL_MACHINE\Software\Microsoft\Windows Desktop Search\Previewers\PerceivedType\communications"/>
<query_value key="HKEY_LOCAL_MACHINE\SOFTWARE\Microsoft\Windows Desktop Search\Previewers\PerceivedType\communications"/>
<query_value key="HKEY_LOCAL_MACHINE\SOFTWARE\Microsoft\Windows Desktop Search\Previewers\PerceivedType\communications" value="ContentType"/>
<query_value key="HKEY_LOCAL_MACHINE\SOFTWARE\Microsoft\Windows Desktop Search\Previewers\PerceivedType\communications" value="TemplateUrl"/>
<query_value key="HKEY_LOCAL_MACHINE\SOFTWARE\Microsoft\Windows Desktop Search\Previewers\PerceivedType\communications" value="ScriptOk"/>
<open_key key="HKEY_LOCAL_MACHINE\Software\Microsoft\Windows Desktop Search\Previewers\PerceivedType\contact"/>
<query_value key="HKEY_LOCAL_MACHINE\SOFTWARE\Microsoft\Windows Desktop Search\Previewers\PerceivedType\contact"/>
<query_value key="HKEY_LOCAL_MACHINE\SOFTWARE\Microsoft\Windows Desktop Search\Previewers\PerceivedType\contact" value="ContentType"/>
<query_value key="HKEY_LOCAL_MACHINE\SOFTWARE\Microsoft\Windows Desktop Search\Previewers\PerceivedType\contact" value="TemplateUrl"/>
<query_value key="HKEY_LOCAL_MACHINE\SOFTWARE\Microsoft\Windows Desktop Search\Previewers\PerceivedType\contact" value="ScriptOk"/>
<open_key key="HKEY_LOCAL_MACHINE\Software\Microsoft\Windows Desktop Search\Previewers\PerceivedType\document"/>
<query_value key="HKEY_LOCAL_MACHINE\SOFTWARE\Microsoft\Windows Desktop Search\Previewers\PerceivedType\document"/>
<query_value key="HKEY_LOCAL_MACHINE\SOFTWARE\Microsoft\Windows Desktop Search\Previewers\PerceivedType\document" value="ContentType"/>
<query_value key="HKEY_LOCAL_MACHINE\SOFTWARE\Microsoft\Windows Desktop Search\Previewers\PerceivedType\document" value="TemplateUrl"/>
<query_value key="HKEY_LOCAL_MACHINE\SOFTWARE\Microsoft\Windows Desktop Search\Previewers\PerceivedType\document" value="ScriptOk"/>
<open_key key="HKEY_LOCAL_MACHINE\Software\Microsoft\Windows Desktop Search\Previewers\PerceivedType\email"/>
<query_value key="HKEY_LOCAL_MACHINE\SOFTWARE\Microsoft\Windows Desktop Search\Previewers\PerceivedType\email"/>
<query_value key="HKEY_LOCAL_MACHINE\SOFTWARE\Microsoft\Windows Desktop Search\Previewers\PerceivedType\email" value="ContentType"/>
<query_value key="HKEY_LOCAL_MACHINE\SOFTWARE\Microsoft\Windows Desktop Search\Previewers\PerceivedType\email" value="TemplateUrl"/>
<query_value key="HKEY_LOCAL_MACHINE\SOFTWARE\Microsoft\Windows Desktop Search\Previewers\PerceivedType\email" value="ScriptOk"/>
<open_key key="HKEY_LOCAL_MACHINE\Software\Microsoft\Windows Desktop Search\Previewers\PerceivedType\favorite"/>
<query_value key="HKEY_LOCAL_MACHINE\SOFTWARE\Microsoft\Windows Desktop Search\Previewers\PerceivedType\favorite"/>
<query_value key="HKEY_LOCAL_MACHINE\SOFTWARE\Microsoft\Windows Desktop Search\Previewers\PerceivedType\favorite" value="ContentType"/>
<query_value key="HKEY_LOCAL_MACHINE\SOFTWARE\Microsoft\Windows Desktop Search\Previewers\PerceivedType\favorite" value="TemplateUrl"/>
<query_value key="HKEY_LOCAL_MACHINE\SOFTWARE\Microsoft\Windows Desktop Search\Previewers\PerceivedType\favorite" value="ScriptOk"/>
<open_key key="HKEY_LOCAL_MACHINE\Software\Microsoft\Windows Desktop Search\Previewers\PerceivedType\folder"/>
<query_value key="HKEY_LOCAL_MACHINE\SOFTWARE\Microsoft\Windows Desktop Search\Previewers\PerceivedType\folder"/>
<query_value key="HKEY_LOCAL_MACHINE\SOFTWARE\Microsoft\Windows Desktop Search\Previewers\PerceivedType\folder" value="ContentType"/>
<query_value key="HKEY_LOCAL_MACHINE\SOFTWARE\Microsoft\Windows Desktop Search\Previewers\PerceivedType\folder" value="TemplateUrl"/>
<query_value key="HKEY_LOCAL_MACHINE\SOFTWARE\Microsoft\Windows Desktop Search\Previewers\PerceivedType\folder" value="ScriptOk"/>
<open_key key="HKEY_LOCAL_MACHINE\Software\Microsoft\Windows Desktop Search\Previewers\PerceivedType\im"/>
<query_value key="HKEY_LOCAL_MACHINE\SOFTWARE\Microsoft\Windows Desktop Search\Previewers\PerceivedType\im"/>
<query_value key="HKEY_LOCAL_MACHINE\SOFTWARE\Microsoft\Windows Desktop Search\Previewers\PerceivedType\im" value="ContentType"/>
<query_value key="HKEY_LOCAL_MACHINE\SOFTWARE\Microsoft\Windows Desktop Search\Previewers\PerceivedType\im" value="TemplateUrl"/>
<query_value key="HKEY_LOCAL_MACHINE\SOFTWARE\Microsoft\Windows Desktop Search\Previewers\PerceivedType\im" value="ScriptOk"/>
<open_key key="HKEY_LOCAL_MACHINE\Software\Microsoft\Windows Desktop Search\Previewers\PerceivedType\images"/>
<query_value key="HKEY_LOCAL_MACHINE\SOFTWARE\Microsoft\Windows Desktop Search\Previewers\PerceivedType\images"/>
<query_value key="HKEY_LOCAL_MACHINE\SOFTWARE\Microsoft\Windows Desktop Search\Previewers\PerceivedType\images" value="ContentType"/>
<query_value key="HKEY_LOCAL_MACHINE\SOFTWARE\Microsoft\Windows Desktop Search\Previewers\PerceivedType\images" value="TemplateUrl"/>
<query_value key="HKEY_LOCAL_MACHINE\SOFTWARE\Microsoft\Windows Desktop Search\Previewers\PerceivedType\images" value="ScriptOk"/>
<open_key key="HKEY_LOCAL_MACHINE\Software\Microsoft\Windows Desktop Search\Previewers\PerceivedType\music"/>
<query_value key="HKEY_LOCAL_MACHINE\SOFTWARE\Microsoft\Windows Desktop Search\Previewers\PerceivedType\music"/>
<query_value key="HKEY_LOCAL_MACHINE\SOFTWARE\Microsoft\Windows Desktop Search\Previewers\PerceivedType\music" value="ContentType"/>
<query_value key="HKEY_LOCAL_MACHINE\SOFTWARE\Microsoft\Windows Desktop Search\Previewers\PerceivedType\music" value="TemplateUrl"/>
<query_value key="HKEY_LOCAL_MACHINE\SOFTWARE\Microsoft\Windows Desktop Search\Previewers\PerceivedType\music" value="ScriptOk"/>
<open_key key="HKEY_LOCAL_MACHINE\Software\Microsoft\Windows Desktop Search\Previewers\PerceivedType\note"/>
<query_value key="HKEY_LOCAL_MACHINE\SOFTWARE\Microsoft\Windows Desktop Search\Previewers\PerceivedType\note"/>
<query_value key="HKEY_LOCAL_MACHINE\SOFTWARE\Microsoft\Windows Desktop Search\Previewers\PerceivedType\note" value="ContentType"/>
<query_value key="HKEY_LOCAL_MACHINE\SOFTWARE\Microsoft\Windows Desktop Search\Previewers\PerceivedType\note" value="TemplateUrl"/>
<query_value key="HKEY_LOCAL_MACHINE\SOFTWARE\Microsoft\Windows Desktop Search\Previewers\PerceivedType\note" value="ScriptOk"/>
<open_key key="HKEY_LOCAL_MACHINE\Software\Microsoft\Windows Desktop Search\Previewers\PerceivedType\picture"/>
<query_value key="HKEY_LOCAL_MACHINE\SOFTWARE\Microsoft\Windows Desktop Search\Previewers\PerceivedType\picture"/>
<query_value key="HKEY_LOCAL_MACHINE\SOFTWARE\Microsoft\Windows Desktop Search\Previewers\PerceivedType\picture" value="ContentType"/>
<query_value key="HKEY_LOCAL_MACHINE\SOFTWARE\Microsoft\Windows Desktop Search\Previewers\PerceivedType\picture" value="TemplateUrl"/>
<query_value key="HKEY_LOCAL_MACHINE\SOFTWARE\Microsoft\Windows Desktop Search\Previewers\PerceivedType\picture" value="ScriptOk"/>
<open_key key="HKEY_LOCAL_MACHINE\Software\Microsoft\Windows Desktop Search\Previewers\PerceivedType\presentation"/>
<query_value key="HKEY_LOCAL_MACHINE\SOFTWARE\Microsoft\Windows Desktop Search\Previewers\PerceivedType\presentation"/>
<query_value key="HKEY_LOCAL_MACHINE\SOFTWARE\Microsoft\Windows Desktop Search\Previewers\PerceivedType\presentation" value="ContentType"/>
<query_value key="HKEY_LOCAL_MACHINE\SOFTWARE\Microsoft\Windows Desktop Search\Previewers\PerceivedType\presentation" value="TemplateUrl"/>
<query_value key="HKEY_LOCAL_MACHINE\SOFTWARE\Microsoft\Windows Desktop Search\Previewers\PerceivedType\presentation" value="ScriptOk"/>
<open_key key="HKEY_LOCAL_MACHINE\Software\Microsoft\Windows Desktop Search\Previewers\PerceivedType\program"/>
<query_value key="HKEY_LOCAL_MACHINE\SOFTWARE\Microsoft\Windows Desktop Search\Previewers\PerceivedType\program"/>
<query_value key="HKEY_LOCAL_MACHINE\SOFTWARE\Microsoft\Windows Desktop Search\Previewers\PerceivedType\program" value="ContentType"/>
<query_value key="HKEY_LOCAL_MACHINE\SOFTWARE\Microsoft\Windows Desktop Search\Previewers\PerceivedType\program" value="TemplateUrl"/>
<query_value key="HKEY_LOCAL_MACHINE\SOFTWARE\Microsoft\Windows Desktop Search\Previewers\PerceivedType\program" value="ScriptOk"/>
<open_key key="HKEY_LOCAL_MACHINE\Software\Microsoft\Windows Desktop Search\Previewers\PerceivedType\spreadsheet"/>
<query_value key="HKEY_LOCAL_MACHINE\SOFTWARE\Microsoft\Windows Desktop Search\Previewers\PerceivedType\spreadsheet"/>
<query_value key="HKEY_LOCAL_MACHINE\SOFTWARE\Microsoft\Windows Desktop Search\Previewers\PerceivedType\spreadsheet" value="ContentType"/>
<query_value key="HKEY_LOCAL_MACHINE\SOFTWARE\Microsoft\Windows Desktop Search\Previewers\PerceivedType\spreadsheet" value="TemplateUrl"/>
<query_value key="HKEY_LOCAL_MACHINE\SOFTWARE\Microsoft\Windows Desktop Search\Previewers\PerceivedType\spreadsheet" value="ScriptOk"/>
<open_key key="HKEY_LOCAL_MACHINE\Software\Microsoft\Windows Desktop Search\Previewers\PerceivedType\text"/>
<query_value key="HKEY_LOCAL_MACHINE\SOFTWARE\Microsoft\Windows Desktop Search\Previewers\PerceivedType\text"/>
<query_value key="HKEY_LOCAL_MACHINE\SOFTWARE\Microsoft\Windows Desktop Search\Previewers\PerceivedType\text" value="ContentType"/>
<query_value key="HKEY_LOCAL_MACHINE\SOFTWARE\Microsoft\Windows Desktop Search\Previewers\PerceivedType\text" value="TemplateUrl"/>
<query_value key="HKEY_LOCAL_MACHINE\SOFTWARE\Microsoft\Windows Desktop Search\Previewers\PerceivedType\text" value="ScriptOk"/>
<open_key key="HKEY_LOCAL_MACHINE\Software\Microsoft\Windows Desktop Search\Previewers\PerceivedType\video"/>
<query_value key="HKEY_LOCAL_MACHINE\SOFTWARE\Microsoft\Windows Desktop Search\Previewers\PerceivedType\video"/>
<query_value key="HKEY_LOCAL_MACHINE\SOFTWARE\Microsoft\Windows Desktop Search\Previewers\PerceivedType\video" value="ContentType"/>
<query_value key="HKEY_LOCAL_MACHINE\SOFTWARE\Microsoft\Windows Desktop Search\Previewers\PerceivedType\video" value="TemplateUrl"/>
<query_value key="HKEY_LOCAL_MACHINE\SOFTWARE\Microsoft\Windows Desktop Search\Previewers\PerceivedType\video" value="ScriptOk"/>
<find_file filetype="file" srcfile="c:\explorer.&#x2A;" srcfile_hash="hash_error" desiredaccess="FILE_ANY_ACCESS" flags="SECURITY_ANONYMOUS"/>
<get_system_directory/>
<find_file filetype="file" srcfile="C:\WINDOWS\system32\explorer.&#x2A;" srcfile_hash="hash_error" desiredaccess="FILE_ANY_ACCESS" flags="SECURITY_ANONYMOUS"/>
<get_windows_directory/>
<find_file filetype="file" srcfile="C:\WINDOWS\System\explorer.&#x2A;" srcfile_hash="hash_error" desiredaccess="FILE_ANY_ACCESS" flags="SECURITY_ANONYMOUS"/>
<get_windows_directory/>
<find_file filetype="file" srcfile="C:\WINDOWS\explorer.&#x2A;" srcfile_hash="hash_error" desiredaccess="FILE_ANY_ACCESS" flags="SECURITY_ANONYMOUS"/>
<com_get_class_object inprocserver32="C:\WINDOWS\system32\urlmon.dll" clsid="&#x7B;7B8A2D94-0AC9-11D1-896C-00C04FB6BFC4&#x7D;" interfaceid="&#x7B;00000001-0000-0000-C000-000000000046&#x7D;"/>
<load_dll filename="C:\WINDOWS\system32\urlmon.dll" successful="1" address="&#x24;452E0000" end_address="&#x24;45407000" size="1208320" filename_hash="d1fe6e0c349d546f931a4654415e648f30ed91cb"/>
<open_file filetype="namedpipe" srcfile="\\.\PIPE\lsarpc" creationdistribution="OPEN_EXISTING" desiredaccess="FILE_ANY_ACCESS" shareaccess="FILE_SHARE_READ FILE_SHARE_WRITE" flags="SECURITY_ANONYMOUS"/>
<get_file_attributes filetype="file" srcfile="C:\WINDOWS\explorer.exe" srcfile_hash="9d2bf84874abc5b6e9a2744b7865c193c08d362f" desiredaccess="FILE_ANY_ACCESS" flags="SECURITY_ANONYMOUS"/>
<get_file_attributes filetype="file" srcfile="C:\WINDOWS\explorer.exe:Zone.Identifier" srcfile_hash="hash_error" desiredaccess="FILE_ANY_ACCESS" flags="SECURITY_ANONYMOUS"/>
<load_dll filename="C:\WINDOWS\system32\SHELL32.dll" successful="1" address="&#x24;7E670000" end_address="&#x24;7EE91000" size="8523776" filename_hash="bbe9d57955e5d348e664b72faf331a7b9d722d0c"/>
<get_system_directory/>
<get_file_attributes filetype="file" srcfile="C:\WINDOWS\" srcfile_hash="hash_error" desiredaccess="FILE_ANY_ACCESS" flags="SECURITY_ANONYMOUS"/>
<open_file filetype="namedpipe" srcfile="\\.\PIPE\lsarpc" creationdistribution="OPEN_EXISTING" desiredaccess="FILE_ANY_ACCESS" shareaccess="FILE_SHARE_READ FILE_SHARE_WRITE" flags="SECURITY_ANONYMOUS"/>
<load_dll filename="C:\WINDOWS\system32\SHELL32.dll" successful="1" address="&#x24;7E670000" end_address="&#x24;7EE91000" size="8523776" filename_hash="bbe9d57955e5d348e664b72faf331a7b9d722d0c"/>
<open_file filetype="file" srcfile="C:\WINDOWS\AppPatch\sysmain.sdb" srcfile_hash="73a4cd369412da6a51064c776a3a0175daea5b82" creationdistribution="OPEN_EXISTING" desiredaccess="FILE_ANY_ACCESS FILE_READ_ATTRIBUTES" shareaccess="FILE_SHARE_READ" flags="FILE_ATTRIBUTE_NORMAL SECURITY_ANONYMOUS"/>
<open_file filetype="file" srcfile="C:\WINDOWS\AppPatch\systest.sdb" srcfile_hash="hash_error" creationdistribution="OPEN_EXISTING" desiredaccess="FILE_ANY_ACCESS FILE_READ_ATTRIBUTES" shareaccess="FILE_SHARE_READ" flags="FILE_ATTRIBUTE_NORMAL SECURITY_ANONYMOUS"/>
<open_key key="HKEY_LOCAL_MACHINE\System\WPA\TabletPC"/>
<open_key key="HKEY_LOCAL_MACHINE\SYSTEM\WPA\MediaCenter"/>
<query_value key="HKEY_LOCAL_MACHINE\SYSTEM\WPA\MediaCenter" value="Installed"/>
<open_file filetype="file" srcfile="\Device\NamedPipe\ShimViewer" srcfile_hash="hash_error" creationdistribution="OPEN_EXISTING" desiredaccess="FILE_ANY_ACCESS FILE_WRITE_ACCESS FILE_WRITE_DATA FILE_ADD_FILE FILE_ADD_SUBDIRECTORY FILE_APPEND_DATA FILE_CREATE_PIPE_INSTANCE FILE_WRITE_EA FILE_WRITE_ATTRIBUTES" flags="FILE_ATTRIBUTE_NORMAL SECURITY_ANONYMOUS"/>
<open_file filetype="file" srcfile="C:\WINDOWS\" srcfile_hash="hash_error" desiredaccess="FILE_ANY_ACCESS FILE_READ_ACCESS FILE_READ_DATA FILE_LIST_DIRECTORY" shareaccess="FILE_SHARE_READ FILE_SHARE_WRITE" flags="SECURITY_ANONYMOUS"/>
<find_file filetype="file" srcfile="C:\WINDOWS\explorer.exe" srcfile_hash="9d2bf84874abc5b6e9a2744b7865c193c08d362f" desiredaccess="FILE_ANY_ACCESS" flags="SECURITY_ANONYMOUS"/>
<open_key key="HKEY_LOCAL_MACHINE\Software\Microsoft\Windows NT\CurrentVersion\AppCompatFlags\Layers"/>
<open_key key="HKEY_CURRENT_USER\Software\Microsoft\Windows NT\CurrentVersion\AppCompatFlags\Layers"/>
<open_key key="HKEY_LOCAL_MACHINE\Software\Microsoft\Windows NT\CurrentVersion\AppCompatFlags\Custom\explorer.exe"/>
<load_dll filename="C:\WINDOWS\system32\version.dll" successful="1" address="&#x24;77BD0000" end_address="&#x24;77BD8000" size="32768" filename_hash="adf263b658136ccb3cde72d0e6dd634c5a5e5143"/>
<load_dll filename="C:\WINDOWS\explorer.exe" successful="1" address="&#x24;12D0001" end_address="&#x24;12D0001" size="0" filename_hash="9d2bf84874abc5b6e9a2744b7865c193c08d362f"/>
<open_key key="HKEY_LOCAL_MACHINE\Software\Microsoft\Windows NT\CurrentVersion\AppCompatFlags"/>
<open_key key="HKEY_CURRENT_USER\Software\Microsoft\Windows NT\CurrentVersion\AppCompatFlags"/>
<open_key key="HKEY_LOCAL_MACHINE\Software\Microsoft\Windows NT\CurrentVersion\AppCompatFlags"/>
<open_key key="HKEY_CURRENT_USER\Software\Microsoft\Windows NT\CurrentVersion\AppCompatFlags"/>
<enum_window/>
<destroy_window hwnd="&#x24;00010168" classname="CicMarshalWndClass" windowname="CicMarshalWndELJ"/>
<enum_window/>
<destroy_window hwnd="&#x24;00010168" classname="CicMarshalWndClass" windowname="CicMarshalWndELJ"/>
<enum_window/>
<destroy_window hwnd="&#x24;00010168" classname="CicMarshalWndClass" windowname="CicMarshalWndELJ"/>
<enum_window/>
<destroy_window hwnd="&#x24;00010168" classname="CicMarshalWndClass" windowname="CicMarshalWndELJ"/>
<enum_window/>
<destroy_window hwnd="&#x24;00010168" classname="CicMarshalWndClass" windowname="CicMarshalWndELJ"/>
<enum_window/>
<destroy_window hwnd="&#x24;00010168" classname="CicMarshalWndClass" windowname="CicMarshalWndELJ"/>
<enum_window/>
<destroy_window hwnd="&#x24;00010168" classname="CicMarshalWndClass" windowname="CicMarshalWndELJ"/>
<enum_window/>
<destroy_window hwnd="&#x24;00010168" classname="CicMarshalWndClass" windowname="CicMarshalWndELJ"/>
<enum_window/>
<destroy_window hwnd="&#x24;00010168" classname="CicMarshalWndClass" windowname="CicMarshalWndELJ"/>
<enum_window/>
<destroy_window hwnd="&#x24;00010168" classname="CicMarshalWndClass" windowname="CicMarshalWndELJ"/>
<enum_window/>
<destroy_window hwnd="&#x24;00010168" classname="CicMarshalWndClass" windowname="CicMarshalWndELJ"/>
<enum_window/>
<destroy_window hwnd="&#x24;00010168" classname="CicMarshalWndClass" windowname="CicMarshalWndELJ"/>
<enum_window/>
<destroy_window hwnd="&#x24;00010168" classname="CicMarshalWndClass" windowname="CicMarshalWndELJ"/>
<enum_window/>
<destroy_window hwnd="&#x24;00010168" classname="CicMarshalWndClass" windowname="CicMarshalWndELJ"/>
<enum_window/>
<destroy_window hwnd="&#x24;00010168" classname="CicMarshalWndClass" windowname="CicMarshalWndELJ"/>
<enum_window/>
<destroy_window hwnd="&#x24;00010168" classname="CicMarshalWndClass" windowname="CicMarshalWndELJ"/>
<enum_window/>
<destroy_window hwnd="&#x24;00010168" classname="CicMarshalWndClass" windowname="CicMarshalWndELJ"/>
<enum_window/>
<destroy_window hwnd="&#x24;00010168" classname="CicMarshalWndClass" windowname="CicMarshalWndELJ"/>
<enum_window/>
<destroy_window hwnd="&#x24;00010168" classname="CicMarshalWndClass" windowname="CicMarshalWndELJ"/>
<enum_window/>
<destroy_window hwnd="&#x24;00010168" classname="CicMarshalWndClass" windowname="CicMarshalWndELJ"/>
<enum_window/>
<destroy_window hwnd="&#x24;00010168" classname="CicMarshalWndClass" windowname="CicMarshalWndELJ"/>
<enum_window/>
<destroy_window hwnd="&#x24;00010168" classname="CicMarshalWndClass" windowname="CicMarshalWndELJ"/>
<enum_window/>
<destroy_window hwnd="&#x24;00010168" classname="CicMarshalWndClass" windowname="CicMarshalWndELJ"/>
<enum_window/>
<destroy_window hwnd="&#x24;00010168" classname="CicMarshalWndClass" windowname="CicMarshalWndELJ"/>
<enum_window/>
<destroy_window hwnd="&#x24;00010168" classname="CicMarshalWndClass" windowname="CicMarshalWndELJ"/>
<enum_window/>
<destroy_window hwnd="&#x24;00010168" classname="CicMarshalWndClass" windowname="CicMarshalWndELJ"/>
<enum_window/>
<destroy_window hwnd="&#x24;00010168" classname="CicMarshalWndClass" windowname="CicMarshalWndELJ"/>
<enum_window/>
<destroy_window hwnd="&#x24;00010168" classname="CicMarshalWndClass" windowname="CicMarshalWndELJ"/>
<enum_window/>
<destroy_window hwnd="&#x24;00010168" classname="CicMarshalWndClass" windowname="CicMarshalWndELJ"/>
<enum_window/>
<destroy_window hwnd="&#x24;00010168" classname="CicMarshalWndClass" windowname="CicMarshalWndELJ"/>
<enum_window/>
<destroy_window hwnd="&#x24;00010168" classname="CicMarshalWndClass" windowname="CicMarshalWndELJ"/>
<enum_window/>
<destroy_window hwnd="&#x24;00010168" classname="CicMarshalWndClass" windowname="CicMarshalWndELJ"/>
<enum_window/>
<destroy_window hwnd="&#x24;00010168" classname="CicMarshalWndClass" windowname="CicMarshalWndELJ"/>
<enum_window/>
<destroy_window hwnd="&#x24;00010168" classname="CicMarshalWndClass" windowname="CicMarshalWndELJ"/>
<enum_window/>
<destroy_window hwnd="&#x24;00010168" classname="CicMarshalWndClass" windowname="CicMarshalWndELJ"/>
<enum_window/>
<destroy_window hwnd="&#x24;00010168" classname="CicMarshalWndClass" windowname="CicMarshalWndELJ"/>
<enum_window/>
<destroy_window hwnd="&#x24;00010168" classname="CicMarshalWndClass" windowname="CicMarshalWndELJ"/>
<enum_window/>
<destroy_window hwnd="&#x24;00010168" classname="CicMarshalWndClass" windowname="CicMarshalWndELJ"/>
<enum_window/>
<destroy_window hwnd="&#x24;00010168" classname="CicMarshalWndClass" windowname="CicMarshalWndELJ"/>
<enum_window/>
<destroy_window hwnd="&#x24;00010168" classname="CicMarshalWndClass" windowname="CicMarshalWndELJ"/>
<create_process filename="explorer" filename_hash="hash_error" commandline="c:\" showwindow="SW_SHOWDEFAULT" apifunction="ShellExecuteA" successful="1"/>
<kill_process targetpid="2480" apifunction="NtTerminateProcess"/>
<enum_window/>
</all_section>
</thread>
<thread tid="2616">
<all_section>
<create_file filetype="file" srcfile="c:\regist.pdf" srcfile_hash="hash_error" creationdistribution="CREATE_ALWAYS" desiredaccess="FILE_ANY_ACCESS" shareaccess="FILE_SHARE_READ FILE_SHARE_WRITE" flags="FILE_ATTRIBUTE_NORMAL SECURITY_ANONYMOUS"/>
<open_file filetype="file" srcfile="c:\regist.pdf" srcfile_hash="hash_error" creationdistribution="OPEN_EXISTING" desiredaccess="FILE_ANY_ACCESS" shareaccess="FILE_SHARE_READ" flags="FILE_ATTRIBUTE_NORMAL SECURITY_ANONYMOUS"/>
<set_file_time filetype="file" srcfile="C:\regist.pdf" srcfile_hash="hash_error" desiredaccess="FILE_ANY_ACCESS" flags="SECURITY_ANONYMOUS"/>
<set_file_attributes filetype="file" srcfile="c:\regist.pdf" srcfile_hash="hash_error" desiredaccess="FILE_ANY_ACCESS" flags="FILE_ATTRIBUTE_ARCHIVE SECURITY_ANONYMOUS"/>
<get_system_directory/>
<load_dll filename="C:\WINDOWS\system32\MSCTF.dll" successful="1" address="&#x24;746A0000" end_address="&#x24;746EC000" size="311296" filename_hash="3c5a241879c49efae60e7d20c81195c0008fc317"/>
</all_section>
</thread>
<thread tid="2668">
<all_section>
<sleep milliseconds="250"/>
</all_section>
</thread>
</process>
<process index="2" pid="944" filename="C:\WINDOWS\system32\svchost.exe" filename_hash="49083ae3725a0488e0a8fbbe1335c745f70c4667" filesize="14336" md5="4fbc75b74479c7a6f829e0ca19df3366" sha1="97c7c354c12b89c797740b35ed81879be58f3deb" username="SYSTEM" parentindex="0" starttime="00:05.750" terminationtime="00:15.157" startreason="DCOMService" terminationreason="Timeout" executionstatus="OK">
<thread tid="2628">
<all_section>
<load_image filename="C:\WINDOWS\system32\svchost.exe" successful="1" address="&#x24;1000000" end_address="&#x24;1006000" size="24576" filename_hash="49083ae3725a0488e0a8fbbe1335c745f70c4667"/>
<load_dll filename="C:\WINDOWS\system32\ntdll.dll" successful="1" address="&#x24;7C910000" end_address="&#x24;7C9C9000" size="757760" filename_hash="e753d19a2e3b98b2b3b8f02f276092096d10f22d"/>
<load_dll filename="C:\WINDOWS\system32\kernel32.dll" successful="1" address="&#x24;7C800000" end_address="&#x24;7C908000" size="1081344" filename_hash="c88d57cc99f75cd928b47b6e444231f26670138f"/>
<load_dll filename="C:\WINDOWS\system32\ADVAPI32.dll" successful="1" address="&#x24;77DA0000" end_address="&#x24;77E4A000" size="696320" filename_hash="ea2e9bac1789b53d7efcd675a63f4a2b44898439"/>
<load_dll filename="C:\WINDOWS\system32\RPCRT4.dll" successful="1" address="&#x24;77E50000" end_address="&#x24;77EE2000" size="598016" filename_hash="f3bb6474ec18ee9cccc02ef44510a78b42058a41"/>
<load_dll filename="C:\WINDOWS\system32\Secur32.dll" successful="1" address="&#x24;77FC0000" end_address="&#x24;77FD1000" size="69632" filename_hash="31166d1e35a911a082149f5efac2dac228109615"/>
<load_dll filename="C:\WINDOWS\system32\ShimEng.dll" successful="1" address="&#x24;5CF00000" end_address="&#x24;5CF26000" size="155648" filename_hash="2ab219118ae324684eb7aaaf72eb4d9360ade81f"/>
<load_dll filename="C:\WINDOWS\AppPatch\AcGenral.DLL" successful="1" address="&#x24;6FD90000" end_address="&#x24;6FF5A000" size="1875968" filename_hash="d28c378f459fafa7367649554b729a80b3924aad"/>
<load_dll filename="C:\WINDOWS\system32\USER32.dll" successful="1" address="&#x24;7E360000" end_address="&#x24;7E3F1000" size="593920" filename_hash="08fe9ff1fe9b8fd237adedb10d65fb0447b91fe5"/>
<load_dll filename="C:\WINDOWS\system32\GDI32.dll" successful="1" address="&#x24;77EF0000" end_address="&#x24;77F39000" size="299008" filename_hash="0f37018f672c7635691f7317ade3c5a63904ec96"/>
<load_dll filename="C:\WINDOWS\system32\WINMM.dll" successful="1" address="&#x24;76AF0000" end_address="&#x24;76B1E000" size="188416" filename_hash="51f42782acdc790e4cabf402d71ef0fe24f9ad1b"/>
<load_dll filename="C:\WINDOWS\system32\ole32.dll" successful="1" address="&#x24;774B0000" end_address="&#x24;775ED000" size="1298432" filename_hash="c7753525d5276ab92a01a8a3c39cfb5269da7f98"/>
<load_dll filename="C:\WINDOWS\system32\msvcrt.dll" successful="1" address="&#x24;77BE0000" end_address="&#x24;77C38000" size="360448" filename_hash="70d5f97088cc9348bb9d10098af0738a696b96de"/>
<load_dll filename="C:\WINDOWS\system32\OLEAUT32.dll" successful="1" address="&#x24;770F0000" end_address="&#x24;7717B000" size="569344" filename_hash="3168a173d177f470928b468db777640861dcb32e"/>
<load_dll filename="C:\WINDOWS\system32\MSACM32.dll" successful="1" address="&#x24;77BB0000" end_address="&#x24;77BC5000" size="86016" filename_hash="9be8c8a0ce2316feff5783efbe259bb1f6334a63"/>
<load_dll filename="C:\WINDOWS\system32\VERSION.dll" successful="1" address="&#x24;77BD0000" end_address="&#x24;77BD8000" size="32768" filename_hash="adf263b658136ccb3cde72d0e6dd634c5a5e5143"/>
<load_dll filename="C:\WINDOWS\system32\SHELL32.dll" successful="1" address="&#x24;7E670000" end_address="&#x24;7EE91000" size="8523776" filename_hash="bbe9d57955e5d348e664b72faf331a7b9d722d0c"/>
<load_dll filename="C:\WINDOWS\system32\SHLWAPI.dll" successful="1" address="&#x24;77F40000" end_address="&#x24;77FB6000" size="483328" filename_hash="a9245beec2e139b31cd3b65e0f0e4804c030e639"/>
<load_dll filename="C:\WINDOWS\system32\USERENV.dll" successful="1" address="&#x24;76620000" end_address="&#x24;766D6000" size="745472" filename_hash="c7264e1fe77ea0e6d615077dd7cc6cc06aaa02cd"/>
<load_dll filename="C:\WINDOWS\system32\UxTheme.dll" successful="1" address="&#x24;5B0F0000" end_address="&#x24;5B128000" size="229376" filename_hash="16c4d24a172bfbc67f488d6b4086b9e10f8eaf4b"/>
<load_dll filename="C:\WINDOWS\system32\IMM32.DLL" successful="1" address="&#x24;76330000" end_address="&#x24;7634D000" size="118784" filename_hash="f9be7678080084bc3cb48d0cb64bba9ba98800f1"/>
<load_dll filename="C:\WINDOWS\WinSxS\x86_Microsoft.Windows.Common-Controls_6595b64144ccf1df_6.0.2600.5512_x-ww_35d4ce83\" successful="1" address="&#x24;773A0000" end_address="&#x24;774A3000" size="1060864" filename_hash="hash_error"/>
<load_dll filename="C:\WINDOWS\system32\comctl32.dll" successful="1" address="&#x24;5D450000" end_address="&#x24;5D4EA000" size="630784" filename_hash="ba126572bcb4ac594a3c37e2ac86db40b173878d"/>
<load_dll filename="C:\WINDOWS\system32\NTMARTA.DLL" successful="1" address="&#x24;77660000" end_address="&#x24;77681000" size="135168" filename_hash="7e2ea4d88645138e5edb646157fd702c347bb53a"/>
<load_dll filename="C:\WINDOWS\system32\SAMLIB.dll" successful="1" address="&#x24;71B70000" end_address="&#x24;71B83000" size="77824" filename_hash="a1d75237cedc30a45117ba1c2040ddfd9f7bb667"/>
<load_dll filename="C:\WINDOWS\system32\WLDAP32.dll" successful="1" address="&#x24;76F20000" end_address="&#x24;76F4D000" size="184320" filename_hash="03269df70bc4ff939f87ef528f8a5fcf2a708624"/>
<load_dll filename="c:\windows\system32\rpcss.dll" successful="1" address="&#x24;76A30000" end_address="&#x24;76A94000" size="409600" filename_hash="7391155a9976797c2072e013fa3c38197b268de7"/>
<load_dll filename="c:\windows\system32\WS2_32.dll" successful="1" address="&#x24;71A10000" end_address="&#x24;71A27000" size="94208" filename_hash="7cf3366c68e402eb3678046fe97651a586044560"/>
<load_dll filename="c:\windows\system32\WS2HELP.dll" successful="1" address="&#x24;71A00000" end_address="&#x24;71A08000" size="32768" filename_hash="317cc14a94fcf3d10749efbcab330b97f516fffb"/>
<load_dll filename="C:\WINDOWS\system32\xpsp2res.dll" successful="1" address="&#x24;630000" end_address="&#x24;909000" size="2985984" filename_hash="55401355585fac03b5d6991af85abf8db8fc9042"/>
<load_dll filename="C:\WINDOWS\system32\CLBCATQ.DLL" successful="1" address="&#x24;76F90000" end_address="&#x24;7700F000" size="520192" filename_hash="bd0f1633a7d858f27d3fa2bad744b766a1533490"/>
<load_dll filename="C:\WINDOWS\system32\COMRes.dll" successful="1" address="&#x24;77010000" end_address="&#x24;770E3000" size="864256" filename_hash="eda8c030913d048cda82aeb6066be39e005ce0f1"/>
<load_dll filename="c:\windows\system32\termsrv.dll" successful="1" address="&#x24;761D0000" end_address="&#x24;76224000" size="344064" filename_hash="86773aed393573d4bd59481185910bbaaf85790f"/>
<load_dll filename="c:\windows\system32\ICAAPI.dll" successful="1" address="&#x24;74EF0000" end_address="&#x24;74EF6000" size="24576" filename_hash="166e7e5c0064c63fb4516303b879d1c83b69cf2a"/>
<load_dll filename="c:\windows\system32\SETUPAPI.dll" successful="1" address="&#x24;778F0000" end_address="&#x24;779E4000" size="999424" filename_hash="8109df4e050264532bb5757e9da4ae12e29b800f"/>
<load_dll filename="C:\WINDOWS\system32\WINTRUST.dll" successful="1" address="&#x24;76BF0000" end_address="&#x24;76C1E000" size="188416" filename_hash="7bda19c92848a811077f780f569c0593d14b2a92"/>
<load_dll filename="C:\WINDOWS\system32\CRYPT32.dll" successful="1" address="&#x24;77A50000" end_address="&#x24;77AE6000" size="614400" filename_hash="3127dbe44b75c673c24f9ad63675ff91cd9c6321"/>
<load_dll filename="C:\WINDOWS\system32\MSASN1.dll" successful="1" address="&#x24;77AF0000" end_address="&#x24;77B02000" size="73728" filename_hash="e3b7e1519f060e76b7e5579c1974e6260bcdb324"/>
<load_dll filename="C:\WINDOWS\system32\IMAGEHLP.dll" successful="1" address="&#x24;76C50000" end_address="&#x24;76C78000" size="163840" filename_hash="2eaa144578f2beb69da027ca0e15445c98a95607"/>
<load_dll filename="c:\windows\system32\AUTHZ.dll" successful="1" address="&#x24;77690000" end_address="&#x24;776A2000" size="73728" filename_hash="36977fd1a696a3c3b974d2147d23425f7b0e6bec"/>
<load_dll filename="c:\windows\system32\mstlsapi.dll" successful="1" address="&#x24;75090000" end_address="&#x24;750AF000" size="126976" filename_hash="a88f24cb797bb85aba9ea841103faae3677188a7"/>
<load_dll filename="c:\windows\system32\ACTIVEDS.dll" successful="1" address="&#x24;77C90000" end_address="&#x24;77CC2000" size="204800" filename_hash="71dde7dea4019ab631fe85a31149a494363b7bdc"/>
<load_dll filename="c:\windows\system32\adsldpc.dll" successful="1" address="&#x24;76DD0000" end_address="&#x24;76DF5000" size="151552" filename_hash="1e272578a29b1c2ed7a013266ca50343a560fa2d"/>
<load_dll filename="C:\WINDOWS\system32\NETAPI32.dll" successful="1" address="&#x24;597D0000" end_address="&#x24;59825000" size="348160" filename_hash="5e935f90226ff224936edf449f925b647b535917"/>
<load_dll filename="c:\windows\system32\ATL.DLL" successful="1" address="&#x24;76AD0000" end_address="&#x24;76AE1000" size="69632" filename_hash="59cb82f432d529da3e81b030b2365c22a95fd35a"/>
<load_dll filename="C:\WINDOWS\system32\REGAPI.dll" successful="1" address="&#x24;76B70000" end_address="&#x24;76B7F000" size="61440" filename_hash="0b43cc40011a36366d3490973e82bcd162bb93da"/>
<load_dll filename="C:\WINDOWS\system32\rsaenh.dll" successful="1" address="&#x24;68000000" end_address="&#x24;68036000" size="221184" filename_hash="8e8dd9db03ed502d915dee9e4f9fd3f10593e27c"/>
<load_dll filename="C:\WINDOWS\system32\Apphelp.dll" successful="1" address="&#x24;77B10000" end_address="&#x24;77B32000" size="139264" filename_hash="016ea16586e3c27f4bd43341ba906187a416afe0"/>
<load_dll filename="C:\WINDOWS\system32\pstorec.dll" successful="1" address="&#x24;5E490000" end_address="&#x24;5E49D000" size="53248" filename_hash="8ae378a352c4a13516bf1fe5a8615d8893d2ff2d"/>
</all_section>
</thread>
</process>
<process index="3" pid="2696" filename="C:\WINDOWS\explorer.exe c:\" filename_hash="9d2bf84874abc5b6e9a2744b7865c193c08d362f" filesize="-1" username="Administrator" parentindex="1" starttime="00:09.125" terminationtime="00:10.875" startreason="CreateProcess" terminationreason="NormalTermination" executionstatus="OK">
<thread tid="2700">
<all_section>
<load_image filename="C:\WINDOWS\explorer.exe" successful="1" address="&#x24;1000000" end_address="&#x24;10FF000" size="1044480" filename_hash="9d2bf84874abc5b6e9a2744b7865c193c08d362f"/>
<load_dll filename="C:\WINDOWS\system32\ntdll.dll" successful="1" address="&#x24;7C910000" end_address="&#x24;7C9C9000" size="757760" filename_hash="e753d19a2e3b98b2b3b8f02f276092096d10f22d"/>
<load_dll filename="C:\WINDOWS\system32\kernel32.dll" successful="1" address="&#x24;7C800000" end_address="&#x24;7C908000" size="1081344" filename_hash="c88d57cc99f75cd928b47b6e444231f26670138f"/>
<load_dll filename="C:\WINDOWS\system32\ADVAPI32.dll" successful="1" address="&#x24;77DA0000" end_address="&#x24;77E4A000" size="696320" filename_hash="ea2e9bac1789b53d7efcd675a63f4a2b44898439"/>
<load_dll filename="C:\WINDOWS\system32\RPCRT4.dll" successful="1" address="&#x24;77E50000" end_address="&#x24;77EE2000" size="598016" filename_hash="f3bb6474ec18ee9cccc02ef44510a78b42058a41"/>
<load_dll filename="C:\WINDOWS\system32\Secur32.dll" successful="1" address="&#x24;77FC0000" end_address="&#x24;77FD1000" size="69632" filename_hash="31166d1e35a911a082149f5efac2dac228109615"/>
<load_dll filename="C:\WINDOWS\system32\BROWSEUI.dll" successful="1" address="&#x24;75F20000" end_address="&#x24;7601D000" size="1036288" filename_hash="031921b707e9622ecefb5cd6e1941119c411d4c9"/>
<load_dll filename="C:\WINDOWS\system32\GDI32.dll" successful="1" address="&#x24;77EF0000" end_address="&#x24;77F39000" size="299008" filename_hash="0f37018f672c7635691f7317ade3c5a63904ec96"/>
<load_dll filename="C:\WINDOWS\system32\USER32.dll" successful="1" address="&#x24;7E360000" end_address="&#x24;7E3F1000" size="593920" filename_hash="08fe9ff1fe9b8fd237adedb10d65fb0447b91fe5"/>
<load_dll filename="C:\WINDOWS\system32\msvcrt.dll" successful="1" address="&#x24;77BE0000" end_address="&#x24;77C38000" size="360448" filename_hash="70d5f97088cc9348bb9d10098af0738a696b96de"/>
<load_dll filename="C:\WINDOWS\system32\ole32.dll" successful="1" address="&#x24;774B0000" end_address="&#x24;775ED000" size="1298432" filename_hash="c7753525d5276ab92a01a8a3c39cfb5269da7f98"/>
<load_dll filename="C:\WINDOWS\system32\SHLWAPI.dll" successful="1" address="&#x24;77F40000" end_address="&#x24;77FB6000" size="483328" filename_hash="a9245beec2e139b31cd3b65e0f0e4804c030e639"/>
<load_dll filename="C:\WINDOWS\system32\OLEAUT32.dll" successful="1" address="&#x24;770F0000" end_address="&#x24;7717B000" size="569344" filename_hash="3168a173d177f470928b468db777640861dcb32e"/>
<load_dll filename="C:\WINDOWS\system32\SHDOCVW.dll" successful="1" address="&#x24;7E1E0000" end_address="&#x24;7E351000" size="1511424" filename_hash="89ae970134a7abbb63e83bb60d468ae016421929"/>
<load_dll filename="C:\WINDOWS\system32\CRYPT32.dll" successful="1" address="&#x24;77A50000" end_address="&#x24;77AE6000" size="614400" filename_hash="3127dbe44b75c673c24f9ad63675ff91cd9c6321"/>
<load_dll filename="C:\WINDOWS\system32\MSASN1.dll" successful="1" address="&#x24;77AF0000" end_address="&#x24;77B02000" size="73728" filename_hash="e3b7e1519f060e76b7e5579c1974e6260bcdb324"/>
<load_dll filename="C:\WINDOWS\system32\CRYPTUI.dll" successful="1" address="&#x24;76880000" end_address="&#x24;76905000" size="544768" filename_hash="8d72e84d63a0b44bca596c5f370fa0e4b595ac3c"/>
<load_dll filename="C:\WINDOWS\system32\NETAPI32.dll" successful="1" address="&#x24;597D0000" end_address="&#x24;59825000" size="348160" filename_hash="5e935f90226ff224936edf449f925b647b535917"/>
<load_dll filename="C:\WINDOWS\system32\VERSION.dll" successful="1" address="&#x24;77BD0000" end_address="&#x24;77BD8000" size="32768" filename_hash="adf263b658136ccb3cde72d0e6dd634c5a5e5143"/>
<load_dll filename="C:\WINDOWS\system32\WININET.dll" successful="1" address="&#x24;441E0000" end_address="&#x24;442B0000" size="851968" filename_hash="b076c231d541b2dd6665f7040a4695bf12d54e7e"/>
<load_dll filename="C:\WINDOWS\system32\Normaliz.dll" successful="1" address="&#x24;290000" end_address="&#x24;299000" size="36864" filename_hash="ecd1fc4ebcd524aefac77061a8c0b5e4a2a01a8d"/>
<load_dll filename="C:\WINDOWS\system32\iertutil.dll" successful="1" address="&#x24;43F60000" end_address="&#x24;43FA5000" size="282624" filename_hash="962fdf7a8839794fdb71eb6d15ae0824a89db8d7"/>
<load_dll filename="C:\WINDOWS\system32\WINTRUST.dll" successful="1" address="&#x24;76BF0000" end_address="&#x24;76C1E000" size="188416" filename_hash="7bda19c92848a811077f780f569c0593d14b2a92"/>
<load_dll filename="C:\WINDOWS\system32\IMAGEHLP.dll" successful="1" address="&#x24;76C50000" end_address="&#x24;76C78000" size="163840" filename_hash="2eaa144578f2beb69da027ca0e15445c98a95607"/>
<load_dll filename="C:\WINDOWS\system32\WLDAP32.dll" successful="1" address="&#x24;76F20000" end_address="&#x24;76F4D000" size="184320" filename_hash="03269df70bc4ff939f87ef528f8a5fcf2a708624"/>
<load_dll filename="C:\WINDOWS\system32\SHELL32.dll" successful="1" address="&#x24;7E670000" end_address="&#x24;7EE91000" size="8523776" filename_hash="bbe9d57955e5d348e664b72faf331a7b9d722d0c"/>
<load_dll filename="C:\WINDOWS\system32\UxTheme.dll" successful="1" address="&#x24;5B0F0000" end_address="&#x24;5B128000" size="229376" filename_hash="16c4d24a172bfbc67f488d6b4086b9e10f8eaf4b"/>
<load_dll filename="C:\WINDOWS\system32\ShimEng.dll" successful="1" address="&#x24;5CF00000" end_address="&#x24;5CF26000" size="155648" filename_hash="2ab219118ae324684eb7aaaf72eb4d9360ade81f"/>
<load_dll filename="C:\WINDOWS\AppPatch\AcGenral.DLL" successful="1" address="&#x24;6FD90000" end_address="&#x24;6FF5A000" size="1875968" filename_hash="d28c378f459fafa7367649554b729a80b3924aad"/>
<load_dll filename="C:\WINDOWS\system32\WINMM.dll" successful="1" address="&#x24;76AF0000" end_address="&#x24;76B1E000" size="188416" filename_hash="51f42782acdc790e4cabf402d71ef0fe24f9ad1b"/>
<load_dll filename="C:\WINDOWS\system32\MSACM32.dll" successful="1" address="&#x24;77BB0000" end_address="&#x24;77BC5000" size="86016" filename_hash="9be8c8a0ce2316feff5783efbe259bb1f6334a63"/>
<load_dll filename="C:\WINDOWS\system32\USERENV.dll" successful="1" address="&#x24;76620000" end_address="&#x24;766D6000" size="745472" filename_hash="c7264e1fe77ea0e6d615077dd7cc6cc06aaa02cd"/>
<load_dll filename="C:\WINDOWS\system32\IMM32.DLL" successful="1" address="&#x24;76330000" end_address="&#x24;7634D000" size="118784" filename_hash="f9be7678080084bc3cb48d0cb64bba9ba98800f1"/>
<load_dll filename="C:\WINDOWS\WinSxS\x86_Microsoft.Windows.Common-Controls_6595b64144ccf1df_6.0.2600.5512_x-ww_35d4ce83\" successful="1" address="&#x24;773A0000" end_address="&#x24;774A3000" size="1060864" filename_hash="hash_error"/>
<load_dll filename="C:\WINDOWS\system32\comctl32.dll" successful="1" address="&#x24;5D450000" end_address="&#x24;5D4EA000" size="630784" filename_hash="ba126572bcb4ac594a3c37e2ac86db40b173878d"/>
<load_dll filename="C:\WINDOWS\system32\pstorec.dll" successful="1" address="&#x24;5E490000" end_address="&#x24;5E49D000" size="53248" filename_hash="8ae378a352c4a13516bf1fe5a8615d8893d2ff2d"/>
<load_dll filename="C:\WINDOWS\system32\ATL.DLL" successful="1" address="&#x24;76AD0000" end_address="&#x24;76AE1000" size="69632" filename_hash="59cb82f432d529da3e81b030b2365c22a95fd35a"/>
<open_file filetype="file" srcfile="\\.\WMIDataDevice" srcfile_hash="hash_error" creationdistribution="OPEN_EXISTING" desiredaccess="FILE_ANY_ACCESS" flags="FILE_ATTRIBUTE_NORMAL SECURITY_ANONYMOUS"/>
<load_dll filename="C:\WINDOWS\WinSxS\x86_Microsoft.Windows.Common-Controls_6595b64144ccf1df_6.0.2600.5512_x-ww_35d4ce83\" successful="1" address="&#x24;773A0000" end_address="&#x24;774A3000" size="1060864" filename_hash="hash_error"/>
<check_for_debugger apifunction="IsDebuggerPresent"/>
<load_dll filename="C:\WINDOWS\system32\UxTheme.dll" successful="1" address="&#x24;5B0F0000" end_address="&#x24;5B128000" size="229376" filename_hash="16c4d24a172bfbc67f488d6b4086b9e10f8eaf4b"/>
<load_dll filename="C:\WINDOWS\system32\comctl32.dll" successful="1" address="&#x24;5D450000" end_address="&#x24;5D4EA000" size="630784" filename_hash="ba126572bcb4ac594a3c37e2ac86db40b173878d"/>
<open_key key="HKEY_CURRENT_USER\Software\Microsoft\Windows\CurrentVersion\Explorer"/>
<load_dll filename="C:\WINDOWS\system32\SHELL32.dll" successful="1" address="&#x24;7E670000" end_address="&#x24;7EE91000" size="8523776" filename_hash="bbe9d57955e5d348e664b72faf331a7b9d722d0c"/>
<get_system_directory/>
<get_file_attributes filetype="file" srcfile="C:\WINDOWS\" srcfile_hash="hash_error" desiredaccess="FILE_ANY_ACCESS" flags="SECURITY_ANONYMOUS"/>
<open_file filetype="namedpipe" srcfile="\\.\PIPE\lsarpc" creationdistribution="OPEN_EXISTING" desiredaccess="FILE_ANY_ACCESS" shareaccess="FILE_SHARE_READ FILE_SHARE_WRITE" flags="SECURITY_ANONYMOUS"/>
<open_process targetpid="1668" desiredaccess="PROCESS_DUP_HANDLE PROCESS_QUERY_INFORMATION" apifunction="NtOpenProcess" successful="1"/>
<open_process targetpid="1668" desiredaccess="PROCESS_QUERY_INFORMATION" apifunction="NtOpenProcess" successful="1"/>
<kill_process targetpid="2696" apifunction="NtTerminateProcess"/>
</all_section>
</thread>
</process>
</processes>
