<?xml version="1.0"?>
<processes>
<process index="1" pid="2496" filename="c:\2a20d0b9d8c0feb744e417c1fbf1ffaf.EX" filename_hash="hash_error" filesize="113152" md5="2a20d0b9d8c0feb744e417c1fbf1ffaf" sha1="075c18c6ad58f2d61470bfefafbfccfd60e02862" username="Administrator" parentindex="0" starttime="00:01.828" terminationtime="00:07.093" startreason="AnalysisTarget" terminationreason="NormalTermination" executionstatus="OK" applicationtype="Win32Application">
<thread tid="2500">
<all_section>
<load_image filename="c:\2a20d0b9d8c0feb744e417c1fbf1ffaf.EX" successful="1" address="&#x24;400000" end_address="&#x24;437000" size="225280" filename_hash="hash_error"/>
<load_dll filename="C:\WINDOWS\system32\ntdll.dll" successful="1" address="&#x24;7C910000" end_address="&#x24;7C9C9000" size="757760" filename_hash="e753d19a2e3b98b2b3b8f02f276092096d10f22d"/>
<load_dll filename="C:\WINDOWS\system32\kernel32.dll" successful="1" address="&#x24;7C800000" end_address="&#x24;7C908000" size="1081344" filename_hash="c88d57cc99f75cd928b47b6e444231f26670138f"/>
<load_dll filename="C:\WINDOWS\system32\ADVAPI32.dll" successful="1" address="&#x24;77DA0000" end_address="&#x24;77E4A000" size="696320" filename_hash="ea2e9bac1789b53d7efcd675a63f4a2b44898439"/>
<load_dll filename="C:\WINDOWS\system32\RPCRT4.dll" successful="1" address="&#x24;77E50000" end_address="&#x24;77EE2000" size="598016" filename_hash="f3bb6474ec18ee9cccc02ef44510a78b42058a41"/>
<load_dll filename="C:\WINDOWS\system32\Secur32.dll" successful="1" address="&#x24;77FC0000" end_address="&#x24;77FD1000" size="69632" filename_hash="31166d1e35a911a082149f5efac2dac228109615"/>
<load_dll filename="C:\WINDOWS\system32\USER32.dll" successful="1" address="&#x24;7E360000" end_address="&#x24;7E3F1000" size="593920" filename_hash="08fe9ff1fe9b8fd237adedb10d65fb0447b91fe5"/>
<load_dll filename="C:\WINDOWS\system32\GDI32.dll" successful="1" address="&#x24;77EF0000" end_address="&#x24;77F39000" size="299008" filename_hash="0f37018f672c7635691f7317ade3c5a63904ec96"/>
<load_dll filename="C:\WINDOWS\system32\IMM32.DLL" successful="1" address="&#x24;76330000" end_address="&#x24;7634D000" size="118784" filename_hash="f9be7678080084bc3cb48d0cb64bba9ba98800f1"/>
<load_dll filename="C:\WINDOWS\system32\oleaut32.dll" successful="1" address="&#x24;770F0000" end_address="&#x24;7717B000" size="569344" filename_hash="3168a173d177f470928b468db777640861dcb32e"/>
<load_dll filename="C:\WINDOWS\system32\msvcrt.dll" successful="1" address="&#x24;77BE0000" end_address="&#x24;77C38000" size="360448" filename_hash="70d5f97088cc9348bb9d10098af0738a696b96de"/>
<load_dll filename="C:\WINDOWS\system32\ole32.dll" successful="1" address="&#x24;774B0000" end_address="&#x24;775ED000" size="1298432" filename_hash="c7753525d5276ab92a01a8a3c39cfb5269da7f98"/>
<load_dll filename="C:\WINDOWS\system32\pstorec.dll" successful="1" address="&#x24;5E490000" end_address="&#x24;5E49D000" size="53248" filename_hash="8ae378a352c4a13516bf1fe5a8615d8893d2ff2d"/>
<load_dll filename="C:\WINDOWS\system32\ATL.DLL" successful="1" address="&#x24;76AD0000" end_address="&#x24;76AE1000" size="69632" filename_hash="59cb82f432d529da3e81b030b2365c22a95fd35a"/>
<load_dll filename="C:\WINDOWS\system32\kernel32.dll" successful="1" address="&#x24;7C800000" end_address="&#x24;7C908000" size="1081344" filename_hash="c88d57cc99f75cd928b47b6e444231f26670138f"/>
<load_dll filename="C:\WINDOWS\system32\ADVAPI32.dll" successful="1" address="&#x24;77DA0000" end_address="&#x24;77E4A000" size="696320" filename_hash="ea2e9bac1789b53d7efcd675a63f4a2b44898439"/>
<load_dll filename="C:\WINDOWS\system32\USER32.dll" successful="1" address="&#x24;7E360000" end_address="&#x24;7E3F1000" size="593920" filename_hash="08fe9ff1fe9b8fd237adedb10d65fb0447b91fe5"/>
<get_system_directory/>
<get_file_attributes filetype="file" srcfile="C:\WINDOWS\" srcfile_hash="hash_error" desiredaccess="FILE_ANY_ACCESS" flags="SECURITY_ANONYMOUS"/>
<open_key key="HKEY_LOCAL_MACHINE\Software\Policies\Microsoft\PCHealth\ErrorReporting"/>
<open_key key="HKEY_LOCAL_MACHINE\Software\Microsoft\PCHealth\ErrorReporting"/>
<delete_key key="HKEY_LOCAL_MACHINE\SOFTWARE\Microsoft\PCHealth\ErrorReporting\DW"/>
<open_key key="HKEY_LOCAL_MACHINE\SOFTWARE\Microsoft\PCHealth\ErrorReporting\DW"/>
<delete_value key="HKEY_LOCAL_MACHINE\SOFTWARE\Microsoft\PCHealth\ErrorReporting\DW" value="DWFileTreeRoot"/>
<query_value key="HKEY_LOCAL_MACHINE\SOFTWARE\Microsoft\PCHealth\ErrorReporting" value="DoReport"/>
<query_value key="HKEY_LOCAL_MACHINE\SOFTWARE\Microsoft\PCHealth\ErrorReporting" value="ShowUI"/>
<query_value key="HKEY_LOCAL_MACHINE\SOFTWARE\Microsoft\PCHealth\ErrorReporting" value="AllOrNone"/>
<query_value key="HKEY_LOCAL_MACHINE\SOFTWARE\Microsoft\PCHealth\ErrorReporting" value="IncludeMicrosoftApps"/>
<query_value key="HKEY_LOCAL_MACHINE\SOFTWARE\Microsoft\PCHealth\ErrorReporting" value="IncludeWindowsApps"/>
<query_value key="HKEY_LOCAL_MACHINE\SOFTWARE\Microsoft\PCHealth\ErrorReporting" value="DoTextLog"/>
<query_value key="HKEY_LOCAL_MACHINE\SOFTWARE\Microsoft\PCHealth\ErrorReporting" value="IncludeKernelFaults"/>
<query_value key="HKEY_LOCAL_MACHINE\SOFTWARE\Microsoft\PCHealth\ErrorReporting" value="IncludeShutdownErrs"/>
<query_value key="HKEY_LOCAL_MACHINE\SOFTWARE\Microsoft\PCHealth\ErrorReporting" value="NumberOfFaultPipes"/>
<query_value key="HKEY_LOCAL_MACHINE\SOFTWARE\Microsoft\PCHealth\ErrorReporting" value="NumberOfHangPipes"/>
<query_value key="HKEY_LOCAL_MACHINE\SOFTWARE\Microsoft\PCHealth\ErrorReporting" value="MaxUserQueueSize"/>
<query_value key="HKEY_LOCAL_MACHINE\SOFTWARE\Microsoft\PCHealth\ErrorReporting" value="ForceQueueMode"/>
<open_key key="HKEY_LOCAL_MACHINE\SOFTWARE\Microsoft\PCHealth\ErrorReporting\ExclusionList"/>
<open_key key="HKEY_LOCAL_MACHINE\SOFTWARE\Microsoft\PCHealth\ErrorReporting\InclusionList"/>
<kill_process targetpid="2496" apifunction="NtTerminateProcess"/>
</all_section>
</thread>
</process>
</processes>
