<?xml version="1.0"?>
<processes>
<process index="1" pid="1180" filename="c:\396f384482dd3705b23420480afafe02" filename_hash="hash_error" filesize="56320" md5="396f384482dd3705b23420480afafe02" sha1="09aeb8bee8f0769c645a6aec89e9bfda41c040ac" username="Administrator" parentindex="0" starttime="00:00.703" terminationtime="00:02.063" startreason="AnalysisTarget" terminationreason="NormalTermination" executionstatus="OK" applicationtype="Win32Application">
<thread tid="1184">
<all_section>
<load_image filename="c:\396f384482dd3705b23420480afafe02" successful="1" address="&#x24;400000" end_address="&#x24;416000" size="90112" filename_hash="hash_error"/>
<load_dll filename="C:\WINDOWS\system32\ntdll.dll" successful="1" address="&#x24;7C910000" end_address="&#x24;7C9C9000" size="757760" filename_hash="e753d19a2e3b98b2b3b8f02f276092096d10f22d"/>
<load_dll filename="C:\WINDOWS\system32\kernel32.dll" successful="1" address="&#x24;7C800000" end_address="&#x24;7C908000" size="1081344" filename_hash="c88d57cc99f75cd928b47b6e444231f26670138f"/>
<load_dll filename="C:\WINDOWS\system32\WS2_32.dll" successful="1" address="&#x24;71A10000" end_address="&#x24;71A27000" size="94208" filename_hash="7cf3366c68e402eb3678046fe97651a586044560"/>
<load_dll filename="C:\WINDOWS\system32\ADVAPI32.dll" successful="1" address="&#x24;77DA0000" end_address="&#x24;77E4A000" size="696320" filename_hash="ea2e9bac1789b53d7efcd675a63f4a2b44898439"/>
<load_dll filename="C:\WINDOWS\system32\RPCRT4.dll" successful="1" address="&#x24;77E50000" end_address="&#x24;77EE2000" size="598016" filename_hash="f3bb6474ec18ee9cccc02ef44510a78b42058a41"/>
<load_dll filename="C:\WINDOWS\system32\Secur32.dll" successful="1" address="&#x24;77FC0000" end_address="&#x24;77FD1000" size="69632" filename_hash="31166d1e35a911a082149f5efac2dac228109615"/>
<load_dll filename="C:\WINDOWS\system32\msvcrt.dll" successful="1" address="&#x24;77BE0000" end_address="&#x24;77C38000" size="360448" filename_hash="70d5f97088cc9348bb9d10098af0738a696b96de"/>
<load_dll filename="C:\WINDOWS\system32\WS2HELP.dll" successful="1" address="&#x24;71A00000" end_address="&#x24;71A08000" size="32768" filename_hash="317cc14a94fcf3d10749efbcab330b97f516fffb"/>
<load_dll filename="C:\WINDOWS\system32\user32.dll" successful="1" address="&#x24;7E360000" end_address="&#x24;7E3F1000" size="593920" filename_hash="08fe9ff1fe9b8fd237adedb10d65fb0447b91fe5"/>
<load_dll filename="C:\WINDOWS\system32\GDI32.dll" successful="1" address="&#x24;77EF0000" end_address="&#x24;77F39000" size="299008" filename_hash="0f37018f672c7635691f7317ade3c5a63904ec96"/>
<load_dll filename="C:\WINDOWS\system32\oleaut32.dll" successful="1" address="&#x24;770F0000" end_address="&#x24;7717B000" size="569344" filename_hash="3168a173d177f470928b468db777640861dcb32e"/>
<load_dll filename="C:\WINDOWS\system32\ole32.dll" successful="1" address="&#x24;774B0000" end_address="&#x24;775ED000" size="1298432" filename_hash="c7753525d5276ab92a01a8a3c39cfb5269da7f98"/>
<load_dll filename="C:\WINDOWS\system32\IMM32.DLL" successful="1" address="&#x24;76330000" end_address="&#x24;7634D000" size="118784" filename_hash="f9be7678080084bc3cb48d0cb64bba9ba98800f1"/>
<load_dll filename="C:\WINDOWS\system32\pstorec.dll" successful="1" address="&#x24;5E490000" end_address="&#x24;5E49D000" size="53248" filename_hash="8ae378a352c4a13516bf1fe5a8615d8893d2ff2d"/>
<load_dll filename="C:\WINDOWS\system32\ATL.DLL" successful="1" address="&#x24;76AD0000" end_address="&#x24;76AE1000" size="69632" filename_hash="59cb82f432d529da3e81b030b2365c22a95fd35a"/>
<create_mutex name="l0r5" owned="0"/>
<send_socket socket="0" buffer_len="0"/>
<load_dll filename="C:\WINDOWS\system32\kernel32.dll" successful="1" address="&#x24;7C800000" end_address="&#x24;7C908000" size="1081344" filename_hash="c88d57cc99f75cd928b47b6e444231f26670138f"/>
<load_dll filename="C:\WINDOWS\system32\ADVAPI32.dll" successful="1" address="&#x24;77DA0000" end_address="&#x24;77E4A000" size="696320" filename_hash="ea2e9bac1789b53d7efcd675a63f4a2b44898439"/>
<load_dll filename="C:\WINDOWS\system32\SHLWAPI.dll" successful="1" address="&#x24;77F40000" end_address="&#x24;77FB6000" size="483328" filename_hash="a9245beec2e139b31cd3b65e0f0e4804c030e639"/>
<load_dll filename="C:\WINDOWS\system32\kernel32.dll" successful="1" address="&#x24;7C800000" end_address="&#x24;7C908000" size="1081344" filename_hash="c88d57cc99f75cd928b47b6e444231f26670138f"/>
<load_dll filename="C:\WINDOWS\system32\ADVAPI32.dll" successful="1" address="&#x24;77DA0000" end_address="&#x24;77E4A000" size="696320" filename_hash="ea2e9bac1789b53d7efcd675a63f4a2b44898439"/>
<load_dll filename="C:\WINDOWS\system32\SHLWAPI.dll" successful="1" address="&#x24;77F40000" end_address="&#x24;77FB6000" size="483328" filename_hash="a9245beec2e139b31cd3b65e0f0e4804c030e639"/>
<open_file filetype="file" srcfile="c:\396f384482dd3705b23420480afafe02" srcfile_hash="hash_error" creationdistribution="OPEN_EXISTING" desiredaccess="FILE_ANY_ACCESS" flags="FILE_ATTRIBUTE_NORMAL SECURITY_ANONYMOUS"/>
<create_file filetype="file" srcfile="C:\WINDOWS\System32\reader_s.exe" srcfile_hash="hash_error" creationdistribution="CREATE_ALWAYS" desiredaccess="FILE_ANY_ACCESS" flags="FILE_ATTRIBUTE_NORMAL SECURITY_ANONYMOUS"/>
<open_file filetype="file" srcfile="C:\WINDOWS\AppPatch\sysmain.sdb" srcfile_hash="73a4cd369412da6a51064c776a3a0175daea5b82" creationdistribution="OPEN_EXISTING" desiredaccess="FILE_ANY_ACCESS FILE_READ_ATTRIBUTES" shareaccess="FILE_SHARE_READ" flags="FILE_ATTRIBUTE_NORMAL SECURITY_ANONYMOUS"/>
<open_file filetype="file" srcfile="C:\WINDOWS\AppPatch\systest.sdb" srcfile_hash="hash_error" creationdistribution="OPEN_EXISTING" desiredaccess="FILE_ANY_ACCESS FILE_READ_ATTRIBUTES" shareaccess="FILE_SHARE_READ" flags="FILE_ATTRIBUTE_NORMAL SECURITY_ANONYMOUS"/>
<open_key key="HKEY_LOCAL_MACHINE\System\WPA\TabletPC"/>
<open_key key="HKEY_LOCAL_MACHINE\SYSTEM\WPA\MediaCenter"/>
<query_value key="HKEY_LOCAL_MACHINE\SYSTEM\WPA\MediaCenter" value="Installed"/>
<open_file filetype="file" srcfile="\Device\NamedPipe\ShimViewer" srcfile_hash="hash_error" creationdistribution="OPEN_EXISTING" desiredaccess="FILE_ANY_ACCESS FILE_WRITE_ACCESS FILE_WRITE_DATA FILE_ADD_FILE FILE_ADD_SUBDIRECTORY FILE_APPEND_DATA FILE_CREATE_PIPE_INSTANCE FILE_WRITE_EA FILE_WRITE_ATTRIBUTES" flags="FILE_ATTRIBUTE_NORMAL SECURITY_ANONYMOUS"/>
<open_file filetype="file" srcfile="C:\WINDOWS\System32\" srcfile_hash="hash_error" desiredaccess="FILE_ANY_ACCESS FILE_READ_ACCESS FILE_READ_DATA FILE_LIST_DIRECTORY" shareaccess="FILE_SHARE_READ FILE_SHARE_WRITE" flags="SECURITY_ANONYMOUS"/>
<find_file filetype="file" srcfile="C:\WINDOWS\system32\reader_s.exe" srcfile_hash="hash_error" desiredaccess="FILE_ANY_ACCESS" flags="SECURITY_ANONYMOUS"/>
<open_key key="HKEY_LOCAL_MACHINE\Software\Microsoft\Windows NT\CurrentVersion\AppCompatFlags\Layers"/>
<open_key key="HKEY_CURRENT_USER\Software\Microsoft\Windows NT\CurrentVersion\AppCompatFlags\Layers"/>
<open_key key="HKEY_LOCAL_MACHINE\Software\Microsoft\Windows NT\CurrentVersion\AppCompatFlags\Custom\reader_s.exe"/>
<create_process commandline="&#x22;C:\WINDOWS\System32\reader_s.exe&#x22; /n" targetpid="1224" showwindow="SW_HIDE" apifunction="CreateProcessA" successful="1"/>
<create_file filetype="file" srcfile="C:\Dokumente und Einstellungen\Administrator\reader_s.exe" srcfile_hash="hash_error" creationdistribution="CREATE_ALWAYS" desiredaccess="FILE_ANY_ACCESS" flags="FILE_ATTRIBUTE_NORMAL SECURITY_ANONYMOUS"/>
<open_file filetype="file" srcfile="C:\WINDOWS\AppPatch\sysmain.sdb" srcfile_hash="73a4cd369412da6a51064c776a3a0175daea5b82" creationdistribution="OPEN_EXISTING" desiredaccess="FILE_ANY_ACCESS FILE_READ_ATTRIBUTES" shareaccess="FILE_SHARE_READ" flags="FILE_ATTRIBUTE_NORMAL SECURITY_ANONYMOUS"/>
<open_file filetype="file" srcfile="C:\WINDOWS\AppPatch\systest.sdb" srcfile_hash="hash_error" creationdistribution="OPEN_EXISTING" desiredaccess="FILE_ANY_ACCESS FILE_READ_ATTRIBUTES" shareaccess="FILE_SHARE_READ" flags="FILE_ATTRIBUTE_NORMAL SECURITY_ANONYMOUS"/>
<open_key key="HKEY_LOCAL_MACHINE\System\WPA\TabletPC"/>
<open_key key="HKEY_LOCAL_MACHINE\SYSTEM\WPA\MediaCenter"/>
<query_value key="HKEY_LOCAL_MACHINE\SYSTEM\WPA\MediaCenter" value="Installed"/>
<open_file filetype="file" srcfile="\Device\NamedPipe\ShimViewer" srcfile_hash="hash_error" creationdistribution="OPEN_EXISTING" desiredaccess="FILE_ANY_ACCESS FILE_WRITE_ACCESS FILE_WRITE_DATA FILE_ADD_FILE FILE_ADD_SUBDIRECTORY FILE_APPEND_DATA FILE_CREATE_PIPE_INSTANCE FILE_WRITE_EA FILE_WRITE_ATTRIBUTES" flags="FILE_ATTRIBUTE_NORMAL SECURITY_ANONYMOUS"/>
<open_file filetype="file" srcfile="C:\WINDOWS\system32\" srcfile_hash="hash_error" desiredaccess="FILE_ANY_ACCESS FILE_READ_ACCESS FILE_READ_DATA FILE_LIST_DIRECTORY" shareaccess="FILE_SHARE_READ FILE_SHARE_WRITE" flags="SECURITY_ANONYMOUS"/>
<find_file filetype="file" srcfile="C:\WINDOWS\system32\cmd.exe" srcfile_hash="811a005cf787c6ccbe0d9f1c36c1d49a9cb71fd1" desiredaccess="FILE_ANY_ACCESS" flags="SECURITY_ANONYMOUS"/>
<open_key key="HKEY_LOCAL_MACHINE\Software\Microsoft\Windows NT\CurrentVersion\AppCompatFlags\Layers"/>
<open_key key="HKEY_CURRENT_USER\Software\Microsoft\Windows NT\CurrentVersion\AppCompatFlags\Layers"/>
<open_key key="HKEY_LOCAL_MACHINE\Software\Microsoft\Windows NT\CurrentVersion\AppCompatFlags\Custom\cmd.exe"/>
<load_dll filename="C:\WINDOWS\system32\VERSION.dll" successful="1" address="&#x24;77BD0000" end_address="&#x24;77BD8000" size="32768" filename_hash="adf263b658136ccb3cde72d0e6dd634c5a5e5143"/>
<load_dll filename="C:\WINDOWS\system32\cmd.exe" successful="1" address="&#x24;E30001" end_address="&#x24;E30001" size="0" filename_hash="811a005cf787c6ccbe0d9f1c36c1d49a9cb71fd1"/>
<open_key key="HKEY_LOCAL_MACHINE\Software\Microsoft\Windows NT\CurrentVersion\AppCompatFlags"/>
<open_key key="HKEY_CURRENT_USER\Software\Microsoft\Windows NT\CurrentVersion\AppCompatFlags"/>
<create_process filename="C:\WINDOWS\system32\cmd.exe" filename_hash="811a005cf787c6ccbe0d9f1c36c1d49a9cb71fd1" commandline="/c del c:\396F38&#x7E;1 &#x3E;&#x3E; NUL" targetpid="1036" showwindow="SW_HIDE" apifunction="CreateProcessA" successful="1"/>
<kill_process targetpid="1180" apifunction="NtTerminateProcess"/>
</all_section>
</thread>
</process>
<process index="2" pid="1224" filename="C:\WINDOWS\System32\reader_s.exe /n" filename_hash="hash_error" filesize="-1" username="Administrator" parentindex="1" starttime="00:01.672" terminationtime="02:02.172" startreason="CreateProcess" terminationreason="Timeout" executionstatus="OK">
<thread tid="1228">
<all_section>
<load_image filename="C:\WINDOWS\System32\reader_s.exe" successful="1" address="&#x24;400000" end_address="&#x24;416000" size="90112" filename_hash="hash_error"/>
<load_dll filename="C:\WINDOWS\system32\ntdll.dll" successful="1" address="&#x24;7C910000" end_address="&#x24;7C9C9000" size="757760" filename_hash="e753d19a2e3b98b2b3b8f02f276092096d10f22d"/>
<load_dll filename="C:\WINDOWS\system32\kernel32.dll" successful="1" address="&#x24;7C800000" end_address="&#x24;7C908000" size="1081344" filename_hash="c88d57cc99f75cd928b47b6e444231f26670138f"/>
<load_dll filename="C:\WINDOWS\System32\WS2_32.dll" successful="1" address="&#x24;71A10000" end_address="&#x24;71A27000" size="94208" filename_hash="7cf3366c68e402eb3678046fe97651a586044560"/>
<load_dll filename="C:\WINDOWS\system32\ADVAPI32.dll" successful="1" address="&#x24;77DA0000" end_address="&#x24;77E4A000" size="696320" filename_hash="ea2e9bac1789b53d7efcd675a63f4a2b44898439"/>
<load_dll filename="C:\WINDOWS\system32\RPCRT4.dll" successful="1" address="&#x24;77E50000" end_address="&#x24;77EE2000" size="598016" filename_hash="f3bb6474ec18ee9cccc02ef44510a78b42058a41"/>
<load_dll filename="C:\WINDOWS\system32\Secur32.dll" successful="1" address="&#x24;77FC0000" end_address="&#x24;77FD1000" size="69632" filename_hash="31166d1e35a911a082149f5efac2dac228109615"/>
<load_dll filename="C:\WINDOWS\system32\msvcrt.dll" successful="1" address="&#x24;77BE0000" end_address="&#x24;77C38000" size="360448" filename_hash="70d5f97088cc9348bb9d10098af0738a696b96de"/>
<load_dll filename="C:\WINDOWS\System32\WS2HELP.dll" successful="1" address="&#x24;71A00000" end_address="&#x24;71A08000" size="32768" filename_hash="317cc14a94fcf3d10749efbcab330b97f516fffb"/>
<load_dll filename="C:\WINDOWS\system32\user32.dll" successful="1" address="&#x24;7E360000" end_address="&#x24;7E3F1000" size="593920" filename_hash="08fe9ff1fe9b8fd237adedb10d65fb0447b91fe5"/>
<load_dll filename="C:\WINDOWS\system32\GDI32.dll" successful="1" address="&#x24;77EF0000" end_address="&#x24;77F39000" size="299008" filename_hash="0f37018f672c7635691f7317ade3c5a63904ec96"/>
<load_dll filename="C:\WINDOWS\system32\oleaut32.dll" successful="1" address="&#x24;770F0000" end_address="&#x24;7717B000" size="569344" filename_hash="3168a173d177f470928b468db777640861dcb32e"/>
<load_dll filename="C:\WINDOWS\system32\ole32.dll" successful="1" address="&#x24;774B0000" end_address="&#x24;775ED000" size="1298432" filename_hash="c7753525d5276ab92a01a8a3c39cfb5269da7f98"/>
<load_dll filename="C:\WINDOWS\system32\IMM32.DLL" successful="1" address="&#x24;76330000" end_address="&#x24;7634D000" size="118784" filename_hash="f9be7678080084bc3cb48d0cb64bba9ba98800f1"/>
<load_dll filename="C:\WINDOWS\System32\pstorec.dll" successful="1" address="&#x24;5E490000" end_address="&#x24;5E49D000" size="53248" filename_hash="8ae378a352c4a13516bf1fe5a8615d8893d2ff2d"/>
<load_dll filename="C:\WINDOWS\System32\ATL.DLL" successful="1" address="&#x24;76AD0000" end_address="&#x24;76AE1000" size="69632" filename_hash="59cb82f432d529da3e81b030b2365c22a95fd35a"/>
<create_mutex name="l0r5" owned="0"/>
<send_socket socket="0" buffer_len="0"/>
<load_dll filename="C:\WINDOWS\system32\kernel32.dll" successful="1" address="&#x24;7C800000" end_address="&#x24;7C908000" size="1081344" filename_hash="c88d57cc99f75cd928b47b6e444231f26670138f"/>
<load_dll filename="C:\WINDOWS\system32\ADVAPI32.dll" successful="1" address="&#x24;77DA0000" end_address="&#x24;77E4A000" size="696320" filename_hash="ea2e9bac1789b53d7efcd675a63f4a2b44898439"/>
<load_dll filename="C:\WINDOWS\system32\SHLWAPI.dll" successful="1" address="&#x24;77F40000" end_address="&#x24;77FB6000" size="483328" filename_hash="a9245beec2e139b31cd3b65e0f0e4804c030e639"/>
<load_dll filename="C:\WINDOWS\system32\kernel32.dll" successful="1" address="&#x24;7C800000" end_address="&#x24;7C908000" size="1081344" filename_hash="c88d57cc99f75cd928b47b6e444231f26670138f"/>
<load_dll filename="C:\WINDOWS\system32\ADVAPI32.dll" successful="1" address="&#x24;77DA0000" end_address="&#x24;77E4A000" size="696320" filename_hash="ea2e9bac1789b53d7efcd675a63f4a2b44898439"/>
<load_dll filename="C:\WINDOWS\system32\SHLWAPI.dll" successful="1" address="&#x24;77F40000" end_address="&#x24;77FB6000" size="483328" filename_hash="a9245beec2e139b31cd3b65e0f0e4804c030e639"/>
<create_thread targetpid="1224" threadid="1188" address="&#x24;131019D0" parameteraddress="&#x24;00000000"/>
<open_key key="HKEY_LOCAL_MACHINE\Software\Microsoft\Windows\CurrentVersion\Run"/>
<set_value key="HKEY_LOCAL_MACHINE\SOFTWARE\Microsoft\Windows\CurrentVersion\Run" value="reader_s" data="C:\WINDOWS\System32\reader_s.exe"/>
<open_key key="HKEY_CURRENT_USER\Software\Microsoft\Windows\CurrentVersion\Run"/>
<set_value key="HKEY_CURRENT_USER\Software\Microsoft\Windows\CurrentVersion\Run" value="reader_s" data="C:\Dokumente und Einstellungen\Administrator\reader_s.exe"/>
<sleep milliseconds="20000"/>
<open_key key="HKEY_LOCAL_MACHINE\Software\Microsoft\Windows\CurrentVersion\Run"/>
<set_value key="HKEY_LOCAL_MACHINE\SOFTWARE\Microsoft\Windows\CurrentVersion\Run" value="reader_s" data="C:\WINDOWS\System32\reader_s.exe"/>
<open_key key="HKEY_CURRENT_USER\Software\Microsoft\Windows\CurrentVersion\Run"/>
<set_value key="HKEY_CURRENT_USER\Software\Microsoft\Windows\CurrentVersion\Run" value="reader_s" data="C:\Dokumente und Einstellungen\Administrator\reader_s.exe"/>
<sleep milliseconds="20000"/>
<open_key key="HKEY_LOCAL_MACHINE\Software\Microsoft\Windows\CurrentVersion\Run"/>
<set_value key="HKEY_LOCAL_MACHINE\SOFTWARE\Microsoft\Windows\CurrentVersion\Run" value="reader_s" data="C:\WINDOWS\System32\reader_s.exe"/>
<open_key key="HKEY_CURRENT_USER\Software\Microsoft\Windows\CurrentVersion\Run"/>
<set_value key="HKEY_CURRENT_USER\Software\Microsoft\Windows\CurrentVersion\Run" value="reader_s" data="C:\Dokumente und Einstellungen\Administrator\reader_s.exe"/>
<sleep milliseconds="20000"/>
<open_key key="HKEY_LOCAL_MACHINE\Software\Microsoft\Windows\CurrentVersion\Run"/>
<set_value key="HKEY_LOCAL_MACHINE\SOFTWARE\Microsoft\Windows\CurrentVersion\Run" value="reader_s" data="C:\WINDOWS\System32\reader_s.exe"/>
<open_key key="HKEY_CURRENT_USER\Software\Microsoft\Windows\CurrentVersion\Run"/>
<set_value key="HKEY_CURRENT_USER\Software\Microsoft\Windows\CurrentVersion\Run" value="reader_s" data="C:\Dokumente und Einstellungen\Administrator\reader_s.exe"/>
<sleep milliseconds="20000"/>
<open_key key="HKEY_LOCAL_MACHINE\Software\Microsoft\Windows\CurrentVersion\Run"/>
<set_value key="HKEY_LOCAL_MACHINE\SOFTWARE\Microsoft\Windows\CurrentVersion\Run" value="reader_s" data="C:\WINDOWS\System32\reader_s.exe"/>
<open_key key="HKEY_CURRENT_USER\Software\Microsoft\Windows\CurrentVersion\Run"/>
<set_value key="HKEY_CURRENT_USER\Software\Microsoft\Windows\CurrentVersion\Run" value="reader_s" data="C:\Dokumente und Einstellungen\Administrator\reader_s.exe"/>
<sleep milliseconds="20000"/>
<open_key key="HKEY_LOCAL_MACHINE\Software\Microsoft\Windows\CurrentVersion\Run"/>
<set_value key="HKEY_LOCAL_MACHINE\SOFTWARE\Microsoft\Windows\CurrentVersion\Run" value="reader_s" data="C:\WINDOWS\System32\reader_s.exe"/>
<open_key key="HKEY_CURRENT_USER\Software\Microsoft\Windows\CurrentVersion\Run"/>
<set_value key="HKEY_CURRENT_USER\Software\Microsoft\Windows\CurrentVersion\Run" value="reader_s" data="C:\Dokumente und Einstellungen\Administrator\reader_s.exe"/>
<sleep milliseconds="20000"/>
</all_section>
</thread>
<thread tid="1188">
<all_section>
<open_file filetype="file" srcfile="C:\WINDOWS\AppPatch\sysmain.sdb" srcfile_hash="73a4cd369412da6a51064c776a3a0175daea5b82" creationdistribution="OPEN_EXISTING" desiredaccess="FILE_ANY_ACCESS FILE_READ_ATTRIBUTES" shareaccess="FILE_SHARE_READ" flags="FILE_ATTRIBUTE_NORMAL SECURITY_ANONYMOUS"/>
<open_file filetype="file" srcfile="C:\WINDOWS\AppPatch\systest.sdb" srcfile_hash="hash_error" creationdistribution="OPEN_EXISTING" desiredaccess="FILE_ANY_ACCESS FILE_READ_ATTRIBUTES" shareaccess="FILE_SHARE_READ" flags="FILE_ATTRIBUTE_NORMAL SECURITY_ANONYMOUS"/>
<open_key key="HKEY_LOCAL_MACHINE\System\WPA\TabletPC"/>
<open_key key="HKEY_LOCAL_MACHINE\SYSTEM\WPA\MediaCenter"/>
<query_value key="HKEY_LOCAL_MACHINE\SYSTEM\WPA\MediaCenter" value="Installed"/>
<open_file filetype="file" srcfile="\Device\NamedPipe\ShimViewer" srcfile_hash="hash_error" creationdistribution="OPEN_EXISTING" desiredaccess="FILE_ANY_ACCESS FILE_WRITE_ACCESS FILE_WRITE_DATA FILE_ADD_FILE FILE_ADD_SUBDIRECTORY FILE_APPEND_DATA FILE_CREATE_PIPE_INSTANCE FILE_WRITE_EA FILE_WRITE_ATTRIBUTES" flags="FILE_ATTRIBUTE_NORMAL SECURITY_ANONYMOUS"/>
<open_file filetype="file" srcfile="C:\WINDOWS\System32\" srcfile_hash="hash_error" desiredaccess="FILE_ANY_ACCESS FILE_READ_ACCESS FILE_READ_DATA FILE_LIST_DIRECTORY" shareaccess="FILE_SHARE_READ FILE_SHARE_WRITE" flags="SECURITY_ANONYMOUS"/>
<find_file filetype="file" srcfile="C:\WINDOWS\system32\svchost.exe" srcfile_hash="49083ae3725a0488e0a8fbbe1335c745f70c4667" desiredaccess="FILE_ANY_ACCESS" flags="SECURITY_ANONYMOUS"/>
<open_key key="HKEY_LOCAL_MACHINE\Software\Microsoft\Windows NT\CurrentVersion\AppCompatFlags\Layers"/>
<open_key key="HKEY_CURRENT_USER\Software\Microsoft\Windows NT\CurrentVersion\AppCompatFlags\Layers"/>
<open_key key="HKEY_LOCAL_MACHINE\Software\Microsoft\Windows NT\CurrentVersion\AppCompatFlags\Custom\svchost.exe"/>
<load_dll filename="C:\WINDOWS\system32\VERSION.dll" successful="1" address="&#x24;77BD0000" end_address="&#x24;77BD8000" size="32768" filename_hash="adf263b658136ccb3cde72d0e6dd634c5a5e5143"/>
<load_dll filename="C:\WINDOWS\System32\svchost.exe" successful="1" address="&#x24;3F0001" end_address="&#x24;3F0001" size="0" filename_hash="49083ae3725a0488e0a8fbbe1335c745f70c4667"/>
<open_key key="HKEY_LOCAL_MACHINE\Software\Microsoft\Windows NT\CurrentVersion\AppCompatFlags"/>
<open_key key="HKEY_CURRENT_USER\Software\Microsoft\Windows NT\CurrentVersion\AppCompatFlags"/>
<create_process commandline="C:\WINDOWS\System32\svchost.exe" targetpid="1880" creationflags="CREATE_SUSPENDED" showwindow="SW_HIDE" apifunction="CreateProcessA" successful="1"/>
<vm_read targetpid="1880" address="&#x24;7FFDD008" size="4"/>
<vm_allocate targetpid="1880" wantedaddress="&#x24;09500000" address="&#x24;09500000" wantedsize="28672" size="28672" protect="PAGE_EXECUTE_READWRITE" allocationtype="MEM_COMMIT MEM_RESERVE"/>
<vm_protect targetpid="1880" wantedaddress="&#x24;09500000" address="&#x24;09500000" wantedsize="1024" size="4096" protect="PAGE_EXECUTE_READWRITE" behavior="Normal" target="c:\windows\system32\svchost.exe.&#x24;0"/>
<vm_protect targetpid="1880" wantedaddress="&#x24;09500000" address="&#x24;09500000" wantedsize="4096" size="4096" protect="PAGE_EXECUTE_READWRITE" behavior="Normal" target="c:\windows\system32\svchost.exe.&#x24;0"/>
<vm_write targetpid="1880" address="&#x24;09500000" size="1024" behavior="Normal"/>
<vm_protect targetpid="1880" wantedaddress="&#x24;09501000" address="&#x24;09501000" wantedsize="13824" size="16384" protect="PAGE_EXECUTE_READWRITE" behavior="Normal" target="c:\windows\system32\svchost.exe.&#x24;1000"/>
<vm_protect targetpid="1880" wantedaddress="&#x24;09501000" address="&#x24;09501000" wantedsize="16384" size="16384" protect="PAGE_EXECUTE_READWRITE" behavior="Normal" target="c:\windows\system32\svchost.exe.&#x24;1000"/>
<vm_write targetpid="1880" address="&#x24;09501000" size="13824" behavior="Normal"/>
<vm_protect targetpid="1880" wantedaddress="&#x24;09505000" address="&#x24;09505000" wantedsize="512" size="4096" protect="PAGE_EXECUTE_READWRITE" behavior="Normal" target="c:\windows\system32\svchost.exe.&#x24;5000"/>
<vm_protect targetpid="1880" wantedaddress="&#x24;09505000" address="&#x24;09505000" wantedsize="4096" size="4096" protect="PAGE_EXECUTE_READWRITE" behavior="Normal" target="c:\windows\system32\svchost.exe.&#x24;5000"/>
<vm_write targetpid="1880" address="&#x24;09505000" size="512" behavior="Normal"/>
<vm_protect targetpid="1880" wantedaddress="&#x24;09506000" address="&#x24;09506000" wantedsize="1024" size="4096" protect="PAGE_EXECUTE_READWRITE" behavior="Normal" target="c:\windows\system32\svchost.exe.&#x24;6000"/>
<vm_protect targetpid="1880" wantedaddress="&#x24;09506000" address="&#x24;09506000" wantedsize="4096" size="4096" protect="PAGE_EXECUTE_READWRITE" behavior="Normal" target="c:\windows\system32\svchost.exe.&#x24;6000"/>
<vm_write targetpid="1880" address="&#x24;09506000" size="1024" behavior="Normal"/>
<vm_protect targetpid="1880" wantedaddress="&#x24;7FFDD008" address="&#x24;7FFDD000" wantedsize="4" size="4096" protect="PAGE_EXECUTE_READWRITE" behavior="Normal"/>
<vm_protect targetpid="1880" wantedaddress="&#x24;7FFDD000" address="&#x24;7FFDD000" wantedsize="4096" size="4096" protect="PAGE_READWRITE" behavior="Normal" target="PEB"/>
<vm_write targetpid="1880" address="&#x24;7FFDD008" size="4" behavior="Normal"/>
<set_thread_context targetpid="1880" threadid="916" address="&#x24;00000000"/>
</all_section>
</thread>
</process>
<process index="3" pid="1036" filename="C:\WINDOWS\system32\cmd.exe /c del c:\396F38&#x7E;1 &#x3E;&#x3E; NUL" filename_hash="811a005cf787c6ccbe0d9f1c36c1d49a9cb71fd1" filesize="-1" username="Administrator" parentindex="1" starttime="00:01.735" terminationtime="00:03.594" startreason="CreateProcess" terminationreason="NormalTermination" executionstatus="OK">
<thread tid="1684">
<all_section>
<load_image filename="C:\WINDOWS\system32\cmd.exe" successful="1" address="&#x24;4AD00000" end_address="&#x24;4AD64000" size="409600" filename_hash="811a005cf787c6ccbe0d9f1c36c1d49a9cb71fd1"/>
<load_dll filename="C:\WINDOWS\system32\ntdll.dll" successful="1" address="&#x24;7C910000" end_address="&#x24;7C9C9000" size="757760" filename_hash="e753d19a2e3b98b2b3b8f02f276092096d10f22d"/>
<load_dll filename="C:\WINDOWS\system32\kernel32.dll" successful="1" address="&#x24;7C800000" end_address="&#x24;7C908000" size="1081344" filename_hash="c88d57cc99f75cd928b47b6e444231f26670138f"/>
<load_dll filename="C:\WINDOWS\system32\msvcrt.dll" successful="1" address="&#x24;77BE0000" end_address="&#x24;77C38000" size="360448" filename_hash="70d5f97088cc9348bb9d10098af0738a696b96de"/>
<load_dll filename="C:\WINDOWS\system32\USER32.dll" successful="1" address="&#x24;7E360000" end_address="&#x24;7E3F1000" size="593920" filename_hash="08fe9ff1fe9b8fd237adedb10d65fb0447b91fe5"/>
<load_dll filename="C:\WINDOWS\system32\GDI32.dll" successful="1" address="&#x24;77EF0000" end_address="&#x24;77F39000" size="299008" filename_hash="0f37018f672c7635691f7317ade3c5a63904ec96"/>
<load_dll filename="C:\WINDOWS\system32\ShimEng.dll" successful="1" address="&#x24;5CF00000" end_address="&#x24;5CF26000" size="155648" filename_hash="2ab219118ae324684eb7aaaf72eb4d9360ade81f"/>
<load_dll filename="C:\WINDOWS\AppPatch\AcGenral.DLL" successful="1" address="&#x24;6FD90000" end_address="&#x24;6FF5A000" size="1875968" filename_hash="d28c378f459fafa7367649554b729a80b3924aad"/>
<load_dll filename="C:\WINDOWS\system32\ADVAPI32.dll" successful="1" address="&#x24;77DA0000" end_address="&#x24;77E4A000" size="696320" filename_hash="ea2e9bac1789b53d7efcd675a63f4a2b44898439"/>
<load_dll filename="C:\WINDOWS\system32\RPCRT4.dll" successful="1" address="&#x24;77E50000" end_address="&#x24;77EE2000" size="598016" filename_hash="f3bb6474ec18ee9cccc02ef44510a78b42058a41"/>
<load_dll filename="C:\WINDOWS\system32\Secur32.dll" successful="1" address="&#x24;77FC0000" end_address="&#x24;77FD1000" size="69632" filename_hash="31166d1e35a911a082149f5efac2dac228109615"/>
<load_dll filename="C:\WINDOWS\system32\WINMM.dll" successful="1" address="&#x24;76AF0000" end_address="&#x24;76B1E000" size="188416" filename_hash="51f42782acdc790e4cabf402d71ef0fe24f9ad1b"/>
<load_dll filename="C:\WINDOWS\system32\ole32.dll" successful="1" address="&#x24;774B0000" end_address="&#x24;775ED000" size="1298432" filename_hash="c7753525d5276ab92a01a8a3c39cfb5269da7f98"/>
<load_dll filename="C:\WINDOWS\system32\OLEAUT32.dll" successful="1" address="&#x24;770F0000" end_address="&#x24;7717B000" size="569344" filename_hash="3168a173d177f470928b468db777640861dcb32e"/>
<load_dll filename="C:\WINDOWS\system32\MSACM32.dll" successful="1" address="&#x24;77BB0000" end_address="&#x24;77BC5000" size="86016" filename_hash="9be8c8a0ce2316feff5783efbe259bb1f6334a63"/>
<load_dll filename="C:\WINDOWS\system32\VERSION.dll" successful="1" address="&#x24;77BD0000" end_address="&#x24;77BD8000" size="32768" filename_hash="adf263b658136ccb3cde72d0e6dd634c5a5e5143"/>
<load_dll filename="C:\WINDOWS\system32\SHELL32.dll" successful="1" address="&#x24;7E670000" end_address="&#x24;7EE91000" size="8523776" filename_hash="bbe9d57955e5d348e664b72faf331a7b9d722d0c"/>
<load_dll filename="C:\WINDOWS\system32\SHLWAPI.dll" successful="1" address="&#x24;77F40000" end_address="&#x24;77FB6000" size="483328" filename_hash="a9245beec2e139b31cd3b65e0f0e4804c030e639"/>
<load_dll filename="C:\WINDOWS\system32\USERENV.dll" successful="1" address="&#x24;76620000" end_address="&#x24;766D6000" size="745472" filename_hash="c7264e1fe77ea0e6d615077dd7cc6cc06aaa02cd"/>
<load_dll filename="C:\WINDOWS\system32\UxTheme.dll" successful="1" address="&#x24;5B0F0000" end_address="&#x24;5B128000" size="229376" filename_hash="16c4d24a172bfbc67f488d6b4086b9e10f8eaf4b"/>
<load_dll filename="C:\WINDOWS\system32\IMM32.DLL" successful="1" address="&#x24;76330000" end_address="&#x24;7634D000" size="118784" filename_hash="f9be7678080084bc3cb48d0cb64bba9ba98800f1"/>
<load_dll filename="C:\WINDOWS\WinSxS\x86_Microsoft.Windows.Common-Controls_6595b64144ccf1df_6.0.2600.5512_x-ww_35d4ce83\" successful="1" address="&#x24;773A0000" end_address="&#x24;774A3000" size="1060864" filename_hash="hash_error"/>
<load_dll filename="C:\WINDOWS\system32\comctl32.dll" successful="1" address="&#x24;5D450000" end_address="&#x24;5D4EA000" size="630784" filename_hash="ba126572bcb4ac594a3c37e2ac86db40b173878d"/>
<load_dll filename="C:\WINDOWS\system32\pstorec.dll" successful="1" address="&#x24;5E490000" end_address="&#x24;5E49D000" size="53248" filename_hash="8ae378a352c4a13516bf1fe5a8615d8893d2ff2d"/>
<load_dll filename="C:\WINDOWS\system32\ATL.DLL" successful="1" address="&#x24;76AD0000" end_address="&#x24;76AE1000" size="69632" filename_hash="59cb82f432d529da3e81b030b2365c22a95fd35a"/>
<load_dll filename="C:\WINDOWS\system32\ADVAPI32.dll" successful="1" address="&#x24;77DA0000" end_address="&#x24;77E4A000" size="696320" filename_hash="ea2e9bac1789b53d7efcd675a63f4a2b44898439"/>
<open_key key="HKEY_CURRENT_USER\Software\Policies\Microsoft\Windows\System"/>
<open_key key="HKEY_LOCAL_MACHINE\Software\Microsoft\Command Processor"/>
<query_value key="HKEY_LOCAL_MACHINE\SOFTWARE\Microsoft\Command Processor" value="DisableUNCCheck"/>
<query_value key="HKEY_LOCAL_MACHINE\SOFTWARE\Microsoft\Command Processor" value="EnableExtensions"/>
<query_value key="HKEY_LOCAL_MACHINE\SOFTWARE\Microsoft\Command Processor" value="DelayedExpansion"/>
<query_value key="HKEY_LOCAL_MACHINE\SOFTWARE\Microsoft\Command Processor" value="DefaultColor"/>
<query_value key="HKEY_LOCAL_MACHINE\SOFTWARE\Microsoft\Command Processor" value="CompletionChar"/>
<query_value key="HKEY_LOCAL_MACHINE\SOFTWARE\Microsoft\Command Processor" value="PathCompletionChar"/>
<query_value key="HKEY_LOCAL_MACHINE\SOFTWARE\Microsoft\Command Processor" value="AutoRun"/>
<open_key key="HKEY_CURRENT_USER\Software\Microsoft\Command Processor"/>
<query_value key="HKEY_CURRENT_USER\Software\Microsoft\Command Processor" value="DisableUNCCheck"/>
<query_value key="HKEY_CURRENT_USER\Software\Microsoft\Command Processor" value="EnableExtensions"/>
<query_value key="HKEY_CURRENT_USER\Software\Microsoft\Command Processor" value="DelayedExpansion"/>
<query_value key="HKEY_CURRENT_USER\Software\Microsoft\Command Processor" value="DefaultColor"/>
<query_value key="HKEY_CURRENT_USER\Software\Microsoft\Command Processor" value="CompletionChar"/>
<query_value key="HKEY_CURRENT_USER\Software\Microsoft\Command Processor" value="PathCompletionChar"/>
<query_value key="HKEY_CURRENT_USER\Software\Microsoft\Command Processor" value="AutoRun"/>
<get_file_attributes filetype="file" srcfile="C:\" srcfile_hash="hash_error" desiredaccess="FILE_ANY_ACCESS" flags="SECURITY_ANONYMOUS"/>
<find_file filetype="file" srcfile="C:\" srcfile_hash="hash_error" desiredaccess="FILE_ANY_ACCESS" flags="SECURITY_ANONYMOUS"/>
<get_file_attributes filetype="file" srcfile="C:\" srcfile_hash="hash_error" desiredaccess="FILE_ANY_ACCESS" flags="SECURITY_ANONYMOUS"/>
<open_file filetype="file" srcfile="NUL" srcfile_hash="hash_error" creationdistribution="OPEN_EXISTING" desiredaccess="FILE_ANY_ACCESS" shareaccess="FILE_SHARE_READ" flags="FILE_ATTRIBUTE_NORMAL SECURITY_ANONYMOUS"/>
<get_file_attributes filetype="file" srcfile="c:\396F38&#x7E;1" srcfile_hash="hash_error" desiredaccess="FILE_ANY_ACCESS" flags="SECURITY_ANONYMOUS"/>
<get_file_attributes filetype="file" srcfile="c:\" srcfile_hash="hash_error" desiredaccess="FILE_ANY_ACCESS" flags="SECURITY_ANONYMOUS"/>
<get_file_attributes filetype="file" srcfile="c:\396F38&#x7E;1" srcfile_hash="hash_error" desiredaccess="FILE_ANY_ACCESS" flags="SECURITY_ANONYMOUS"/>
<find_file filetype="file" srcfile="c:\396F38&#x7E;1" srcfile_hash="hash_error" desiredaccess="FILE_ANY_ACCESS" flags="SECURITY_ANONYMOUS"/>
<delete_file filetype="file" srcfile="c:\396f384482dd3705b23420480afafe02" srcfile_hash="hash_error" desiredaccess="FILE_ANY_ACCESS" flags="SECURITY_ANONYMOUS"/>
<kill_process targetpid="1036" apifunction="NtTerminateProcess"/>
</all_section>
</thread>
</process>
<process index="4" pid="1880" filename="C:\WINDOWS\System32\svchost.exe" filename_hash="49083ae3725a0488e0a8fbbe1335c745f70c4667" filesize="14336" md5="4fbc75b74479c7a6f829e0ca19df3366" sha1="97c7c354c12b89c797740b35ed81879be58f3deb" username="Administrator" parentindex="2" starttime="00:02.953" terminationtime="02:01.985" startreason="CreateProcess" terminationreason="Timeout" executionstatus="OK">
<thread tid="916">
<all_section>
<load_image filename="C:\WINDOWS\System32\svchost.exe" successful="1" address="&#x24;9500000" end_address="&#x24;9507000" size="28672" filename_hash="49083ae3725a0488e0a8fbbe1335c745f70c4667"/>
<load_dll filename="C:\WINDOWS\system32\ntdll.dll" successful="1" address="&#x24;7C910000" end_address="&#x24;7C9C9000" size="757760" filename_hash="e753d19a2e3b98b2b3b8f02f276092096d10f22d"/>
<load_dll filename="C:\WINDOWS\system32\kernel32.dll" successful="1" address="&#x24;7C800000" end_address="&#x24;7C908000" size="1081344" filename_hash="c88d57cc99f75cd928b47b6e444231f26670138f"/>
<load_dll filename="C:\WINDOWS\system32\ADVAPI32.dll" successful="1" address="&#x24;77DA0000" end_address="&#x24;77E4A000" size="696320" filename_hash="ea2e9bac1789b53d7efcd675a63f4a2b44898439"/>
<load_dll filename="C:\WINDOWS\system32\RPCRT4.dll" successful="1" address="&#x24;77E50000" end_address="&#x24;77EE2000" size="598016" filename_hash="f3bb6474ec18ee9cccc02ef44510a78b42058a41"/>
<load_dll filename="C:\WINDOWS\system32\Secur32.dll" successful="1" address="&#x24;77FC0000" end_address="&#x24;77FD1000" size="69632" filename_hash="31166d1e35a911a082149f5efac2dac228109615"/>
<load_dll filename="C:\WINDOWS\System32\WS2_32.dll" successful="1" address="&#x24;71A10000" end_address="&#x24;71A27000" size="94208" filename_hash="7cf3366c68e402eb3678046fe97651a586044560"/>
<load_dll filename="C:\WINDOWS\system32\msvcrt.dll" successful="1" address="&#x24;77BE0000" end_address="&#x24;77C38000" size="360448" filename_hash="70d5f97088cc9348bb9d10098af0738a696b96de"/>
<load_dll filename="C:\WINDOWS\System32\WS2HELP.dll" successful="1" address="&#x24;71A00000" end_address="&#x24;71A08000" size="32768" filename_hash="317cc14a94fcf3d10749efbcab330b97f516fffb"/>
<load_dll filename="C:\WINDOWS\System32\ShimEng.dll" successful="1" address="&#x24;5CF00000" end_address="&#x24;5CF26000" size="155648" filename_hash="2ab219118ae324684eb7aaaf72eb4d9360ade81f"/>
<load_dll filename="C:\WINDOWS\AppPatch\AcGenral.DLL" successful="1" address="&#x24;6FD90000" end_address="&#x24;6FF5A000" size="1875968" filename_hash="d28c378f459fafa7367649554b729a80b3924aad"/>
<load_dll filename="C:\WINDOWS\system32\USER32.dll" successful="1" address="&#x24;7E360000" end_address="&#x24;7E3F1000" size="593920" filename_hash="08fe9ff1fe9b8fd237adedb10d65fb0447b91fe5"/>
<load_dll filename="C:\WINDOWS\system32\GDI32.dll" successful="1" address="&#x24;77EF0000" end_address="&#x24;77F39000" size="299008" filename_hash="0f37018f672c7635691f7317ade3c5a63904ec96"/>
<load_dll filename="C:\WINDOWS\System32\WINMM.dll" successful="1" address="&#x24;76AF0000" end_address="&#x24;76B1E000" size="188416" filename_hash="51f42782acdc790e4cabf402d71ef0fe24f9ad1b"/>
<load_dll filename="C:\WINDOWS\system32\ole32.dll" successful="1" address="&#x24;774B0000" end_address="&#x24;775ED000" size="1298432" filename_hash="c7753525d5276ab92a01a8a3c39cfb5269da7f98"/>
<load_dll filename="C:\WINDOWS\system32\OLEAUT32.dll" successful="1" address="&#x24;770F0000" end_address="&#x24;7717B000" size="569344" filename_hash="3168a173d177f470928b468db777640861dcb32e"/>
<load_dll filename="C:\WINDOWS\System32\MSACM32.dll" successful="1" address="&#x24;77BB0000" end_address="&#x24;77BC5000" size="86016" filename_hash="9be8c8a0ce2316feff5783efbe259bb1f6334a63"/>
<load_dll filename="C:\WINDOWS\system32\VERSION.dll" successful="1" address="&#x24;77BD0000" end_address="&#x24;77BD8000" size="32768" filename_hash="adf263b658136ccb3cde72d0e6dd634c5a5e5143"/>
<load_dll filename="C:\WINDOWS\system32\SHELL32.dll" successful="1" address="&#x24;7E670000" end_address="&#x24;7EE91000" size="8523776" filename_hash="bbe9d57955e5d348e664b72faf331a7b9d722d0c"/>
<load_dll filename="C:\WINDOWS\system32\SHLWAPI.dll" successful="1" address="&#x24;77F40000" end_address="&#x24;77FB6000" size="483328" filename_hash="a9245beec2e139b31cd3b65e0f0e4804c030e639"/>
<load_dll filename="C:\WINDOWS\system32\USERENV.dll" successful="1" address="&#x24;76620000" end_address="&#x24;766D6000" size="745472" filename_hash="c7264e1fe77ea0e6d615077dd7cc6cc06aaa02cd"/>
<load_dll filename="C:\WINDOWS\System32\UxTheme.dll" successful="1" address="&#x24;5B0F0000" end_address="&#x24;5B128000" size="229376" filename_hash="16c4d24a172bfbc67f488d6b4086b9e10f8eaf4b"/>
<load_dll filename="C:\WINDOWS\system32\IMM32.DLL" successful="1" address="&#x24;76330000" end_address="&#x24;7634D000" size="118784" filename_hash="f9be7678080084bc3cb48d0cb64bba9ba98800f1"/>
<load_dll filename="C:\WINDOWS\WinSxS\x86_Microsoft.Windows.Common-Controls_6595b64144ccf1df_6.0.2600.5512_x-ww_35d4ce83\" successful="1" address="&#x24;773A0000" end_address="&#x24;774A3000" size="1060864" filename_hash="hash_error"/>
<load_dll filename="C:\WINDOWS\system32\comctl32.dll" successful="1" address="&#x24;5D450000" end_address="&#x24;5D4EA000" size="630784" filename_hash="ba126572bcb4ac594a3c37e2ac86db40b173878d"/>
<load_dll filename="C:\WINDOWS\System32\pstorec.dll" successful="1" address="&#x24;5E490000" end_address="&#x24;5E49D000" size="53248" filename_hash="8ae378a352c4a13516bf1fe5a8615d8893d2ff2d"/>
<load_dll filename="C:\WINDOWS\System32\ATL.DLL" successful="1" address="&#x24;76AD0000" end_address="&#x24;76AE1000" size="69632" filename_hash="59cb82f432d529da3e81b030b2365c22a95fd35a"/>
<load_dll filename="C:\WINDOWS\system32\ADVAPI32.dll" successful="1" address="&#x24;77DA0000" end_address="&#x24;77E4A000" size="696320" filename_hash="ea2e9bac1789b53d7efcd675a63f4a2b44898439"/>
<load_dll filename="C:\WINDOWS\System32\WS2_32.dll" successful="1" address="&#x24;71A10000" end_address="&#x24;71A27000" size="94208" filename_hash="7cf3366c68e402eb3678046fe97651a586044560"/>
<load_dll filename="C:\WINDOWS\system32\ntdll.dll" successful="1" address="&#x24;7C910000" end_address="&#x24;7C9C9000" size="757760" filename_hash="e753d19a2e3b98b2b3b8f02f276092096d10f22d"/>
<create_thread targetpid="1880" threadid="1516" address="&#x24;09503EC0" parameteraddress="&#x24;00000000"/>
</all_section>
</thread>
<thread tid="1516">
<all_section>
<open_key key="HKEY_LOCAL_MACHINE\Software\AGProtect"/>
<open_key key="HKEY_CURRENT_USER\Software\AGProtect"/>
<open_key key="HKEY_LOCAL_MACHINE\HARDWARE\DESCRIPTION\System"/>
<query_value key="HKEY_LOCAL_MACHINE\HARDWARE\DESCRIPTION\System" value="SystemBiosdate"/>
<open_key key="HKEY_LOCAL_MACHINE\HARDWARE\DESCRIPTION\System"/>
<query_value key="HKEY_LOCAL_MACHINE\HARDWARE\DESCRIPTION\System" value="VideoBiosDate"/>
<open_key key="HKEY_LOCAL_MACHINE\HARDWARE\DESCRIPTION\System\CentralProcessor\0"/>
<query_value key="HKEY_LOCAL_MACHINE\HARDWARE\DESCRIPTION\System\CentralProcessor\0" value="Identifier"/>
<open_key key="HKEY_LOCAL_MACHINE\SOFTWARE\Microsoft\Windows\CurrentVersion"/>
<query_value key="HKEY_LOCAL_MACHINE\SOFTWARE\Microsoft\Windows\CurrentVersion" value="ProductId"/>
<create_mutex name="CTR.FD2851C02429DAA5" owned="1"/>
<open_key key="HKEY_LOCAL_MACHINE\Software\Microsoft\Rpc\SecurityService"/>
<query_value key="HKEY_LOCAL_MACHINE\SOFTWARE\Microsoft\Rpc\SecurityService" value="DefaultAuthLevel"/>
<create_socket socket="1352" socket_type="SOCK_STREAM" successful="1"/>
<connect_socket socket="1352" remote_addr="75.125.46.122" remote_port="80" successful="0" winsock_result="10060"/>
<sleep milliseconds="5000"/>
<create_socket socket="1352" socket_type="SOCK_STREAM" successful="1"/>
<connect_socket socket="1352" remote_addr="221.230.2.208" remote_port="80" successful="0" winsock_result="10060"/>
<sleep milliseconds="5000"/>
<create_socket socket="1352" socket_type="SOCK_STREAM" successful="1"/>
<connect_socket socket="1352" remote_addr="61.158.167.52" remote_port="80" successful="0" winsock_result="10060"/>
<sleep milliseconds="5000"/>
<create_socket socket="1352" socket_type="SOCK_STREAM" successful="1"/>
<connect_socket socket="1352" remote_addr="222.138.109.99" remote_port="80" successful="0" winsock_result="10061"/>
<sleep milliseconds="5000"/>
<create_socket socket="1352" socket_type="SOCK_STREAM" successful="1"/>
<connect_socket socket="1352" remote_addr="221.12.89.137" remote_port="80" successful="0" winsock_result="10060"/>
<sleep milliseconds="5000"/>
<create_socket socket="1352" socket_type="SOCK_STREAM" successful="1"/>
<connect_socket socket="1352" remote_addr="72.167.37.74" remote_port="80" successful="1"/>
<send_socket socket="1352" buffer_len="8">
<dump_line offset="&#x24;0000" dump="01 00 00 00 A4 1C F7 41                         " ascii=".......A"/>
</send_socket>
<send_socket socket="1352" buffer_len="199">
<dump_line offset="&#x24;0000" dump="15 C8 FC 31 95 20 3F 19 B2 E4 FC 13 AC E4 6C 7D " ascii="...1. &#x3F;.......l&#x7D;"/>
<dump_line offset="&#x24;0010" dump="CD 55 F7 CC 26 F9 03 51 36 91 51 15 C8 FC 31 96 " ascii=".U..&#x26;..Q6.Q...1."/>
<dump_line offset="&#x24;0020" dump="20 3F 19 B0 E4 FD 13 A0 E4 5A 7C D1 52 6B 13 A4 " ascii=" &#x3F;.......Z&#x7C;.Rk.."/>
<dump_line offset="&#x24;0030" dump="E4 F7 13 15 C8 FC 31 94 20 3F 19 B0 E4 FF 13 A0 " ascii="......1. &#x3F;......"/>
<dump_line offset="&#x24;0040" dump="E4 6A 76 D7 57 60 7C CA E4 E3 29 23 23 15 C8 FC " ascii=".jv.W&#x60;&#x7C;...&#x29;&#x23;&#x23;..."/>
<dump_line offset="&#x24;0050" dump="31 97 20 3F 19 B0 E4 FE 13 A0 E4 6D 76 CA 48 66 " ascii="1. &#x3F;.......mv.Hf"/>
<dump_line offset="&#x24;0060" dump="61 A4 E5 F7 13 A4 15 C8 FC 31 96 20 3F 19 B6 E4 " ascii="a........1. &#x3F;..."/>
<dump_line offset="&#x24;0070" dump="FF 13 A6 E4 63 77 D6 58 70 63 C1 E4 F8 13 15 C8 " ascii="....cw.Xpc......"/>
<dump_line offset="&#x24;0080" dump="FC 31 97 20 3F 19 B0 E4 FE 13 A0 E4 63 77 D6 5A " ascii=".1. &#x3F;.......cw.Z"/>
<dump_line offset="&#x24;0090" dump="5C 61 A4 1B F7 13 A4 15 C8 FC 31 A6 20 3F 19 BD " ascii="\a........1. &#x3F;.."/>
<dump_line offset="&#x24;00A0" dump="E4 FE 13 B7 E4 6E 7A CA 5A 5C 61 A4 E9 F7 13 A4 " ascii=".....nz.Z\a....."/>
<dump_line offset="&#x24;00B0" dump="E5 F7 13 A4 0C 01 13 A4 E7 F7 13 A4 E4 F8 12 17 " ascii="................"/>
<dump_line offset="&#x24;00C0" dump="DF F0 37 86 20 3F 19                            " ascii="..7. &#x3F;."/>
</send_socket>
</all_section>
</thread>
</process>
</processes>
