<?xml version="1.0"?>
<processes>
<process index="1" pid="2708" filename="c:\4ea901bc3bec2894c736f751b24ce56f.EX" filename_hash="hash_error" filesize="339968" md5="4ea901bc3bec2894c736f751b24ce56f" sha1="0ac7b5a2cec52851aba54996c930547400a8a2af" username="Administrator" parentindex="0" starttime="00:01.593" terminationtime="00:11.078" startreason="AnalysisTarget" terminationreason="NormalTermination" executionstatus="OK" applicationtype="Win32Application">
<thread tid="2712">
<all_section>
<load_image filename="c:\4ea901bc3bec2894c736f751b24ce56f.EX" successful="1" address="&#x24;400000" end_address="&#x24;45B000" size="372736" filename_hash="hash_error"/>
<load_dll filename="C:\WINDOWS\system32\ntdll.dll" successful="1" address="&#x24;7C910000" end_address="&#x24;7C9C9000" size="757760" filename_hash="e753d19a2e3b98b2b3b8f02f276092096d10f22d"/>
<load_dll filename="C:\WINDOWS\system32\kernel32.dll" successful="1" address="&#x24;7C800000" end_address="&#x24;7C908000" size="1081344" filename_hash="c88d57cc99f75cd928b47b6e444231f26670138f"/>
<load_dll filename="C:\WINDOWS\system32\wsock32.dll" successful="1" address="&#x24;71A30000" end_address="&#x24;71A3A000" size="40960" filename_hash="42e1c04ce06976a15d87a8b9c8c8f2475ff90c2b"/>
<load_dll filename="C:\WINDOWS\system32\WS2_32.dll" successful="1" address="&#x24;71A10000" end_address="&#x24;71A27000" size="94208" filename_hash="7cf3366c68e402eb3678046fe97651a586044560"/>
<load_dll filename="C:\WINDOWS\system32\ADVAPI32.dll" successful="1" address="&#x24;77DA0000" end_address="&#x24;77E4A000" size="696320" filename_hash="ea2e9bac1789b53d7efcd675a63f4a2b44898439"/>
<load_dll filename="C:\WINDOWS\system32\RPCRT4.dll" successful="1" address="&#x24;77E50000" end_address="&#x24;77EE2000" size="598016" filename_hash="f3bb6474ec18ee9cccc02ef44510a78b42058a41"/>
<load_dll filename="C:\WINDOWS\system32\Secur32.dll" successful="1" address="&#x24;77FC0000" end_address="&#x24;77FD1000" size="69632" filename_hash="31166d1e35a911a082149f5efac2dac228109615"/>
<load_dll filename="C:\WINDOWS\system32\msvcrt.dll" successful="1" address="&#x24;77BE0000" end_address="&#x24;77C38000" size="360448" filename_hash="70d5f97088cc9348bb9d10098af0738a696b96de"/>
<load_dll filename="C:\WINDOWS\system32\WS2HELP.dll" successful="1" address="&#x24;71A00000" end_address="&#x24;71A08000" size="32768" filename_hash="317cc14a94fcf3d10749efbcab330b97f516fffb"/>
<load_dll filename="C:\WINDOWS\system32\winspool.drv" successful="1" address="&#x24;72F70000" end_address="&#x24;72F96000" size="155648" filename_hash="e413855355ea0c254b38ba85451a843e1fa526c5"/>
<load_dll filename="C:\WINDOWS\system32\GDI32.dll" successful="1" address="&#x24;77EF0000" end_address="&#x24;77F39000" size="299008" filename_hash="0f37018f672c7635691f7317ade3c5a63904ec96"/>
<load_dll filename="C:\WINDOWS\system32\USER32.dll" successful="1" address="&#x24;7E360000" end_address="&#x24;7E3F1000" size="593920" filename_hash="08fe9ff1fe9b8fd237adedb10d65fb0447b91fe5"/>
<load_dll filename="C:\WINDOWS\system32\ole32.dll" successful="1" address="&#x24;774B0000" end_address="&#x24;775ED000" size="1298432" filename_hash="c7753525d5276ab92a01a8a3c39cfb5269da7f98"/>
<load_dll filename="C:\WINDOWS\system32\wininet.dll" successful="1" address="&#x24;441E0000" end_address="&#x24;442B0000" size="851968" filename_hash="b076c231d541b2dd6665f7040a4695bf12d54e7e"/>
<load_dll filename="C:\WINDOWS\system32\SHLWAPI.dll" successful="1" address="&#x24;77F40000" end_address="&#x24;77FB6000" size="483328" filename_hash="a9245beec2e139b31cd3b65e0f0e4804c030e639"/>
<load_dll filename="C:\WINDOWS\system32\Normaliz.dll" successful="1" address="&#x24;340000" end_address="&#x24;349000" size="36864" filename_hash="ecd1fc4ebcd524aefac77061a8c0b5e4a2a01a8d"/>
<load_dll filename="C:\WINDOWS\system32\iertutil.dll" successful="1" address="&#x24;43F60000" end_address="&#x24;43FA5000" size="282624" filename_hash="962fdf7a8839794fdb71eb6d15ae0824a89db8d7"/>
<load_dll filename="C:\WINDOWS\system32\shell32.dll" successful="1" address="&#x24;7E670000" end_address="&#x24;7EE91000" size="8523776" filename_hash="bbe9d57955e5d348e664b72faf331a7b9d722d0c"/>
<load_dll filename="C:\WINDOWS\WinSxS\X86_Microsoft.Windows.Common-Controls_6595b64144ccf1df_6.0.2600.5512_x-ww_35d4ce83\" successful="1" address="&#x24;773A0000" end_address="&#x24;774A3000" size="1060864" filename_hash="hash_error"/>
<load_dll filename="C:\WINDOWS\system32\version.dll" successful="1" address="&#x24;77BD0000" end_address="&#x24;77BD8000" size="32768" filename_hash="adf263b658136ccb3cde72d0e6dd634c5a5e5143"/>
<load_dll filename="C:\WINDOWS\system32\IMM32.DLL" successful="1" address="&#x24;76330000" end_address="&#x24;7634D000" size="118784" filename_hash="f9be7678080084bc3cb48d0cb64bba9ba98800f1"/>
<load_dll filename="C:\WINDOWS\system32\oleaut32.dll" successful="1" address="&#x24;770F0000" end_address="&#x24;7717B000" size="569344" filename_hash="3168a173d177f470928b468db777640861dcb32e"/>
<load_dll filename="C:\WINDOWS\system32\pstorec.dll" successful="1" address="&#x24;5E490000" end_address="&#x24;5E49D000" size="53248" filename_hash="8ae378a352c4a13516bf1fe5a8615d8893d2ff2d"/>
<load_dll filename="C:\WINDOWS\system32\ATL.DLL" successful="1" address="&#x24;76AD0000" end_address="&#x24;76AE1000" size="69632" filename_hash="59cb82f432d529da3e81b030b2365c22a95fd35a"/>
<vm_protect targetpid="2708" wantedaddress="&#x24;45367BF5" address="&#x24;45367000" wantedsize="8" size="4096" protect="PAGE_EXECUTE_READWRITE" behavior="Normal" target="urlmon.dll.URLOpenStreamA"/>
<vm_protect targetpid="2708" wantedaddress="&#x24;45367BF5" address="&#x24;45367000" wantedsize="8" size="4096" protect="PAGE_EXECUTE_READ" behavior="Normal" target="urlmon.dll.URLOpenStreamA"/>
<vm_protect targetpid="2708" wantedaddress="&#x24;45367810" address="&#x24;45367000" wantedsize="8" size="4096" protect="PAGE_EXECUTE_READWRITE" behavior="Normal" target="urlmon.dll.URLOpenStreamW"/>
<vm_protect targetpid="2708" wantedaddress="&#x24;45367810" address="&#x24;45367000" wantedsize="8" size="4096" protect="PAGE_EXECUTE_READ" behavior="Normal" target="urlmon.dll.URLOpenStreamW"/>
<vm_protect targetpid="2708" wantedaddress="&#x24;4536785A" address="&#x24;45367000" wantedsize="8" size="4096" protect="PAGE_EXECUTE_READWRITE" behavior="Normal" target="urlmon.dll.URLOpenPullStreamA"/>
<vm_protect targetpid="2708" wantedaddress="&#x24;4536785A" address="&#x24;45367000" wantedsize="8" size="4096" protect="PAGE_EXECUTE_READ" behavior="Normal" target="urlmon.dll.URLOpenPullStreamA"/>
<vm_protect targetpid="2708" wantedaddress="&#x24;45367760" address="&#x24;45367000" wantedsize="8" size="4096" protect="PAGE_EXECUTE_READWRITE" behavior="Normal" target="urlmon.dll.URLOpenPullStreamW"/>
<vm_protect targetpid="2708" wantedaddress="&#x24;45367760" address="&#x24;45367000" wantedsize="8" size="4096" protect="PAGE_EXECUTE_READ" behavior="Normal" target="urlmon.dll.URLOpenPullStreamW"/>
<vm_protect targetpid="2708" wantedaddress="&#x24;453678F5" address="&#x24;45367000" wantedsize="8" size="4096" protect="PAGE_EXECUTE_READWRITE" behavior="Normal" target="urlmon.dll.URLDownloadToFileA"/>
<vm_protect targetpid="2708" wantedaddress="&#x24;453678F5" address="&#x24;45367000" wantedsize="8" size="4096" protect="PAGE_EXECUTE_READ" behavior="Normal" target="urlmon.dll.URLDownloadToFileA"/>
<vm_protect targetpid="2708" wantedaddress="&#x24;453677AA" address="&#x24;45367000" wantedsize="8" size="4096" protect="PAGE_EXECUTE_READWRITE" behavior="Normal" target="urlmon.dll.URLDownloadToFileW"/>
<vm_protect targetpid="2708" wantedaddress="&#x24;453677AA" address="&#x24;45367000" wantedsize="8" size="4096" protect="PAGE_EXECUTE_READ" behavior="Normal" target="urlmon.dll.URLDownloadToFileW"/>
<vm_protect targetpid="2708" wantedaddress="&#x24;45367A07" address="&#x24;45367000" wantedsize="8" size="4096" protect="PAGE_EXECUTE_READWRITE" behavior="Normal" target="urlmon.dll.URLDownloadToCacheFileA"/>
<vm_protect targetpid="2708" wantedaddress="&#x24;45367A07" address="&#x24;45367000" wantedsize="8" size="4096" protect="PAGE_EXECUTE_READ" behavior="Normal" target="urlmon.dll.URLDownloadToCacheFileA"/>
<vm_protect targetpid="2708" wantedaddress="&#x24;453149DD" address="&#x24;45314000" wantedsize="8" size="4096" protect="PAGE_EXECUTE_READWRITE" behavior="Normal" target="urlmon.dll.URLDownloadToCacheFileW"/>
<vm_protect targetpid="2708" wantedaddress="&#x24;453149DD" address="&#x24;45314000" wantedsize="8" size="4096" protect="PAGE_EXECUTE_READ" behavior="Normal" target="urlmon.dll.URLDownloadToCacheFileW"/>
<vm_protect targetpid="2708" wantedaddress="&#x24;45367B4B" address="&#x24;45367000" wantedsize="8" size="4096" protect="PAGE_EXECUTE_READWRITE" behavior="Normal" target="urlmon.dll.URLOpenBlockingStreamA"/>
<vm_protect targetpid="2708" wantedaddress="&#x24;45367B4B" address="&#x24;45367000" wantedsize="8" size="4096" protect="PAGE_EXECUTE_READ" behavior="Normal" target="urlmon.dll.URLOpenBlockingStreamA"/>
<vm_protect targetpid="2708" wantedaddress="&#x24;4530776D" address="&#x24;45307000" wantedsize="8" size="4096" protect="PAGE_EXECUTE_READWRITE" behavior="Normal" target="urlmon.dll.URLOpenBlockingStreamW"/>
<vm_protect targetpid="2708" wantedaddress="&#x24;4530776D" address="&#x24;45307000" wantedsize="8" size="4096" protect="PAGE_EXECUTE_READ" behavior="Normal" target="urlmon.dll.URLOpenBlockingStreamW"/>
<load_dll filename="C:\WINDOWS\system32\urlmon.dll" successful="1" address="&#x24;452E0000" end_address="&#x24;45407000" size="1208320" filename_hash="d1fe6e0c349d546f931a4654415e648f30ed91cb"/>
<load_dll filename="C:\WINDOWS\system32\ADVAPI32.dll" successful="1" address="&#x24;77DA0000" end_address="&#x24;77E4A000" size="696320" filename_hash="ea2e9bac1789b53d7efcd675a63f4a2b44898439"/>
<load_dll filename="C:\WINDOWS\system32\USER32.dll" successful="1" address="&#x24;7E360000" end_address="&#x24;7E3F1000" size="593920" filename_hash="08fe9ff1fe9b8fd237adedb10d65fb0447b91fe5"/>
<load_dll filename="C:\WINDOWS\system32\ole32.dll" successful="1" address="&#x24;774B0000" end_address="&#x24;775ED000" size="1298432" filename_hash="c7753525d5276ab92a01a8a3c39cfb5269da7f98"/>
<load_dll filename="C:\WINDOWS\system32\kernel32.dll" successful="1" address="&#x24;7C800000" end_address="&#x24;7C908000" size="1081344" filename_hash="c88d57cc99f75cd928b47b6e444231f26670138f"/>
<load_dll filename="C:\WINDOWS\system32\ntdll.dll" successful="1" address="&#x24;7C910000" end_address="&#x24;7C9C9000" size="757760" filename_hash="e753d19a2e3b98b2b3b8f02f276092096d10f22d"/>
<open_key key="HKEY_CLASSES_ROOT\InternetExplorer.Application"/>
<query_value key="HKEY_LOCAL_MACHINE\SOFTWARE\Classes\InternetExplorer.Application" value="CLSID" data="&#x7B;0002DF01-0000-0000-C000-000000000046&#x7D;"/>
<open_key key="HKEY_CLASSES_ROOT\CLSID\&#x7B;0002DF01-0000-0000-C000-000000000046&#x7D;"/>
<query_value key="HKEY_LOCAL_MACHINE\SOFTWARE\Classes\CLSID\&#x7B;0002DF01-0000-0000-C000-000000000046&#x7D;" value="LocalServer32" data="&#x22;C:\Programme\Internet Explorer\iexplore.exe&#x22;"/>
<open_file filetype="file" srcfile="c:\0" srcfile_hash="hash_error" creationdistribution="OPEN_EXISTING" desiredaccess="FILE_ANY_ACCESS" shareaccess="FILE_SHARE_READ FILE_SHARE_WRITE" flags="FILE_ATTRIBUTE_NORMAL SECURITY_ANONYMOUS"/>
<check_for_debugger apifunction="IsDebuggerPresent"/>
<load_dll filename="C:\WINDOWS\system32\uxtheme.dll" successful="1" address="&#x24;5B0F0000" end_address="&#x24;5B128000" size="229376" filename_hash="16c4d24a172bfbc67f488d6b4086b9e10f8eaf4b"/>
<get_system_directory/>
<open_key key="HKEY_LOCAL_MACHINE\SOFTWARE\Microsoft\CTF\Compatibility\4ea901bc3bec2894c736f751b24ce56f.EX"/>
<open_key key="HKEY_LOCAL_MACHINE\SOFTWARE\Microsoft\CTF\SystemShared"/>
<query_value key="HKEY_LOCAL_MACHINE\SOFTWARE\Microsoft\CTF\SystemShared" value="CUAS"/>
<create_mutex name="CTF.LBES.MutexDefaultS-1-5-21-583907252-1708537768-842925246-500" owned="0"/>
<create_mutex name="CTF.Compart.MutexDefaultS-1-5-21-583907252-1708537768-842925246-500" owned="0"/>
<create_mutex name="CTF.Asm.MutexDefaultS-1-5-21-583907252-1708537768-842925246-500" owned="0"/>
<create_mutex name="CTF.Layouts.MutexDefaultS-1-5-21-583907252-1708537768-842925246-500" owned="0"/>
<create_mutex name="CTF.TMD.MutexDefaultS-1-5-21-583907252-1708537768-842925246-500" owned="0"/>
<open_key key="HKEY_CURRENT_USER\Keyboard Layout\Toggle"/>
<query_value key="HKEY_CURRENT_USER\Keyboard Layout\Toggle" value="Language Hotkey"/>
<query_value key="HKEY_CURRENT_USER\Keyboard Layout\Toggle" value="Layout Hotkey"/>
<get_system_directory/>
<open_key key="HKEY_LOCAL_MACHINE\SOFTWARE\Microsoft\CTF"/>
<query_value key="HKEY_LOCAL_MACHINE\SOFTWARE\Microsoft\CTF" value="EnableAnchorContext"/>
<create_mutex name="CTF.TimListCache.FMPDefaultS-1-5-21-583907252-1708537768-842925246-500MUTEX.DefaultS-1-5-21-583907252" owned="0"/>
<set_windows_hook hookid="WH_KEYBOARD" threadid="2712" hook_address="&#x24;746B07C3" hook_module="&#x24;746A0000"/>
<set_windows_hook hookid="WH_MOUSE" threadid="2712" hook_address="&#x24;746B04CD" hook_module="&#x24;746A0000"/>
<create_window hwnd="&#x24;00010164" classname="OleMainThreadWndClass" windowname="OleMainThreadWndName" height="0" width="0" top="0" left="0" style="WS_DISABLED WS_OVERLAPPED WS_POPUP WS_TILED" exstyle="WS_EX_LEFT WS_EX_LTRREADING WS_EX_RIGHTSCROLLBAR"/>
<com_create_instance inprocserver32="C:\WINDOWS\system32\mstask.dll" clsid="&#x7B;148BD52A-A2AB-11CE-B11F-00AA00530503&#x7D;" interfaceid="&#x7B;148BD527-A2AB-11CE-B11F-00AA00530503&#x7D;"/>
<get_system_directory/>
<get_file_attributes filetype="file" srcfile="C:\WINDOWS\Registration" srcfile_hash="hash_error" desiredaccess="FILE_ANY_ACCESS" flags="SECURITY_ANONYMOUS"/>
<open_file filetype="file" srcfile="C:\WINDOWS\Registration\R000000000007.clb" srcfile_hash="99fde804817f1de99c87653fda604fc37510f3da" creationdistribution="OPEN_EXISTING" desiredaccess="FILE_ANY_ACCESS" shareaccess="FILE_SHARE_READ" flags="SECURITY_ANONYMOUS"/>
<open_key key="HKEY_LOCAL_MACHINE\SOFTWARE\Microsoft\SchedulingAgent"/>
<query_value key="HKEY_LOCAL_MACHINE\SOFTWARE\Microsoft\SchedulingAgent" value="TasksFolder"/>
<get_file_attributes filetype="file" srcfile="C:\WINDOWS\Tasks" srcfile_hash="hash_error" desiredaccess="FILE_ANY_ACCESS" flags="SECURITY_ANONYMOUS"/>
<open_key key="HKEY_LOCAL_MACHINE\SOFTWARE\Microsoft\SchedulingAgent"/>
<query_value key="HKEY_LOCAL_MACHINE\SOFTWARE\Microsoft\SchedulingAgent" value="NotifyOnTaskMiss"/>
<open_key key="HKEY_LOCAL_MACHINE\SOFTWARE\Microsoft\SchedulingAgent"/>
<query_value key="HKEY_LOCAL_MACHINE\SOFTWARE\Microsoft\SchedulingAgent" value="ViewHiddenTasks"/>
<vm_protect targetpid="2708" wantedaddress="&#x24;71A8ADBE" address="&#x24;71A8A000" wantedsize="8" size="4096" protect="PAGE_EXECUTE_READWRITE" behavior="Normal"/>
<vm_protect targetpid="2708" wantedaddress="&#x24;71A8ADBE" address="&#x24;71A8A000" wantedsize="8" size="4096" protect="PAGE_EXECUTE_READ" behavior="Normal"/>
<vm_protect targetpid="2708" wantedaddress="&#x24;71A897A5" address="&#x24;71A89000" wantedsize="8" size="4096" protect="PAGE_EXECUTE_READWRITE" behavior="Normal"/>
<vm_protect targetpid="2708" wantedaddress="&#x24;71A897A5" address="&#x24;71A89000" wantedsize="8" size="4096" protect="PAGE_EXECUTE_READ" behavior="Normal"/>
<vm_protect targetpid="2708" wantedaddress="&#x24;71A84AC4" address="&#x24;71A84000" wantedsize="8" size="4096" protect="PAGE_EXECUTE_READWRITE" behavior="Normal"/>
<vm_protect targetpid="2708" wantedaddress="&#x24;71A84AC4" address="&#x24;71A84000" wantedsize="8" size="4096" protect="PAGE_EXECUTE_READ" behavior="Normal"/>
<vm_protect targetpid="2708" wantedaddress="&#x24;71A850D4" address="&#x24;71A85000" wantedsize="8" size="4096" protect="PAGE_EXECUTE_READWRITE" behavior="Normal"/>
<vm_protect targetpid="2708" wantedaddress="&#x24;71A850D4" address="&#x24;71A85000" wantedsize="8" size="4096" protect="PAGE_EXECUTE_READ" behavior="Normal"/>
<vm_protect targetpid="2708" wantedaddress="&#x24;71A8B835" address="&#x24;71A8B000" wantedsize="8" size="4096" protect="PAGE_EXECUTE_READWRITE" behavior="Normal"/>
<vm_protect targetpid="2708" wantedaddress="&#x24;71A8B835" address="&#x24;71A8B000" wantedsize="8" size="4096" protect="PAGE_EXECUTE_READ" behavior="Normal"/>
<vm_protect targetpid="2708" wantedaddress="&#x24;71A89859" address="&#x24;71A89000" wantedsize="8" size="4096" protect="PAGE_EXECUTE_READWRITE" behavior="Normal"/>
<vm_protect targetpid="2708" wantedaddress="&#x24;71A89859" address="&#x24;71A89000" wantedsize="8" size="4096" protect="PAGE_EXECUTE_READ" behavior="Normal"/>
<vm_protect targetpid="2708" wantedaddress="&#x24;71A8AE39" address="&#x24;71A8A000" wantedsize="8" size="4096" protect="PAGE_EXECUTE_READWRITE" behavior="Normal"/>
<vm_protect targetpid="2708" wantedaddress="&#x24;71A8AE39" address="&#x24;71A8A000" wantedsize="8" size="4096" protect="PAGE_EXECUTE_READ" behavior="Normal"/>
<vm_protect targetpid="2708" wantedaddress="&#x24;71A8928F" address="&#x24;71A89000" wantedsize="8" size="4096" protect="PAGE_EXECUTE_READWRITE" behavior="Normal"/>
<vm_protect targetpid="2708" wantedaddress="&#x24;71A8928F" address="&#x24;71A89000" wantedsize="8" size="4096" protect="PAGE_EXECUTE_READ" behavior="Normal"/>
<vm_protect targetpid="2708" wantedaddress="&#x24;71A84DC2" address="&#x24;71A84000" wantedsize="8" size="4096" protect="PAGE_EXECUTE_READWRITE" behavior="Normal"/>
<vm_protect targetpid="2708" wantedaddress="&#x24;71A84DC2" address="&#x24;71A84000" wantedsize="8" size="4096" protect="PAGE_EXECUTE_READ" behavior="Normal"/>
<vm_protect targetpid="2708" wantedaddress="&#x24;71A84989" address="&#x24;71A84000" wantedsize="8" size="4096" protect="PAGE_EXECUTE_READWRITE" behavior="Normal"/>
<vm_protect targetpid="2708" wantedaddress="&#x24;71A84989" address="&#x24;71A84000" wantedsize="8" size="4096" protect="PAGE_EXECUTE_READ" behavior="Normal"/>
<vm_protect targetpid="2708" wantedaddress="&#x24;71A8B200" address="&#x24;71A8B000" wantedsize="8" size="4096" protect="PAGE_EXECUTE_READWRITE" behavior="Normal"/>
<vm_protect targetpid="2708" wantedaddress="&#x24;71A8B200" address="&#x24;71A8B000" wantedsize="8" size="4096" protect="PAGE_EXECUTE_READ" behavior="Normal"/>
<vm_protect targetpid="2708" wantedaddress="&#x24;71A83910" address="&#x24;71A83000" wantedsize="8" size="4096" protect="PAGE_EXECUTE_READWRITE" behavior="Normal"/>
<vm_protect targetpid="2708" wantedaddress="&#x24;71A83910" address="&#x24;71A83000" wantedsize="8" size="4096" protect="PAGE_EXECUTE_READ" behavior="Normal"/>
<vm_protect targetpid="2708" wantedaddress="&#x24;5980808D" address="&#x24;59808000" wantedsize="8" size="4096" protect="PAGE_EXECUTE_READWRITE" behavior="Normal"/>
<vm_protect targetpid="2708" wantedaddress="&#x24;5980808D" address="&#x24;59808000" wantedsize="8" size="4096" protect="PAGE_EXECUTE_READ" behavior="Normal"/>
<vm_protect targetpid="2708" wantedaddress="&#x24;59804604" address="&#x24;59804000" wantedsize="8" size="4096" protect="PAGE_EXECUTE_READWRITE" behavior="Normal"/>
<vm_protect targetpid="2708" wantedaddress="&#x24;59804604" address="&#x24;59804000" wantedsize="8" size="4096" protect="PAGE_EXECUTE_READ" behavior="Normal"/>
<vm_protect targetpid="2708" wantedaddress="&#x24;598049E5" address="&#x24;59804000" wantedsize="8" size="4096" protect="PAGE_EXECUTE_READWRITE" behavior="Normal"/>
<vm_protect targetpid="2708" wantedaddress="&#x24;598049E5" address="&#x24;59804000" wantedsize="8" size="4096" protect="PAGE_EXECUTE_READ" behavior="Normal"/>
<vm_protect targetpid="2708" wantedaddress="&#x24;59804808" address="&#x24;59804000" wantedsize="8" size="4096" protect="PAGE_EXECUTE_READWRITE" behavior="Normal"/>
<vm_protect targetpid="2708" wantedaddress="&#x24;59804808" address="&#x24;59804000" wantedsize="8" size="4096" protect="PAGE_EXECUTE_READ" behavior="Normal"/>
<vm_protect targetpid="2708" wantedaddress="&#x24;597DACC9" address="&#x24;597DA000" wantedsize="8" size="4096" protect="PAGE_EXECUTE_READWRITE" behavior="Normal"/>
<vm_protect targetpid="2708" wantedaddress="&#x24;597DACC9" address="&#x24;597DA000" wantedsize="8" size="4096" protect="PAGE_EXECUTE_READ" behavior="Normal"/>
<vm_protect targetpid="2708" wantedaddress="&#x24;597E0F78" address="&#x24;597E0000" wantedsize="8" size="4096" protect="PAGE_EXECUTE_READWRITE" behavior="Normal"/>
<vm_protect targetpid="2708" wantedaddress="&#x24;597E0F78" address="&#x24;597E0000" wantedsize="8" size="4096" protect="PAGE_EXECUTE_READ" behavior="Normal"/>
<vm_protect targetpid="2708" wantedaddress="&#x24;597D9115" address="&#x24;597D9000" wantedsize="8" size="4096" protect="PAGE_EXECUTE_READWRITE" behavior="Normal"/>
<vm_protect targetpid="2708" wantedaddress="&#x24;597D9115" address="&#x24;597D9000" wantedsize="8" size="4096" protect="PAGE_EXECUTE_READ" behavior="Normal"/>
<vm_protect targetpid="2708" wantedaddress="&#x24;59813AE9" address="&#x24;59813000" wantedsize="8" size="4096" protect="PAGE_EXECUTE_READWRITE" behavior="Normal"/>
<vm_protect targetpid="2708" wantedaddress="&#x24;59813AE9" address="&#x24;59813000" wantedsize="8" size="4096" protect="PAGE_EXECUTE_READ" behavior="Normal"/>
<vm_protect targetpid="2708" wantedaddress="&#x24;597E1048" address="&#x24;597E1000" wantedsize="8" size="4096" protect="PAGE_EXECUTE_READWRITE" behavior="Normal"/>
<vm_protect targetpid="2708" wantedaddress="&#x24;597E1048" address="&#x24;597E1000" wantedsize="8" size="4096" protect="PAGE_EXECUTE_READ" behavior="Normal"/>
<vm_protect targetpid="2708" wantedaddress="&#x24;59813A01" address="&#x24;59813000" wantedsize="8" size="4096" protect="PAGE_EXECUTE_READWRITE" behavior="Normal"/>
<vm_protect targetpid="2708" wantedaddress="&#x24;59813A01" address="&#x24;59813000" wantedsize="8" size="4096" protect="PAGE_EXECUTE_READ" behavior="Normal"/>
<revert_to_self tokenhandle="0"/>
<enum_window/>
<open_file filetype="file" creationdistribution="OPEN_EXISTING" desiredaccess="FILE_ANY_ACCESS" shareaccess="FILE_SHARE_READ FILE_SHARE_WRITE" flags="FILE_ATTRIBUTE_NORMAL SECURITY_ANONYMOUS"/>
<open_key key="HKEY_CLASSES_ROOT\InternetExplorer.Application"/>
<query_value key="HKEY_LOCAL_MACHINE\SOFTWARE\Classes\InternetExplorer.Application" value="CLSID" data="&#x7B;0002DF01-0000-0000-C000-000000000046&#x7D;"/>
<open_key key="HKEY_CLASSES_ROOT\CLSID\&#x7B;0002DF01-0000-0000-C000-000000000046&#x7D;"/>
<query_value key="HKEY_LOCAL_MACHINE\SOFTWARE\Classes\CLSID\&#x7B;0002DF01-0000-0000-C000-000000000046&#x7D;" value="LocalServer32" data="&#x22;C:\Programme\Internet Explorer\iexplore.exe&#x22;"/>
<create_process filename="C:\Programme\Internet Explorer\iexplore.exe" filename_hash="hash_error" targetpid="2800" creationflags="CREATE_SUSPENDED" showwindow="SW_HIDE" apifunction="CreateProcessA" successful="1"/>
<open_file filetype="file" srcfile="c:\4ea901bc3bec2894c736f751b24ce56f.EX" srcfile_hash="hash_error" creationdistribution="OPEN_EXISTING" desiredaccess="FILE_ANY_ACCESS" shareaccess="FILE_SHARE_READ FILE_SHARE_WRITE" flags="FILE_ATTRIBUTE_NORMAL SECURITY_ANONYMOUS"/>
<vm_allocate targetpid="2800" wantedaddress="&#x24;00000000" address="&#x24;00140000" wantedsize="372736" size="372736" protect="PAGE_EXECUTE_READWRITE" allocationtype="MEM_COMMIT"/>
<vm_protect targetpid="2800" wantedaddress="&#x24;00140000" address="&#x24;00140000" wantedsize="372736" size="372736" protect="PAGE_EXECUTE_READWRITE" behavior="Normal"/>
<vm_write targetpid="2800" address="&#x24;00140000" size="372736" behavior="Normal"/>
<vm_allocate targetpid="2800" wantedaddress="&#x24;00000000" address="&#x24;001A0000" wantedsize="263" size="4096" protect="PAGE_EXECUTE_READWRITE" allocationtype="MEM_COMMIT"/>
<vm_protect targetpid="2800" wantedaddress="&#x24;001A0000" address="&#x24;001A0000" wantedsize="12" size="4096" protect="PAGE_EXECUTE_READWRITE" behavior="Normal"/>
<vm_protect targetpid="2800" wantedaddress="&#x24;001A0000" address="&#x24;001A0000" wantedsize="4096" size="4096" protect="PAGE_EXECUTE_READWRITE" behavior="Normal"/>
<vm_write targetpid="2800" address="&#x24;001A0000" size="12" behavior="Normal"/>
<vm_protect targetpid="2800" wantedaddress="&#x24;001A000C" address="&#x24;001A0000" wantedsize="251" size="4096" protect="PAGE_EXECUTE_READWRITE" behavior="Normal"/>
<vm_protect targetpid="2800" wantedaddress="&#x24;001A0000" address="&#x24;001A0000" wantedsize="4096" size="4096" protect="PAGE_EXECUTE_READWRITE" behavior="Normal"/>
<vm_write targetpid="2800" address="&#x24;001A000C" size="251" behavior="Normal"/>
<vm_allocate targetpid="2800" wantedaddress="&#x24;00000000" address="&#x24;001B0000" wantedsize="64260" size="65536" protect="PAGE_EXECUTE_READWRITE" allocationtype="MEM_COMMIT"/>
<vm_protect targetpid="2800" wantedaddress="&#x24;001B0000" address="&#x24;001B0000" wantedsize="64260" size="65536" protect="PAGE_EXECUTE_READWRITE" behavior="Normal"/>
<vm_protect targetpid="2800" wantedaddress="&#x24;001B0000" address="&#x24;001B0000" wantedsize="65536" size="65536" protect="PAGE_EXECUTE_READWRITE" behavior="Normal"/>
<vm_write targetpid="2800" address="&#x24;001B0000" size="64260" behavior="Normal"/>
<vm_allocate targetpid="2800" wantedaddress="&#x24;00000000" address="&#x24;001C0000" wantedsize="8" size="4096" protect="PAGE_EXECUTE_READWRITE" allocationtype="MEM_COMMIT"/>
<vm_protect targetpid="2800" wantedaddress="&#x24;001C0000" address="&#x24;001C0000" wantedsize="8" size="4096" protect="PAGE_EXECUTE_READWRITE" behavior="Normal"/>
<vm_protect targetpid="2800" wantedaddress="&#x24;001C0000" address="&#x24;001C0000" wantedsize="4096" size="4096" protect="PAGE_EXECUTE_READWRITE" behavior="Normal"/>
<vm_write targetpid="2800" address="&#x24;001C0000" size="8" behavior="Normal"/>
<vm_allocate targetpid="2800" wantedaddress="&#x24;00000000" address="&#x24;001D0000" wantedsize="1048576" size="1048576" protect="PAGE_READWRITE" allocationtype="MEM_RESERVE"/>
<vm_allocate targetpid="2800" wantedaddress="&#x24;001DA000" address="&#x24;001DA000" wantedsize="1007616" size="1007616" protect="PAGE_READWRITE" allocationtype="MEM_COMMIT"/>
<vm_protect targetpid="2800" wantedaddress="&#x24;001DA000" address="&#x24;001DA000" wantedsize="4096" size="4096" protect="PAGE_READWRITE PAGE_GUARD" behavior="Normal"/>
<create_thread_remote targetpid="2800" threadid="2816" address="&#x24;001A000C" parameteraddress="&#x24;001C0000" creationflags="CREATE_SUSPENDED"/>
<vm_allocate targetpid="2800" wantedaddress="&#x24;00000000" address="&#x24;012B0000" wantedsize="16777216" size="16777216" protect="PAGE_READWRITE" allocationtype="MEM_RESERVE"/>
<vm_allocate targetpid="2800" wantedaddress="&#x24;0136C000" address="&#x24;0136C000" wantedsize="16007168" size="16007168" protect="PAGE_READWRITE" allocationtype="MEM_COMMIT"/>
<vm_protect targetpid="2800" wantedaddress="&#x24;0136C000" address="&#x24;0136C000" wantedsize="4096" size="4096" protect="PAGE_READWRITE PAGE_GUARD" behavior="Normal"/>
<create_thread_remote targetpid="2800" threadid="2944" address="&#x24;0014F7BE" parameteraddress="&#x24;00000000" creationflags="CREATE_SUSPENDED"/>
<kill_process targetpid="2708" apifunction="NtTerminateProcess"/>
<enum_window/>
</all_section>
</thread>
</process>
<process index="2" pid="948" filename="C:\WINDOWS\system32\svchost.exe" filename_hash="49083ae3725a0488e0a8fbbe1335c745f70c4667" filesize="14336" md5="4fbc75b74479c7a6f829e0ca19df3366" sha1="97c7c354c12b89c797740b35ed81879be58f3deb" username="SYSTEM" parentindex="0" starttime="00:04.812" terminationtime="00:16.640" startreason="DCOMService" terminationreason="Timeout" executionstatus="OK">
<thread tid="2780">
<all_section>
<load_image filename="C:\WINDOWS\system32\svchost.exe" successful="1" address="&#x24;1000000" end_address="&#x24;1006000" size="24576" filename_hash="49083ae3725a0488e0a8fbbe1335c745f70c4667"/>
<load_dll filename="C:\WINDOWS\system32\ntdll.dll" successful="1" address="&#x24;7C910000" end_address="&#x24;7C9C9000" size="757760" filename_hash="e753d19a2e3b98b2b3b8f02f276092096d10f22d"/>
<load_dll filename="C:\WINDOWS\system32\kernel32.dll" successful="1" address="&#x24;7C800000" end_address="&#x24;7C908000" size="1081344" filename_hash="c88d57cc99f75cd928b47b6e444231f26670138f"/>
<load_dll filename="C:\WINDOWS\system32\ADVAPI32.dll" successful="1" address="&#x24;77DA0000" end_address="&#x24;77E4A000" size="696320" filename_hash="ea2e9bac1789b53d7efcd675a63f4a2b44898439"/>
<load_dll filename="C:\WINDOWS\system32\RPCRT4.dll" successful="1" address="&#x24;77E50000" end_address="&#x24;77EE2000" size="598016" filename_hash="f3bb6474ec18ee9cccc02ef44510a78b42058a41"/>
<load_dll filename="C:\WINDOWS\system32\Secur32.dll" successful="1" address="&#x24;77FC0000" end_address="&#x24;77FD1000" size="69632" filename_hash="31166d1e35a911a082149f5efac2dac228109615"/>
<load_dll filename="C:\WINDOWS\system32\ShimEng.dll" successful="1" address="&#x24;5CF00000" end_address="&#x24;5CF26000" size="155648" filename_hash="2ab219118ae324684eb7aaaf72eb4d9360ade81f"/>
<load_dll filename="C:\WINDOWS\AppPatch\AcGenral.DLL" successful="1" address="&#x24;6FD90000" end_address="&#x24;6FF5A000" size="1875968" filename_hash="d28c378f459fafa7367649554b729a80b3924aad"/>
<load_dll filename="C:\WINDOWS\system32\USER32.dll" successful="1" address="&#x24;7E360000" end_address="&#x24;7E3F1000" size="593920" filename_hash="08fe9ff1fe9b8fd237adedb10d65fb0447b91fe5"/>
<load_dll filename="C:\WINDOWS\system32\GDI32.dll" successful="1" address="&#x24;77EF0000" end_address="&#x24;77F39000" size="299008" filename_hash="0f37018f672c7635691f7317ade3c5a63904ec96"/>
<load_dll filename="C:\WINDOWS\system32\WINMM.dll" successful="1" address="&#x24;76AF0000" end_address="&#x24;76B1E000" size="188416" filename_hash="51f42782acdc790e4cabf402d71ef0fe24f9ad1b"/>
<load_dll filename="C:\WINDOWS\system32\ole32.dll" successful="1" address="&#x24;774B0000" end_address="&#x24;775ED000" size="1298432" filename_hash="c7753525d5276ab92a01a8a3c39cfb5269da7f98"/>
<load_dll filename="C:\WINDOWS\system32\msvcrt.dll" successful="1" address="&#x24;77BE0000" end_address="&#x24;77C38000" size="360448" filename_hash="70d5f97088cc9348bb9d10098af0738a696b96de"/>
<load_dll filename="C:\WINDOWS\system32\OLEAUT32.dll" successful="1" address="&#x24;770F0000" end_address="&#x24;7717B000" size="569344" filename_hash="3168a173d177f470928b468db777640861dcb32e"/>
<load_dll filename="C:\WINDOWS\system32\MSACM32.dll" successful="1" address="&#x24;77BB0000" end_address="&#x24;77BC5000" size="86016" filename_hash="9be8c8a0ce2316feff5783efbe259bb1f6334a63"/>
<load_dll filename="C:\WINDOWS\system32\VERSION.dll" successful="1" address="&#x24;77BD0000" end_address="&#x24;77BD8000" size="32768" filename_hash="adf263b658136ccb3cde72d0e6dd634c5a5e5143"/>
<load_dll filename="C:\WINDOWS\system32\SHELL32.dll" successful="1" address="&#x24;7E670000" end_address="&#x24;7EE91000" size="8523776" filename_hash="bbe9d57955e5d348e664b72faf331a7b9d722d0c"/>
<load_dll filename="C:\WINDOWS\system32\SHLWAPI.dll" successful="1" address="&#x24;77F40000" end_address="&#x24;77FB6000" size="483328" filename_hash="a9245beec2e139b31cd3b65e0f0e4804c030e639"/>
<load_dll filename="C:\WINDOWS\system32\USERENV.dll" successful="1" address="&#x24;76620000" end_address="&#x24;766D6000" size="745472" filename_hash="c7264e1fe77ea0e6d615077dd7cc6cc06aaa02cd"/>
<load_dll filename="C:\WINDOWS\system32\UxTheme.dll" successful="1" address="&#x24;5B0F0000" end_address="&#x24;5B128000" size="229376" filename_hash="16c4d24a172bfbc67f488d6b4086b9e10f8eaf4b"/>
<load_dll filename="C:\WINDOWS\system32\IMM32.DLL" successful="1" address="&#x24;76330000" end_address="&#x24;7634D000" size="118784" filename_hash="f9be7678080084bc3cb48d0cb64bba9ba98800f1"/>
<load_dll filename="C:\WINDOWS\WinSxS\x86_Microsoft.Windows.Common-Controls_6595b64144ccf1df_6.0.2600.5512_x-ww_35d4ce83\" successful="1" address="&#x24;773A0000" end_address="&#x24;774A3000" size="1060864" filename_hash="hash_error"/>
<load_dll filename="C:\WINDOWS\system32\comctl32.dll" successful="1" address="&#x24;5D450000" end_address="&#x24;5D4EA000" size="630784" filename_hash="ba126572bcb4ac594a3c37e2ac86db40b173878d"/>
<load_dll filename="C:\WINDOWS\system32\NTMARTA.DLL" successful="1" address="&#x24;77660000" end_address="&#x24;77681000" size="135168" filename_hash="7e2ea4d88645138e5edb646157fd702c347bb53a"/>
<load_dll filename="C:\WINDOWS\system32\SAMLIB.dll" successful="1" address="&#x24;71B70000" end_address="&#x24;71B83000" size="77824" filename_hash="a1d75237cedc30a45117ba1c2040ddfd9f7bb667"/>
<load_dll filename="C:\WINDOWS\system32\WLDAP32.dll" successful="1" address="&#x24;76F20000" end_address="&#x24;76F4D000" size="184320" filename_hash="03269df70bc4ff939f87ef528f8a5fcf2a708624"/>
<load_dll filename="c:\windows\system32\rpcss.dll" successful="1" address="&#x24;76A30000" end_address="&#x24;76A94000" size="409600" filename_hash="7391155a9976797c2072e013fa3c38197b268de7"/>
<load_dll filename="c:\windows\system32\WS2_32.dll" successful="1" address="&#x24;71A10000" end_address="&#x24;71A27000" size="94208" filename_hash="7cf3366c68e402eb3678046fe97651a586044560"/>
<load_dll filename="c:\windows\system32\WS2HELP.dll" successful="1" address="&#x24;71A00000" end_address="&#x24;71A08000" size="32768" filename_hash="317cc14a94fcf3d10749efbcab330b97f516fffb"/>
<load_dll filename="C:\WINDOWS\system32\xpsp2res.dll" successful="1" address="&#x24;630000" end_address="&#x24;909000" size="2985984" filename_hash="55401355585fac03b5d6991af85abf8db8fc9042"/>
<load_dll filename="C:\WINDOWS\system32\CLBCATQ.DLL" successful="1" address="&#x24;76F90000" end_address="&#x24;7700F000" size="520192" filename_hash="bd0f1633a7d858f27d3fa2bad744b766a1533490"/>
<load_dll filename="C:\WINDOWS\system32\COMRes.dll" successful="1" address="&#x24;77010000" end_address="&#x24;770E3000" size="864256" filename_hash="eda8c030913d048cda82aeb6066be39e005ce0f1"/>
<load_dll filename="c:\windows\system32\termsrv.dll" successful="1" address="&#x24;761D0000" end_address="&#x24;76224000" size="344064" filename_hash="86773aed393573d4bd59481185910bbaaf85790f"/>
<load_dll filename="c:\windows\system32\ICAAPI.dll" successful="1" address="&#x24;74EF0000" end_address="&#x24;74EF6000" size="24576" filename_hash="166e7e5c0064c63fb4516303b879d1c83b69cf2a"/>
<load_dll filename="c:\windows\system32\SETUPAPI.dll" successful="1" address="&#x24;778F0000" end_address="&#x24;779E4000" size="999424" filename_hash="8109df4e050264532bb5757e9da4ae12e29b800f"/>
<load_dll filename="C:\WINDOWS\system32\WINTRUST.dll" successful="1" address="&#x24;76BF0000" end_address="&#x24;76C1E000" size="188416" filename_hash="7bda19c92848a811077f780f569c0593d14b2a92"/>
<load_dll filename="C:\WINDOWS\system32\CRYPT32.dll" successful="1" address="&#x24;77A50000" end_address="&#x24;77AE6000" size="614400" filename_hash="3127dbe44b75c673c24f9ad63675ff91cd9c6321"/>
<load_dll filename="C:\WINDOWS\system32\MSASN1.dll" successful="1" address="&#x24;77AF0000" end_address="&#x24;77B02000" size="73728" filename_hash="e3b7e1519f060e76b7e5579c1974e6260bcdb324"/>
<load_dll filename="C:\WINDOWS\system32\IMAGEHLP.dll" successful="1" address="&#x24;76C50000" end_address="&#x24;76C78000" size="163840" filename_hash="2eaa144578f2beb69da027ca0e15445c98a95607"/>
<load_dll filename="c:\windows\system32\AUTHZ.dll" successful="1" address="&#x24;77690000" end_address="&#x24;776A2000" size="73728" filename_hash="36977fd1a696a3c3b974d2147d23425f7b0e6bec"/>
<load_dll filename="c:\windows\system32\mstlsapi.dll" successful="1" address="&#x24;75090000" end_address="&#x24;750AF000" size="126976" filename_hash="a88f24cb797bb85aba9ea841103faae3677188a7"/>
<load_dll filename="c:\windows\system32\ACTIVEDS.dll" successful="1" address="&#x24;77C90000" end_address="&#x24;77CC2000" size="204800" filename_hash="71dde7dea4019ab631fe85a31149a494363b7bdc"/>
<load_dll filename="c:\windows\system32\adsldpc.dll" successful="1" address="&#x24;76DD0000" end_address="&#x24;76DF5000" size="151552" filename_hash="1e272578a29b1c2ed7a013266ca50343a560fa2d"/>
<load_dll filename="C:\WINDOWS\system32\NETAPI32.dll" successful="1" address="&#x24;597D0000" end_address="&#x24;59825000" size="348160" filename_hash="5e935f90226ff224936edf449f925b647b535917"/>
<load_dll filename="c:\windows\system32\ATL.DLL" successful="1" address="&#x24;76AD0000" end_address="&#x24;76AE1000" size="69632" filename_hash="59cb82f432d529da3e81b030b2365c22a95fd35a"/>
<load_dll filename="C:\WINDOWS\system32\REGAPI.dll" successful="1" address="&#x24;76B70000" end_address="&#x24;76B7F000" size="61440" filename_hash="0b43cc40011a36366d3490973e82bcd162bb93da"/>
<load_dll filename="C:\WINDOWS\system32\rsaenh.dll" successful="1" address="&#x24;68000000" end_address="&#x24;68036000" size="221184" filename_hash="8e8dd9db03ed502d915dee9e4f9fd3f10593e27c"/>
<load_dll filename="C:\WINDOWS\system32\Apphelp.dll" successful="1" address="&#x24;77B10000" end_address="&#x24;77B32000" size="139264" filename_hash="016ea16586e3c27f4bd43341ba906187a416afe0"/>
<load_dll filename="C:\WINDOWS\system32\pstorec.dll" successful="1" address="&#x24;5E490000" end_address="&#x24;5E49D000" size="53248" filename_hash="8ae378a352c4a13516bf1fe5a8615d8893d2ff2d"/>
</all_section>
</thread>
</process>
<process index="3" pid="2800" filename="C:\Programme\Internet Explorer\iexplore.exe" filename_hash="hash_error" filesize="636072" md5="a251068640ddb69fd7805b57d89d7ff7" sha1="c7c97a64d3c27eb942b1ee359ee0743cba31031a" username="Administrator" parentindex="1" starttime="00:06.765" terminationtime="00:13.140" startreason="CreateProcess" terminationreason="NormalTermination" executionstatus="OK">
<thread tid="2816">
<all_section>
<load_image filename="C:\Programme\Internet Explorer\iexplore.exe" successful="1" address="&#x24;400000" end_address="&#x24;49C000" size="638976" filename_hash="hash_error"/>
<load_dll filename="C:\WINDOWS\system32\ntdll.dll" successful="1" address="&#x24;7C910000" end_address="&#x24;7C9C9000" size="757760" filename_hash="e753d19a2e3b98b2b3b8f02f276092096d10f22d"/>
<load_dll filename="C:\WINDOWS\system32\kernel32.dll" successful="1" address="&#x24;7C800000" end_address="&#x24;7C908000" size="1081344" filename_hash="c88d57cc99f75cd928b47b6e444231f26670138f"/>
<load_dll filename="C:\WINDOWS\system32\ADVAPI32.dll" successful="1" address="&#x24;77DA0000" end_address="&#x24;77E4A000" size="696320" filename_hash="ea2e9bac1789b53d7efcd675a63f4a2b44898439"/>
<load_dll filename="C:\WINDOWS\system32\RPCRT4.dll" successful="1" address="&#x24;77E50000" end_address="&#x24;77EE2000" size="598016" filename_hash="f3bb6474ec18ee9cccc02ef44510a78b42058a41"/>
<load_dll filename="C:\WINDOWS\system32\Secur32.dll" successful="1" address="&#x24;77FC0000" end_address="&#x24;77FD1000" size="69632" filename_hash="31166d1e35a911a082149f5efac2dac228109615"/>
<load_dll filename="C:\WINDOWS\system32\GDI32.dll" successful="1" address="&#x24;77EF0000" end_address="&#x24;77F39000" size="299008" filename_hash="0f37018f672c7635691f7317ade3c5a63904ec96"/>
<load_dll filename="C:\WINDOWS\system32\USER32.dll" successful="1" address="&#x24;7E360000" end_address="&#x24;7E3F1000" size="593920" filename_hash="08fe9ff1fe9b8fd237adedb10d65fb0447b91fe5"/>
<load_dll filename="C:\WINDOWS\system32\msvcrt.dll" successful="1" address="&#x24;77BE0000" end_address="&#x24;77C38000" size="360448" filename_hash="70d5f97088cc9348bb9d10098af0738a696b96de"/>
<load_dll filename="C:\WINDOWS\system32\SHLWAPI.dll" successful="1" address="&#x24;77F40000" end_address="&#x24;77FB6000" size="483328" filename_hash="a9245beec2e139b31cd3b65e0f0e4804c030e639"/>
<load_dll filename="C:\WINDOWS\system32\SHELL32.dll" successful="1" address="&#x24;7E670000" end_address="&#x24;7EE91000" size="8523776" filename_hash="bbe9d57955e5d348e664b72faf331a7b9d722d0c"/>
<load_dll filename="C:\WINDOWS\system32\ole32.dll" successful="1" address="&#x24;774B0000" end_address="&#x24;775ED000" size="1298432" filename_hash="c7753525d5276ab92a01a8a3c39cfb5269da7f98"/>
<load_dll filename="C:\WINDOWS\system32\urlmon.dll" successful="1" address="&#x24;452E0000" end_address="&#x24;45407000" size="1208320" filename_hash="d1fe6e0c349d546f931a4654415e648f30ed91cb"/>
<load_dll filename="C:\WINDOWS\system32\OLEAUT32.dll" successful="1" address="&#x24;770F0000" end_address="&#x24;7717B000" size="569344" filename_hash="3168a173d177f470928b468db777640861dcb32e"/>
<load_dll filename="C:\WINDOWS\system32\iertutil.dll" successful="1" address="&#x24;43F60000" end_address="&#x24;43FA5000" size="282624" filename_hash="962fdf7a8839794fdb71eb6d15ae0824a89db8d7"/>
<load_dll filename="C:\WINDOWS\system32\VERSION.dll" successful="1" address="&#x24;77BD0000" end_address="&#x24;77BD8000" size="32768" filename_hash="adf263b658136ccb3cde72d0e6dd634c5a5e5143"/>
<load_dll filename="C:\WINDOWS\system32\IMM32.DLL" successful="1" address="&#x24;76330000" end_address="&#x24;7634D000" size="118784" filename_hash="f9be7678080084bc3cb48d0cb64bba9ba98800f1"/>
<load_dll filename="C:\WINDOWS\WinSxS\x86_Microsoft.Windows.Common-Controls_6595b64144ccf1df_6.0.2600.5512_x-ww_35d4ce83\" successful="1" address="&#x24;773A0000" end_address="&#x24;774A3000" size="1060864" filename_hash="hash_error"/>
<load_dll filename="C:\WINDOWS\system32\comctl32.dll" successful="1" address="&#x24;5D450000" end_address="&#x24;5D4EA000" size="630784" filename_hash="ba126572bcb4ac594a3c37e2ac86db40b173878d"/>
<load_dll filename="C:\WINDOWS\system32\pstorec.dll" successful="1" address="&#x24;5E490000" end_address="&#x24;5E49D000" size="53248" filename_hash="8ae378a352c4a13516bf1fe5a8615d8893d2ff2d"/>
<load_dll filename="C:\WINDOWS\system32\ATL.DLL" successful="1" address="&#x24;76AD0000" end_address="&#x24;76AE1000" size="69632" filename_hash="59cb82f432d529da3e81b030b2365c22a95fd35a"/>
<load_dll filename="C:\WINDOWS\system32\wsock32.dll" successful="1" address="&#x24;71A30000" end_address="&#x24;71A3A000" size="40960" filename_hash="42e1c04ce06976a15d87a8b9c8c8f2475ff90c2b"/>
<get_system_directory/>
<load_dll filename="C:\WINDOWS\system32\winspool.drv" successful="1" address="&#x24;72F70000" end_address="&#x24;72F96000" size="155648" filename_hash="e413855355ea0c254b38ba85451a843e1fa526c5"/>
<load_dll filename="C:\WINDOWS\system32\USER32.dll" successful="1" address="&#x24;7E360000" end_address="&#x24;7E3F1000" size="593920" filename_hash="08fe9ff1fe9b8fd237adedb10d65fb0447b91fe5"/>
<load_dll filename="C:\WINDOWS\system32\ole32.dll" successful="1" address="&#x24;774B0000" end_address="&#x24;775ED000" size="1298432" filename_hash="c7753525d5276ab92a01a8a3c39cfb5269da7f98"/>
<create_thread targetpid="2800" threadid="2940" address="&#x24;77DC848A" parameteraddress="&#x24;00000000"/>
<vm_protect targetpid="2800" wantedaddress="&#x24;44200BCA" address="&#x24;44200000" wantedsize="8" size="4096" protect="PAGE_EXECUTE_READWRITE" behavior="Normal" target="WININET.dll.InternetOpenUrlA"/>
<vm_protect targetpid="2800" wantedaddress="&#x24;44200BCA" address="&#x24;44200000" wantedsize="8" size="4096" protect="PAGE_EXECUTE_READ" behavior="Normal" target="WININET.dll.InternetOpenUrlA"/>
<vm_protect targetpid="2800" wantedaddress="&#x24;4424AF69" address="&#x24;4424A000" wantedsize="8" size="4096" protect="PAGE_EXECUTE_READWRITE" behavior="Normal" target="WININET.dll.InternetOpenUrlW"/>
<vm_protect targetpid="2800" wantedaddress="&#x24;4424AF69" address="&#x24;4424A000" wantedsize="8" size="4096" protect="PAGE_EXECUTE_READ" behavior="Normal" target="WININET.dll.InternetOpenUrlW"/>
<vm_protect targetpid="2800" wantedaddress="&#x24;441F4321" address="&#x24;441F4000" wantedsize="8" size="4096" protect="PAGE_EXECUTE_READWRITE" behavior="Normal" target="WININET.dll.HttpOpenRequestA"/>
<vm_protect targetpid="2800" wantedaddress="&#x24;441F4321" address="&#x24;441F4000" wantedsize="8" size="4096" protect="PAGE_EXECUTE_READ" behavior="Normal" target="WININET.dll.HttpOpenRequestA"/>
<vm_protect targetpid="2800" wantedaddress="&#x24;441F5D42" address="&#x24;441F5000" wantedsize="8" size="4096" protect="PAGE_EXECUTE_READWRITE" behavior="Normal" target="WININET.dll.HttpOpenRequestW"/>
<vm_protect targetpid="2800" wantedaddress="&#x24;441F5D42" address="&#x24;441F5000" wantedsize="8" size="4096" protect="PAGE_EXECUTE_READ" behavior="Normal" target="WININET.dll.HttpOpenRequestW"/>
<vm_protect targetpid="2800" wantedaddress="&#x24;441F497A" address="&#x24;441F4000" wantedsize="8" size="4096" protect="PAGE_EXECUTE_READWRITE" behavior="Normal" target="WININET.dll.InternetConnectA"/>
<vm_protect targetpid="2800" wantedaddress="&#x24;441F497A" address="&#x24;441F4000" wantedsize="8" size="4096" protect="PAGE_EXECUTE_READ" behavior="Normal" target="WININET.dll.InternetConnectA"/>
<vm_protect targetpid="2800" wantedaddress="&#x24;441F5B68" address="&#x24;441F5000" wantedsize="8" size="4096" protect="PAGE_EXECUTE_READWRITE" behavior="Normal" target="WININET.dll.InternetConnectW"/>
<vm_protect targetpid="2800" wantedaddress="&#x24;441F5B68" address="&#x24;441F5000" wantedsize="8" size="4096" protect="PAGE_EXECUTE_READ" behavior="Normal" target="WININET.dll.InternetConnectW"/>
<load_dll filename="C:\WINDOWS\system32\wininet.dll" successful="1" address="&#x24;441E0000" end_address="&#x24;442B0000" size="851968" filename_hash="b076c231d541b2dd6665f7040a4695bf12d54e7e"/>
<load_dll filename="C:\WINDOWS\system32\SHLWAPI.dll" successful="1" address="&#x24;77F40000" end_address="&#x24;77FB6000" size="483328" filename_hash="a9245beec2e139b31cd3b65e0f0e4804c030e639"/>
<load_dll filename="C:\WINDOWS\system32\SHELL32.dll" successful="1" address="&#x24;7E670000" end_address="&#x24;7EE91000" size="8523776" filename_hash="bbe9d57955e5d348e664b72faf331a7b9d722d0c"/>
<load_dll filename="C:\WINDOWS\system32\kernel32.dll" successful="1" address="&#x24;7C800000" end_address="&#x24;7C908000" size="1081344" filename_hash="c88d57cc99f75cd928b47b6e444231f26670138f"/>
<load_dll filename="C:\WINDOWS\system32\comctl32.dll" successful="1" address="&#x24;5D450000" end_address="&#x24;5D4EA000" size="630784" filename_hash="ba126572bcb4ac594a3c37e2ac86db40b173878d"/>
<load_dll filename="C:\WINDOWS\system32\VERSION.dll" successful="1" address="&#x24;77BD0000" end_address="&#x24;77BD8000" size="32768" filename_hash="adf263b658136ccb3cde72d0e6dd634c5a5e5143"/>
</all_section>
</thread>
<thread tid="2944">
<all_section>
<load_dll filename="C:\WINDOWS\system32\urlmon.dll" successful="1" address="&#x24;452E0000" end_address="&#x24;45407000" size="1208320" filename_hash="d1fe6e0c349d546f931a4654415e648f30ed91cb"/>
<load_dll filename="C:\WINDOWS\system32\ADVAPI32.dll" successful="1" address="&#x24;77DA0000" end_address="&#x24;77E4A000" size="696320" filename_hash="ea2e9bac1789b53d7efcd675a63f4a2b44898439"/>
<load_dll filename="C:\WINDOWS\system32\USER32.dll" successful="1" address="&#x24;7E360000" end_address="&#x24;7E3F1000" size="593920" filename_hash="08fe9ff1fe9b8fd237adedb10d65fb0447b91fe5"/>
<load_dll filename="C:\WINDOWS\system32\ole32.dll" successful="1" address="&#x24;774B0000" end_address="&#x24;775ED000" size="1298432" filename_hash="c7753525d5276ab92a01a8a3c39cfb5269da7f98"/>
<load_dll filename="C:\WINDOWS\system32\kernel32.dll" successful="1" address="&#x24;7C800000" end_address="&#x24;7C908000" size="1081344" filename_hash="c88d57cc99f75cd928b47b6e444231f26670138f"/>
<load_dll filename="C:\WINDOWS\system32\ntdll.dll" successful="1" address="&#x24;7C910000" end_address="&#x24;7C9C9000" size="757760" filename_hash="e753d19a2e3b98b2b3b8f02f276092096d10f22d"/>
<open_key key="HKEY_CLASSES_ROOT\InternetExplorer.Application"/>
<query_value key="HKEY_LOCAL_MACHINE\SOFTWARE\Classes\InternetExplorer.Application" value="CLSID" data="&#x7B;0002DF01-0000-0000-C000-000000000046&#x7D;"/>
<open_key key="HKEY_CLASSES_ROOT\CLSID\&#x7B;0002DF01-0000-0000-C000-000000000046&#x7D;"/>
<query_value key="HKEY_LOCAL_MACHINE\SOFTWARE\Classes\CLSID\&#x7B;0002DF01-0000-0000-C000-000000000046&#x7D;" value="LocalServer32" data="&#x22;C:\Programme\Internet Explorer\iexplore.exe&#x22;"/>
<create_open_file filetype="file" srcfile="\Device\Tcp" srcfile_hash="hash_error" creationdistribution="OPEN_ALWAYS" desiredaccess="FILE_ANY_ACCESS" shareaccess="FILE_SHARE_READ FILE_SHARE_WRITE" flags="FILE_ATTRIBUTE_NORMAL SECURITY_ANONYMOUS"/>
<create_open_file filetype="file" srcfile="\Device\Ip" srcfile_hash="hash_error" creationdistribution="OPEN_ALWAYS" desiredaccess="FILE_ANY_ACCESS" shareaccess="FILE_SHARE_READ FILE_SHARE_WRITE" flags="FILE_ATTRIBUTE_NORMAL SECURITY_ANONYMOUS"/>
<create_open_file filetype="file" srcfile="\Device\Ip" srcfile_hash="hash_error" creationdistribution="OPEN_ALWAYS" desiredaccess="FILE_ANY_ACCESS FILE_READ_ACCESS FILE_READ_DATA FILE_LIST_DIRECTORY FILE_WRITE_ACCESS FILE_WRITE_DATA FILE_ADD_FILE" shareaccess="FILE_SHARE_READ FILE_SHARE_WRITE" flags="FILE_ATTRIBUTE_NORMAL SECURITY_ANONYMOUS"/>
<open_file filetype="file" srcfile="\\.\Ip" srcfile_hash="hash_error" creationdistribution="OPEN_EXISTING" desiredaccess="FILE_ANY_ACCESS" shareaccess="FILE_SHARE_READ FILE_SHARE_WRITE" flags="FILE_ATTRIBUTE_NORMAL SECURITY_ANONYMOUS"/>
<load_dll filename="C:\WINDOWS\system32\iphlpapi.dll" successful="1" address="&#x24;76D20000" end_address="&#x24;76D39000" size="102400" filename_hash="d1b9eede5a4650dc577abc73d81b948a45a36830"/>
<create_open_file filetype="file" srcfile="\Device\Tcp6" srcfile_hash="hash_error" creationdistribution="OPEN_ALWAYS" desiredaccess="FILE_ANY_ACCESS" shareaccess="FILE_SHARE_READ FILE_SHARE_WRITE" flags="FILE_ATTRIBUTE_NORMAL SECURITY_ANONYMOUS"/>
<create_open_file filetype="file" srcfile="\Device\Tcp" srcfile_hash="hash_error" creationdistribution="OPEN_ALWAYS" desiredaccess="FILE_ANY_ACCESS" shareaccess="FILE_SHARE_READ FILE_SHARE_WRITE" flags="FILE_ATTRIBUTE_NORMAL SECURITY_ANONYMOUS"/>
<create_open_file filetype="file" srcfile="\Device\Tcp6" srcfile_hash="hash_error" creationdistribution="OPEN_ALWAYS" desiredaccess="FILE_ANY_ACCESS" shareaccess="FILE_SHARE_READ FILE_SHARE_WRITE" flags="FILE_ATTRIBUTE_NORMAL SECURITY_ANONYMOUS"/>
<create_open_file filetype="file" srcfile="\Device\NetBT_Tcpip_&#x7B;5D19E473-BE30-416B-B5C7-D8A091C41D2F&#x7D;" srcfile_hash="hash_error" creationdistribution="OPEN_ALWAYS" desiredaccess="FILE_ANY_ACCESS FILE_READ_ACCESS FILE_READ_DATA FILE_LIST_DIRECTORY FILE_WRITE_ACCESS FILE_WRITE_DATA FILE_ADD_FILE" shareaccess="FILE_SHARE_READ FILE_SHARE_WRITE" flags="FILE_ATTRIBUTE_NORMAL SECURITY_ANONYMOUS"/>
<open_file filetype="file" srcfile="\\.\PhysicalDrive0" srcfile_hash="hash_error" creationdistribution="OPEN_EXISTING" desiredaccess="FILE_ANY_ACCESS" shareaccess="FILE_SHARE_READ FILE_SHARE_WRITE" flags="SECURITY_ANONYMOUS"/>
<get_system_directory/>
<check_for_debugger apifunction="IsDebuggerPresent"/>
<load_dll filename="C:\WINDOWS\system32\uxtheme.dll" successful="1" address="&#x24;5B0F0000" end_address="&#x24;5B128000" size="229376" filename_hash="16c4d24a172bfbc67f488d6b4086b9e10f8eaf4b"/>
<get_system_directory/>
<open_key key="HKEY_LOCAL_MACHINE\SOFTWARE\Microsoft\CTF\Compatibility\iexplore.exe"/>
<open_key key="HKEY_LOCAL_MACHINE\SOFTWARE\Microsoft\CTF\SystemShared"/>
<query_value key="HKEY_LOCAL_MACHINE\SOFTWARE\Microsoft\CTF\SystemShared" value="CUAS"/>
<create_mutex name="CTF.LBES.MutexDefaultS-1-5-21-583907252-1708537768-842925246-500" owned="0"/>
<create_mutex name="CTF.Compart.MutexDefaultS-1-5-21-583907252-1708537768-842925246-500" owned="0"/>
<create_mutex name="CTF.Asm.MutexDefaultS-1-5-21-583907252-1708537768-842925246-500" owned="0"/>
<create_mutex name="CTF.Layouts.MutexDefaultS-1-5-21-583907252-1708537768-842925246-500" owned="0"/>
<create_mutex name="CTF.TMD.MutexDefaultS-1-5-21-583907252-1708537768-842925246-500" owned="0"/>
<open_key key="HKEY_CURRENT_USER\Keyboard Layout\Toggle"/>
<query_value key="HKEY_CURRENT_USER\Keyboard Layout\Toggle" value="Language Hotkey"/>
<query_value key="HKEY_CURRENT_USER\Keyboard Layout\Toggle" value="Layout Hotkey"/>
<get_system_directory/>
<open_key key="HKEY_LOCAL_MACHINE\SOFTWARE\Microsoft\CTF"/>
<query_value key="HKEY_LOCAL_MACHINE\SOFTWARE\Microsoft\CTF" value="EnableAnchorContext"/>
<create_mutex name="CTF.TimListCache.FMPDefaultS-1-5-21-583907252-1708537768-842925246-500MUTEX.DefaultS-1-5-21-583907252" owned="0"/>
<set_windows_hook hookid="WH_KEYBOARD" threadid="2944" hook_address="&#x24;746B07C3" hook_module="&#x24;746A0000"/>
<set_windows_hook hookid="WH_MOUSE" threadid="2944" hook_address="&#x24;746B04CD" hook_module="&#x24;746A0000"/>
<create_window hwnd="&#x24;00030164" classname="URL Moniker Notification Window" height="0" width="0" top="0" left="0" style="WS_OVERLAPPED WS_TILED" exstyle="WS_EX_LEFT WS_EX_LTRREADING WS_EX_RIGHTSCROLLBAR"/>
<open_key key="HKEY_LOCAL_MACHINE\Software\Policies\Microsoft\Windows\CurrentVersion\Internet Settings"/>
<open_key key="HKEY_LOCAL_MACHINE\Software\Policies\Microsoft\Internet Explorer\Main\FeatureControl"/>
<open_key key="HKEY_CURRENT_USER\Software\Policies\Microsoft\Internet Explorer\Main\FeatureControl"/>
<open_key key="HKEY_LOCAL_MACHINE\Software\Microsoft\Internet Explorer\Main\FeatureControl"/>
<open_key key="HKEY_CURRENT_USER\Software\Microsoft\Internet Explorer\Main\FeatureControl"/>
<open_key key="HKEY_CURRENT_USER\Software\Microsoft\Internet Explorer\Main\FeatureControl\Feature_Enable_Compat_Logging"/>
<open_key key="HKEY_LOCAL_MACHINE\SOFTWARE\Microsoft\Internet Explorer\Main\FeatureControl\Feature_Enable_Compat_Logging"/>
<create_thread targetpid="2800" threadid="2972" address="&#x24;44202A5B" parameteraddress="&#x24;0030CDF0"/>
<open_file filetype="namedpipe" srcfile="\\.\PIPE\lsarpc" creationdistribution="OPEN_EXISTING" desiredaccess="FILE_ANY_ACCESS" shareaccess="FILE_SHARE_READ FILE_SHARE_WRITE" flags="SECURITY_ANONYMOUS"/>
<create_thread targetpid="2800" threadid="2976" address="&#x24;7C937EDB" parameteraddress="&#x24;00000000"/>
<create_thread targetpid="2800" threadid="2980" address="&#x24;7C920250" parameteraddress="&#x24;00000000"/>
<download_file url="http://upd.host255-255-255-0.com/upd/check&#x3F;version=0.1unk&#x26;fxp=9973df724bcd48e52233c70d08cfb8baeed70fa2cb03b3e7e60616b57770c70dee03187f" localfile="C:\DOKUME&#x7E;1\ADMINI&#x7E;1\LOKALE&#x7E;1\Temp\1a41d6.exe" localfile_hash="hash_error" successful="1" apifunction="URLDownloadToFileA"/>
<create_process filename="C:\DOKUME&#x7E;1\ADMINI&#x7E;1\LOKALE&#x7E;1\Temp\1a41d6.exe" filename_hash="hash_error" apifunction="CreateProcessA" successful="0"/>
<kill_process targetpid="2800" apifunction="NtTerminateProcess"/>
<enum_window/>
</all_section>
</thread>
<thread tid="2972">
<all_section>
<get_host_by_name socket="0" remote_addr="127.0.0.1" hostname="0" buffer_len="4" successful="1"/>
<open_key key="HKEY_LOCAL_MACHINE\Software\Microsoft\Rpc\SecurityService"/>
<query_value key="HKEY_LOCAL_MACHINE\SOFTWARE\Microsoft\Rpc\SecurityService" value="DefaultAuthLevel"/>
<create_socket socket="1644" socket_type="SOCK_DGRAM" successful="1"/>
<load_dll filename="C:\WINDOWS\system32\WS2_32.dll" successful="1" address="&#x24;71A10000" end_address="&#x24;71A27000" size="94208" filename_hash="7cf3366c68e402eb3678046fe97651a586044560"/>
<bind_socket socket="1644" successful="1"/>
<connect_socket socket="1644" remote_addr="127.0.0.1" remote_port="1046" successful="1"/>
<recv_socket socket="1644" buffer_len="1" successful="1">
<dump_line offset="&#x24;0000" dump="21                                              " ascii="!"/>
</recv_socket>
</all_section>
</thread>
<thread tid="2980">
<all_section>
<load_dll filename="C:\WINDOWS\system32\wininet.dll" successful="1" address="&#x24;441E0000" end_address="&#x24;442B0000" size="851968" filename_hash="b076c231d541b2dd6665f7040a4695bf12d54e7e"/>
<load_dll filename="C:\WINDOWS\WinSxS\x86_Microsoft.Windows.Common-Controls_6595b64144ccf1df_6.0.2600.5512_x-ww_35d4ce83\" successful="1" address="&#x24;773A0000" end_address="&#x24;774A3000" size="1060864" filename_hash="hash_error"/>
<load_dll filename="C:\WINDOWS\system32\RASAPI32.dll" successful="1" address="&#x24;76EA0000" end_address="&#x24;76EDC000" size="245760" filename_hash="2b764e033d62d37765392a55774c44d8d6e9414f"/>
<create_mutex name="RasPbFile" owned="0"/>
<open_mutex name="RasPbFile" owned="1"/>
<vm_protect targetpid="2800" wantedaddress="&#x24;597E1048" address="&#x24;597E1000" wantedsize="8" size="4096" protect="PAGE_EXECUTE_READWRITE" behavior="Normal" target="NETAPI32.dll.NetShareDel"/>
<vm_protect targetpid="2800" wantedaddress="&#x24;597E1048" address="&#x24;597E1000" wantedsize="8" size="4096" protect="PAGE_EXECUTE_READ" behavior="Normal" target="NETAPI32.dll.NetShareDel"/>
<vm_protect targetpid="2800" wantedaddress="&#x24;59813A01" address="&#x24;59813000" wantedsize="8" size="4096" protect="PAGE_EXECUTE_READWRITE" behavior="Normal" target="NETAPI32.dll.NetShareDelSticky"/>
<vm_protect targetpid="2800" wantedaddress="&#x24;59813A01" address="&#x24;59813000" wantedsize="8" size="4096" protect="PAGE_EXECUTE_READ" behavior="Normal" target="NETAPI32.dll.NetShareDelSticky"/>
<vm_protect targetpid="2800" wantedaddress="&#x24;5980808D" address="&#x24;59808000" wantedsize="8" size="4096" protect="PAGE_EXECUTE_READWRITE" behavior="Normal" target="NETAPI32.dll.NetScheduleJobAdd"/>
<vm_protect targetpid="2800" wantedaddress="&#x24;5980808D" address="&#x24;59808000" wantedsize="8" size="4096" protect="PAGE_EXECUTE_READ" behavior="Normal" target="NETAPI32.dll.NetScheduleJobAdd"/>
<vm_protect targetpid="2800" wantedaddress="&#x24;59804604" address="&#x24;59804000" wantedsize="8" size="4096" protect="PAGE_EXECUTE_READWRITE" behavior="Normal" target="NETAPI32.dll.NetUserAdd"/>
<vm_protect targetpid="2800" wantedaddress="&#x24;59804604" address="&#x24;59804000" wantedsize="8" size="4096" protect="PAGE_EXECUTE_READ" behavior="Normal" target="NETAPI32.dll.NetUserAdd"/>
<vm_protect targetpid="2800" wantedaddress="&#x24;598049E5" address="&#x24;59804000" wantedsize="8" size="4096" protect="PAGE_EXECUTE_READWRITE" behavior="Normal" target="NETAPI32.dll.NetUserEnum"/>
<vm_protect targetpid="2800" wantedaddress="&#x24;598049E5" address="&#x24;59804000" wantedsize="8" size="4096" protect="PAGE_EXECUTE_READ" behavior="Normal" target="NETAPI32.dll.NetUserEnum"/>
<vm_protect targetpid="2800" wantedaddress="&#x24;59804808" address="&#x24;59804000" wantedsize="8" size="4096" protect="PAGE_EXECUTE_READWRITE" behavior="Normal" target="NETAPI32.dll.NetUserDel"/>
<vm_protect targetpid="2800" wantedaddress="&#x24;59804808" address="&#x24;59804000" wantedsize="8" size="4096" protect="PAGE_EXECUTE_READ" behavior="Normal" target="NETAPI32.dll.NetUserDel"/>
<vm_protect targetpid="2800" wantedaddress="&#x24;597DACC9" address="&#x24;597DA000" wantedsize="8" size="4096" protect="PAGE_EXECUTE_READWRITE" behavior="Normal" target="NETAPI32.dll.NetUserGetInfo"/>
<vm_protect targetpid="2800" wantedaddress="&#x24;597DACC9" address="&#x24;597DA000" wantedsize="8" size="4096" protect="PAGE_EXECUTE_READ" behavior="Normal" target="NETAPI32.dll.NetUserGetInfo"/>
<vm_protect targetpid="2800" wantedaddress="&#x24;597E0F78" address="&#x24;597E0000" wantedsize="8" size="4096" protect="PAGE_EXECUTE_READWRITE" behavior="Normal" target="NETAPI32.dll.NetShareAdd"/>
<vm_protect targetpid="2800" wantedaddress="&#x24;597E0F78" address="&#x24;597E0000" wantedsize="8" size="4096" protect="PAGE_EXECUTE_READ" behavior="Normal" target="NETAPI32.dll.NetShareAdd"/>
<vm_protect targetpid="2800" wantedaddress="&#x24;597D9115" address="&#x24;597D9000" wantedsize="8" size="4096" protect="PAGE_EXECUTE_READWRITE" behavior="Normal" target="NETAPI32.dll.NetShareEnum"/>
<vm_protect targetpid="2800" wantedaddress="&#x24;597D9115" address="&#x24;597D9000" wantedsize="8" size="4096" protect="PAGE_EXECUTE_READ" behavior="Normal" target="NETAPI32.dll.NetShareEnum"/>
<vm_protect targetpid="2800" wantedaddress="&#x24;59813AE9" address="&#x24;59813000" wantedsize="8" size="4096" protect="PAGE_EXECUTE_READWRITE" behavior="Normal" target="NETAPI32.dll.NetShareEnumSticky"/>
<vm_protect targetpid="2800" wantedaddress="&#x24;59813AE9" address="&#x24;59813000" wantedsize="8" size="4096" protect="PAGE_EXECUTE_READ" behavior="Normal" target="NETAPI32.dll.NetShareEnumSticky"/>
<load_dll filename="C:\WINDOWS\system32\rtutils.dll" successful="1" address="&#x24;76E40000" end_address="&#x24;76E4E000" size="57344" filename_hash="1878db387ed7e53ffd7b8150c26ddaf51560c447"/>
<load_dll filename="C:\WINDOWS\system32\SHELL32.dll" successful="1" address="&#x24;7E670000" end_address="&#x24;7EE91000" size="8523776" filename_hash="bbe9d57955e5d348e664b72faf331a7b9d722d0c"/>
<load_dll filename="C:\WINDOWS\system32\USERENV.dll" successful="1" address="&#x24;76620000" end_address="&#x24;766D6000" size="745472" filename_hash="c7264e1fe77ea0e6d615077dd7cc6cc06aaa02cd"/>
<get_computer_name/>
<impersonate_user user="Administrator" tokenhandle="1784"/>
<open_file filetype="namedpipe" srcfile="\\.\PIPE\lsarpc" creationdistribution="OPEN_EXISTING" desiredaccess="FILE_ANY_ACCESS" shareaccess="FILE_SHARE_READ FILE_SHARE_WRITE" flags="SECURITY_ANONYMOUS"/>
<load_dll filename="C:\WINDOWS\system32\NETAPI32.dll" successful="1" address="&#x24;597D0000" end_address="&#x24;59825000" size="348160" filename_hash="5e935f90226ff224936edf449f925b647b535917"/>
<open_file filetype="namedpipe" srcfile="\\.\PIPE\lsarpc" creationdistribution="OPEN_EXISTING" desiredaccess="FILE_ANY_ACCESS" shareaccess="FILE_SHARE_READ FILE_SHARE_WRITE" flags="SECURITY_ANONYMOUS"/>
<get_file_attributes filetype="file" srcfile="c:\autoexec.bat" srcfile_hash="hash_error" desiredaccess="FILE_ANY_ACCESS" flags="SECURITY_ANONYMOUS"/>
<open_file filetype="file" srcfile="c:\autoexec.bat" srcfile_hash="hash_error" creationdistribution="OPEN_EXISTING" desiredaccess="FILE_ANY_ACCESS" shareaccess="FILE_SHARE_READ" flags="FILE_ATTRIBUTE_NORMAL SECURITY_ANONYMOUS"/>
<find_file filetype="file" srcfile="C:\Dokumente und Einstellungen\All Users\Anwendungsdaten\Microsoft\Network\Connections\Pbk\&#x2A;.pbk" srcfile_hash="hash_error" desiredaccess="FILE_ANY_ACCESS" flags="SECURITY_ANONYMOUS"/>
<get_system_directory/>
<find_file filetype="file" srcfile="C:\WINDOWS\system32\Ras\&#x2A;.pbk" srcfile_hash="hash_error" desiredaccess="FILE_ANY_ACCESS" flags="SECURITY_ANONYMOUS"/>
<get_computer_name/>
<impersonate_user user="Administrator" tokenhandle="1784"/>
<open_file filetype="namedpipe" srcfile="\\.\PIPE\lsarpc" creationdistribution="OPEN_EXISTING" desiredaccess="FILE_ANY_ACCESS" shareaccess="FILE_SHARE_READ FILE_SHARE_WRITE" flags="SECURITY_ANONYMOUS"/>
<get_file_attributes filetype="file" srcfile="c:\autoexec.bat" srcfile_hash="hash_error" desiredaccess="FILE_ANY_ACCESS" flags="SECURITY_ANONYMOUS"/>
<open_file filetype="file" srcfile="c:\autoexec.bat" srcfile_hash="hash_error" creationdistribution="OPEN_EXISTING" desiredaccess="FILE_ANY_ACCESS" shareaccess="FILE_SHARE_READ" flags="FILE_ATTRIBUTE_NORMAL SECURITY_ANONYMOUS"/>
<find_file filetype="file" srcfile="C:\Dokumente und Einstellungen\Administrator\Anwendungsdaten\Microsoft\Network\Connections\Pbk\&#x2A;.pbk" srcfile_hash="hash_error" desiredaccess="FILE_ANY_ACCESS" flags="SECURITY_ANONYMOUS"/>
<open_scmanager servicename="SCM" desiredaccess="SERVICE_ALL_ACCESS"/>
<open_file filetype="namedpipe" srcfile="\\.\PIPE\lsarpc" creationdistribution="OPEN_EXISTING" desiredaccess="FILE_ANY_ACCESS" shareaccess="FILE_SHARE_READ FILE_SHARE_WRITE" flags="SECURITY_ANONYMOUS"/>
<find_file filetype="file" srcfile="C:\Dokumente und Einstellungen\All Users\Anwendungsdaten\Microsoft\Network\Connections\Pbk\&#x2A;.pbk" srcfile_hash="hash_error" desiredaccess="FILE_ANY_ACCESS" flags="SECURITY_ANONYMOUS"/>
<get_system_directory/>
<find_file filetype="file" srcfile="C:\WINDOWS\system32\Ras\&#x2A;.pbk" srcfile_hash="hash_error" desiredaccess="FILE_ANY_ACCESS" flags="SECURITY_ANONYMOUS"/>
<get_computer_name/>
<impersonate_user user="Administrator" tokenhandle="1812"/>
<open_file filetype="namedpipe" srcfile="\\.\PIPE\lsarpc" creationdistribution="OPEN_EXISTING" desiredaccess="FILE_ANY_ACCESS" shareaccess="FILE_SHARE_READ FILE_SHARE_WRITE" flags="SECURITY_ANONYMOUS"/>
<get_file_attributes filetype="file" srcfile="c:\autoexec.bat" srcfile_hash="hash_error" desiredaccess="FILE_ANY_ACCESS" flags="SECURITY_ANONYMOUS"/>
<open_file filetype="file" srcfile="c:\autoexec.bat" srcfile_hash="hash_error" creationdistribution="OPEN_EXISTING" desiredaccess="FILE_ANY_ACCESS" shareaccess="FILE_SHARE_READ" flags="FILE_ATTRIBUTE_NORMAL SECURITY_ANONYMOUS"/>
<find_file filetype="file" srcfile="C:\Dokumente und Einstellungen\Administrator\Anwendungsdaten\Microsoft\Network\Connections\Pbk\&#x2A;.pbk" srcfile_hash="hash_error" desiredaccess="FILE_ANY_ACCESS" flags="SECURITY_ANONYMOUS"/>
<get_host_by_name socket="0" remote_addr="0.0.0.0" hostname="upd.host255-255-255-0.com" successful="0" winsock_result="WSAHOST_NOT_FOUND"/>
<create_socket socket="4294967295" socket_type="SOCK_DGRAM" successful="0"/>
<create_open_file filetype="file" srcfile="\Device\RasAcd" srcfile_hash="hash_error" creationdistribution="OPEN_ALWAYS" desiredaccess="FILE_ANY_ACCESS FILE_READ_ACCESS FILE_READ_DATA FILE_LIST_DIRECTORY FILE_WRITE_ACCESS FILE_WRITE_DATA FILE_ADD_FILE" shareaccess="FILE_SHARE_READ FILE_SHARE_WRITE" flags="FILE_ATTRIBUTE_NORMAL SECURITY_ANONYMOUS"/>
<get_host_by_name socket="0" remote_addr="66.220.17.200" hostname="upd.host255-255-255-0.com" buffer_len="4" successful="1"/>
<create_socket socket="1856" socket_type="SOCK_STREAM" successful="1"/>
<bind_socket socket="1856" successful="1"/>
<create_thread targetpid="2800" threadid="3208" address="&#x24;719BD2C6" parameteraddress="&#x24;00324488"/>
<connect_socket socket="1856" remote_addr="66.220.17.200" remote_port="80" successful="0" winsock_result="10035"/>
<send_socket socket="1644" buffer_len="1">
<dump_line offset="&#x24;0000" dump="21                                              " ascii="!"/>
</send_socket>
<load_dll filename="C:\WINDOWS\system32\rasman.dll" successful="1" address="&#x24;76E50000" end_address="&#x24;76E62000" size="73728" filename_hash="ab8ead1ea84aec88420d0536d67c522080baf1c5"/>
<open_scmanager servicename="SCM" desiredaccess="SERVICE_ALL_ACCESS"/>
<open_service servicename="RASMAN" desiredaccess="SERVICE_ALL_ACCESS"/>
<get_computer_name/>
<open_file filetype="namedpipe" srcfile="\\.\PIPE\ROUTER" creationdistribution="OPEN_EXISTING" desiredaccess="FILE_ANY_ACCESS" shareaccess="FILE_SHARE_READ FILE_SHARE_WRITE" flags="SECURITY_ANONYMOUS"/>
<open_key key="HKEY_LOCAL_MACHINE\Software\Microsoft\Rpc\SecurityService"/>
<query_value key="HKEY_LOCAL_MACHINE\SOFTWARE\Microsoft\Rpc\SecurityService" value="10"/>
<load_dll filename="C:\WINDOWS\system32\Secur32.dll" successful="1" address="&#x24;77FC0000" end_address="&#x24;77FD1000" size="69632" filename_hash="31166d1e35a911a082149f5efac2dac228109615"/>
<open_key key="HKEY_LOCAL_MACHINE\System\CurrentControlSet\Control\SecurityProviders"/>
<query_value key="HKEY_LOCAL_MACHINE\SYSTEM\ControlSet001\Control\SecurityProviders" value="SecurityProviders"/>
<get_computer_name/>
<load_dll filename="C:\WINDOWS\system32\msapsspc.dll" successful="1" address="&#x24;71DD0000" end_address="&#x24;71DE5000" size="86016" filename_hash="6ae0e3be35e8101001344cc216761c8a05ed4058"/>
<open_key key="HKEY_LOCAL_MACHINE\SYSTEM\CurrentControlSet\Services\crypt32\Performance"/>
<load_dll filename="C:\WINDOWS\system32\ADVAPI32.dll" successful="1" address="&#x24;77DA0000" end_address="&#x24;77E4A000" size="696320" filename_hash="ea2e9bac1789b53d7efcd675a63f4a2b44898439"/>
<load_dll filename="C:\WINDOWS\system32\kernel32.dll" successful="1" address="&#x24;7C800000" end_address="&#x24;7C908000" size="1081344" filename_hash="c88d57cc99f75cd928b47b6e444231f26670138f"/>
<load_dll filename="C:\WINDOWS\system32\ADVAPI32.dll" successful="1" address="&#x24;77DA0000" end_address="&#x24;77E4A000" size="696320" filename_hash="ea2e9bac1789b53d7efcd675a63f4a2b44898439"/>
<open_key key="HKEY_LOCAL_MACHINE\SOFTWARE\Microsoft\Windows NT\CurrentVersion\msasn1"/>
<load_dll filename="C:\WINDOWS\system32\schannel.dll" successful="1" address="&#x24;767A0000" end_address="&#x24;767C7000" size="159744" filename_hash="5e77ce8bddeabb1da0cf071c5d89cffa20dca320"/>
<load_dll filename="C:\WINDOWS\system32\digest.dll" successful="1" address="&#x24;76230000" end_address="&#x24;76245000" size="86016" filename_hash="57c470b423ac9d8db9ad8e3a28c45cf8f86f329e"/>
<get_computer_name/>
<load_dll filename="C:\WINDOWS\system32\msnsspc.dll" successful="1" address="&#x24;74D60000" end_address="&#x24;74DA7000" size="290816" filename_hash="0f40373b80077964654f1cc826106fdd2ede0e58"/>
<open_key key="HKEY_LOCAL_MACHINE\System\CurrentControlSet\Control\Lsa\SspiCache"/>
<open_key key="HKEY_LOCAL_MACHINE\SYSTEM\ControlSet001\Control\Lsa\SspiCache\msapsspc.dll"/>
<query_value key="HKEY_LOCAL_MACHINE\SYSTEM\ControlSet001\Control\Lsa\SspiCache\msapsspc.dll" value="Name"/>
<query_value key="HKEY_LOCAL_MACHINE\SYSTEM\ControlSet001\Control\Lsa\SspiCache\msapsspc.dll" value="Comment"/>
<query_value key="HKEY_LOCAL_MACHINE\SYSTEM\ControlSet001\Control\Lsa\SspiCache\msapsspc.dll" value="Capabilities"/>
<query_value key="HKEY_LOCAL_MACHINE\SYSTEM\ControlSet001\Control\Lsa\SspiCache\msapsspc.dll" value="RpcId"/>
<query_value key="HKEY_LOCAL_MACHINE\SYSTEM\ControlSet001\Control\Lsa\SspiCache\msapsspc.dll" value="Version"/>
<query_value key="HKEY_LOCAL_MACHINE\SYSTEM\ControlSet001\Control\Lsa\SspiCache\msapsspc.dll" value="Type"/>
<query_value key="HKEY_LOCAL_MACHINE\SYSTEM\ControlSet001\Control\Lsa\SspiCache\msapsspc.dll" value="TokenSize"/>
<open_key key="HKEY_LOCAL_MACHINE\System\CurrentControlSet\Control\Lsa\SspiCache"/>
<open_key key="HKEY_LOCAL_MACHINE\SYSTEM\ControlSet001\Control\Lsa\SspiCache\digest.dll"/>
<query_value key="HKEY_LOCAL_MACHINE\SYSTEM\ControlSet001\Control\Lsa\SspiCache\digest.dll" value="Name"/>
<query_value key="HKEY_LOCAL_MACHINE\SYSTEM\ControlSet001\Control\Lsa\SspiCache\digest.dll" value="Comment"/>
<query_value key="HKEY_LOCAL_MACHINE\SYSTEM\ControlSet001\Control\Lsa\SspiCache\digest.dll" value="Capabilities"/>
<query_value key="HKEY_LOCAL_MACHINE\SYSTEM\ControlSet001\Control\Lsa\SspiCache\digest.dll" value="RpcId"/>
<query_value key="HKEY_LOCAL_MACHINE\SYSTEM\ControlSet001\Control\Lsa\SspiCache\digest.dll" value="Version"/>
<query_value key="HKEY_LOCAL_MACHINE\SYSTEM\ControlSet001\Control\Lsa\SspiCache\digest.dll" value="Type"/>
<query_value key="HKEY_LOCAL_MACHINE\SYSTEM\ControlSet001\Control\Lsa\SspiCache\digest.dll" value="TokenSize"/>
<open_key key="HKEY_LOCAL_MACHINE\System\CurrentControlSet\Control\Lsa\SspiCache"/>
<open_key key="HKEY_LOCAL_MACHINE\SYSTEM\ControlSet001\Control\Lsa\SspiCache\msnsspc.dll"/>
<query_value key="HKEY_LOCAL_MACHINE\SYSTEM\ControlSet001\Control\Lsa\SspiCache\msnsspc.dll" value="Name"/>
<query_value key="HKEY_LOCAL_MACHINE\SYSTEM\ControlSet001\Control\Lsa\SspiCache\msnsspc.dll" value="Comment"/>
<query_value key="HKEY_LOCAL_MACHINE\SYSTEM\ControlSet001\Control\Lsa\SspiCache\msnsspc.dll" value="Capabilities"/>
<query_value key="HKEY_LOCAL_MACHINE\SYSTEM\ControlSet001\Control\Lsa\SspiCache\msnsspc.dll" value="RpcId"/>
<query_value key="HKEY_LOCAL_MACHINE\SYSTEM\ControlSet001\Control\Lsa\SspiCache\msnsspc.dll" value="Version"/>
<query_value key="HKEY_LOCAL_MACHINE\SYSTEM\ControlSet001\Control\Lsa\SspiCache\msnsspc.dll" value="Type"/>
<query_value key="HKEY_LOCAL_MACHINE\SYSTEM\ControlSet001\Control\Lsa\SspiCache\msnsspc.dll" value="TokenSize"/>
<open_key key="HKEY_LOCAL_MACHINE\System\CurrentControlSet\Control\SecurityProviders\SaslProfiles"/>
<enum_values key="HKEY_LOCAL_MACHINE\SYSTEM\ControlSet001\Control\SecurityProviders\SaslProfiles"/>
<create_open_file filetype="file" srcfile="\Device\Tcp" srcfile_hash="hash_error" creationdistribution="OPEN_ALWAYS" desiredaccess="FILE_ANY_ACCESS" shareaccess="FILE_SHARE_READ FILE_SHARE_WRITE" flags="FILE_ATTRIBUTE_NORMAL SECURITY_ANONYMOUS"/>
<create_open_file filetype="file" srcfile="\Device\Ip" srcfile_hash="hash_error" creationdistribution="OPEN_ALWAYS" desiredaccess="FILE_ANY_ACCESS" shareaccess="FILE_SHARE_READ FILE_SHARE_WRITE" flags="FILE_ATTRIBUTE_NORMAL SECURITY_ANONYMOUS"/>
<create_open_file filetype="file" srcfile="\Device\Ip" srcfile_hash="hash_error" creationdistribution="OPEN_ALWAYS" desiredaccess="FILE_ANY_ACCESS FILE_READ_ACCESS FILE_READ_DATA FILE_LIST_DIRECTORY FILE_WRITE_ACCESS FILE_WRITE_DATA FILE_ADD_FILE" shareaccess="FILE_SHARE_READ FILE_SHARE_WRITE" flags="FILE_ATTRIBUTE_NORMAL SECURITY_ANONYMOUS"/>
<open_file filetype="file" srcfile="\\.\Ip" srcfile_hash="hash_error" creationdistribution="OPEN_EXISTING" desiredaccess="FILE_ANY_ACCESS" shareaccess="FILE_SHARE_READ FILE_SHARE_WRITE" flags="FILE_ATTRIBUTE_NORMAL SECURITY_ANONYMOUS"/>
<load_dll filename="C:\WINDOWS\system32\msv1_0.dll" successful="1" address="&#x24;77C40000" end_address="&#x24;77C64000" size="147456" filename_hash="96324d866a5f6e83112f9a2f7af8830502c2279c"/>
<open_file filetype="namedpipe" srcfile="\\.\PIPE\ROUTER" creationdistribution="OPEN_EXISTING" desiredaccess="FILE_ANY_ACCESS" shareaccess="FILE_SHARE_READ FILE_SHARE_WRITE" flags="SECURITY_ANONYMOUS"/>
<send_socket socket="1856" buffer_len="261">
<dump_line offset="&#x24;0000" dump="47 45 54 20 2F 75 70 64 2F 63 68 65 63 6B 3F 76 " ascii="GET /upd/check&#x3F;v"/>
<dump_line offset="&#x24;0010" dump="65 72 73 69 6F 6E 3D 30 2E 31 75 6E 6B 26 66 78 " ascii="ersion=0.1unk&#x26;fx"/>
<dump_line offset="&#x24;0020" dump="70 3D 39 39 37 33 64 66 37 32 34 62 63 64 34 38 " ascii="p=9973df724bcd48"/>
<dump_line offset="&#x24;0030" dump="65 35 32 32 33 33 63 37 30 64 30 38 63 66 62 38 " ascii="e52233c70d08cfb8"/>
<dump_line offset="&#x24;0040" dump="62 61 65 65 64 37 30 66 61 32 63 62 30 33 62 33 " ascii="baeed70fa2cb03b3"/>
<dump_line offset="&#x24;0050" dump="65 37 65 36 30 36 31 36 62 35 37 37 37 30 63 37 " ascii="e7e60616b57770c7"/>
<dump_line offset="&#x24;0060" dump="30 64 65 65 30 33 31 38 37 66 20 48 54 54 50 2F " ascii="0dee03187f HTTP/"/>
<dump_line offset="&#x24;0070" dump="31 2E 31 0D 0A 41 63 63 65 70 74 3A 20 2A 2F 2A " ascii="1.1..Accept: &#x2A;/&#x2A;"/>
<dump_line offset="&#x24;0080" dump="0D 0A 55 41 2D 43 50 55 3A 20 78 38 36 0D 0A 41 " ascii="..UA-CPU: x86..A"/>
<dump_line offset="&#x24;0090" dump="63 63 65 70 74 2D 45 6E 63 6F 64 69 6E 67 3A 20 " ascii="ccept-Encoding: "/>
<dump_line offset="&#x24;00A0" dump="67 7A 69 70 2C 20 64 65 66 6C 61 74 65 0D 0A 55 " ascii="gzip, deflate..U"/>
<dump_line offset="&#x24;00B0" dump="73 65 72 2D 41 67 65 6E 74 3A 20 4B 52 53 79 73 " ascii="ser-Agent: KRSys"/>
<dump_line offset="&#x24;00C0" dump="74 65 6D 20 76 31 2E 30 0D 0A 48 6F 73 74 3A 20 " ascii="tem v1.0..Host: "/>
<dump_line offset="&#x24;00D0" dump="75 70 64 2E 68 6F 73 74 32 35 35 2D 32 35 35 2D " ascii="upd.host255-255-"/>
<dump_line offset="&#x24;00E0" dump="32 35 35 2D 30 2E 63 6F 6D 0D 0A 43 6F 6E 6E 65 " ascii="255-0.com..Conne"/>
<dump_line offset="&#x24;00F0" dump="63 74 69 6F 6E 3A 20 4B 65 65 70 2D 41 6C 69 76 " ascii="ction: Keep-Aliv"/>
<trimmed_bytes count="5"/>
</send_socket>
<send_socket socket="1644" buffer_len="1">
<dump_line offset="&#x24;0000" dump="21                                              " ascii="!"/>
</send_socket>
<recv_socket socket="1856" buffer_len="185" successful="1">
<dump_line offset="&#x24;0000" dump="48 54 54 50 2F 31 2E 31 20 33 30 34 20 4E 6F 74 " ascii="HTTP/1.1 304 Not"/>
<dump_line offset="&#x24;0010" dump="20 4D 6F 64 69 66 69 65 64 0D 0A 43 6F 6E 6E 65 " ascii=" Modified..Conne"/>
<dump_line offset="&#x24;0020" dump="63 74 69 6F 6E 3A 20 63 6C 6F 73 65 0D 0A 53 65 " ascii="ction: close..Se"/>
<dump_line offset="&#x24;0030" dump="72 76 65 72 3A 20 59 61 77 73 2F 31 2E 36 38 20 " ascii="rver: Yaws/1.68 "/>
<dump_line offset="&#x24;0040" dump="59 65 74 20 41 6E 6F 74 68 65 72 20 57 65 62 20 " ascii="Yet Another Web "/>
<dump_line offset="&#x24;0050" dump="53 65 72 76 65 72 0D 0A 44 61 74 65 3A 20 57 65 " ascii="Server..Date: We"/>
<dump_line offset="&#x24;0060" dump="64 2C 20 31 39 20 41 75 67 20 32 30 30 39 20 31 " ascii="d, 19 Aug 2009 1"/>
<dump_line offset="&#x24;0070" dump="36 3A 33 37 3A 30 30 20 47 4D 54 0D 0A 43 6F 6E " ascii="6:37:00 GMT..Con"/>
<dump_line offset="&#x24;0080" dump="74 65 6E 74 2D 4C 65 6E 67 74 68 3A 20 31 33 0D " ascii="tent-Length: 13."/>
<dump_line offset="&#x24;0090" dump="0A 43 6F 6E 74 65 6E 74 2D 54 79 70 65 3A 20 74 " ascii=".Content-Type: t"/>
<dump_line offset="&#x24;00A0" dump="65 78 74 2F 68 74 6D 6C 0D 0A 0D 0A 6E 6F 74 20 " ascii="ext/html....not "/>
<dump_line offset="&#x24;00B0" dump="6D 6F 64 69 66 69 65 64 0A                      " ascii="modified."/>
</recv_socket>
</all_section>
</thread>
</process>
<process index="4" pid="756" filename="C:\WINDOWS\system32\services.exe" filename_hash="de3701d2c03d9ae29b2d87eccafbbcadf1bfb7e3" filesize="111104" md5="a3edbe9053889fb24ab22492472b39dc" sha1="7153d4d113c47379fb57aad4918a2f2a64f0c9ee" username="SYSTEM" parentindex="0" starttime="00:11.109" terminationtime="00:16.812" startreason="SCM" terminationreason="Timeout" executionstatus="OK">
</process>
</processes>
