<?xml version="1.0"?>
<processes>
<process index="1" pid="2508" filename="c:\aca441b9aa95246bf159843ef7891759.EX" filename_hash="hash_error" filesize="17792" md5="aca441b9aa95246bf159843ef7891759" sha1="0b7d8303a31c6874bf190ed77d09585cf7c509a6" username="Administrator" parentindex="0" starttime="00:02.328" terminationtime="00:05.328" startreason="AnalysisTarget" terminationreason="NormalTermination" executionstatus="OK" applicationtype="Win32Application">
<thread tid="2512">
<all_section>
<load_image filename="c:\aca441b9aa95246bf159843ef7891759.EX" successful="1" address="&#x24;400000" end_address="&#x24;40F000" size="61440" filename_hash="hash_error"/>
<load_dll filename="C:\WINDOWS\system32\ntdll.dll" successful="1" address="&#x24;7C910000" end_address="&#x24;7C9C9000" size="757760" filename_hash="e753d19a2e3b98b2b3b8f02f276092096d10f22d"/>
<load_dll filename="C:\WINDOWS\system32\kernel32.dll" successful="1" address="&#x24;7C800000" end_address="&#x24;7C908000" size="1081344" filename_hash="c88d57cc99f75cd928b47b6e444231f26670138f"/>
<load_dll filename="C:\WINDOWS\system32\MSVBVM60.DLL" successful="1" address="&#x24;73390000" end_address="&#x24;734E3000" size="1388544" filename_hash="fff0905159ebf37319bb4cd276db1fb4fcd44db1"/>
<load_dll filename="C:\WINDOWS\system32\USER32.dll" successful="1" address="&#x24;7E360000" end_address="&#x24;7E3F1000" size="593920" filename_hash="08fe9ff1fe9b8fd237adedb10d65fb0447b91fe5"/>
<load_dll filename="C:\WINDOWS\system32\GDI32.dll" successful="1" address="&#x24;77EF0000" end_address="&#x24;77F39000" size="299008" filename_hash="0f37018f672c7635691f7317ade3c5a63904ec96"/>
<load_dll filename="C:\WINDOWS\system32\ADVAPI32.dll" successful="1" address="&#x24;77DA0000" end_address="&#x24;77E4A000" size="696320" filename_hash="ea2e9bac1789b53d7efcd675a63f4a2b44898439"/>
<load_dll filename="C:\WINDOWS\system32\RPCRT4.dll" successful="1" address="&#x24;77E50000" end_address="&#x24;77EE2000" size="598016" filename_hash="f3bb6474ec18ee9cccc02ef44510a78b42058a41"/>
<load_dll filename="C:\WINDOWS\system32\Secur32.dll" successful="1" address="&#x24;77FC0000" end_address="&#x24;77FD1000" size="69632" filename_hash="31166d1e35a911a082149f5efac2dac228109615"/>
<load_dll filename="C:\WINDOWS\system32\ole32.dll" successful="1" address="&#x24;774B0000" end_address="&#x24;775ED000" size="1298432" filename_hash="c7753525d5276ab92a01a8a3c39cfb5269da7f98"/>
<load_dll filename="C:\WINDOWS\system32\msvcrt.dll" successful="1" address="&#x24;77BE0000" end_address="&#x24;77C38000" size="360448" filename_hash="70d5f97088cc9348bb9d10098af0738a696b96de"/>
<load_dll filename="C:\WINDOWS\system32\OLEAUT32.dll" successful="1" address="&#x24;770F0000" end_address="&#x24;7717B000" size="569344" filename_hash="3168a173d177f470928b468db777640861dcb32e"/>
<load_dll filename="C:\WINDOWS\system32\IMM32.DLL" successful="1" address="&#x24;76330000" end_address="&#x24;7634D000" size="118784" filename_hash="f9be7678080084bc3cb48d0cb64bba9ba98800f1"/>
<load_dll filename="C:\WINDOWS\system32\pstorec.dll" successful="1" address="&#x24;5E490000" end_address="&#x24;5E49D000" size="53248" filename_hash="8ae378a352c4a13516bf1fe5a8615d8893d2ff2d"/>
<load_dll filename="C:\WINDOWS\system32\ATL.DLL" successful="1" address="&#x24;76AD0000" end_address="&#x24;76AE1000" size="69632" filename_hash="59cb82f432d529da3e81b030b2365c22a95fd35a"/>
<load_dll filename="C:\WINDOWS\system32\MSVBVM60.DLL" successful="1" address="&#x24;73390000" end_address="&#x24;734E3000" size="1388544" filename_hash="fff0905159ebf37319bb4cd276db1fb4fcd44db1"/>
<load_dll filename="C:\WINDOWS\system32\VB6DE.DLL" successful="0" filename_hash="hash_error"/>
<check_for_debugger apifunction="IsDebuggerPresent"/>
<load_dll filename="C:\WINDOWS\system32\uxtheme.dll" successful="1" address="&#x24;5B0F0000" end_address="&#x24;5B128000" size="229376" filename_hash="16c4d24a172bfbc67f488d6b4086b9e10f8eaf4b"/>
<get_system_directory/>
<open_key key="HKEY_LOCAL_MACHINE\SOFTWARE\Microsoft\CTF\Compatibility\aca441b9aa95246bf159843ef7891759.EX"/>
<open_key key="HKEY_LOCAL_MACHINE\SOFTWARE\Microsoft\CTF\SystemShared"/>
<query_value key="HKEY_LOCAL_MACHINE\SOFTWARE\Microsoft\CTF\SystemShared" value="CUAS"/>
<create_mutex name="CTF.LBES.MutexDefaultS-1-5-21-583907252-1708537768-842925246-500" owned="0"/>
<create_mutex name="CTF.Compart.MutexDefaultS-1-5-21-583907252-1708537768-842925246-500" owned="0"/>
<create_mutex name="CTF.Asm.MutexDefaultS-1-5-21-583907252-1708537768-842925246-500" owned="0"/>
<create_mutex name="CTF.Layouts.MutexDefaultS-1-5-21-583907252-1708537768-842925246-500" owned="0"/>
<create_mutex name="CTF.TMD.MutexDefaultS-1-5-21-583907252-1708537768-842925246-500" owned="0"/>
<open_key key="HKEY_CURRENT_USER\Keyboard Layout\Toggle"/>
<query_value key="HKEY_CURRENT_USER\Keyboard Layout\Toggle" value="Language Hotkey"/>
<query_value key="HKEY_CURRENT_USER\Keyboard Layout\Toggle" value="Layout Hotkey"/>
<get_system_directory/>
<open_key key="HKEY_LOCAL_MACHINE\SOFTWARE\Microsoft\CTF"/>
<query_value key="HKEY_LOCAL_MACHINE\SOFTWARE\Microsoft\CTF" value="EnableAnchorContext"/>
<create_mutex name="CTF.TimListCache.FMPDefaultS-1-5-21-583907252-1708537768-842925246-500MUTEX.DefaultS-1-5-21-583907252" owned="0"/>
<set_windows_hook hookid="WH_KEYBOARD" threadid="2512" hook_address="&#x24;746B07C3" hook_module="&#x24;746A0000"/>
<set_windows_hook hookid="WH_MOUSE" threadid="2512" hook_address="&#x24;746B04CD" hook_module="&#x24;746A0000"/>
<create_window hwnd="&#x24;00010190" classname="OleMainThreadWndClass" windowname="OleMainThreadWndName" height="0" width="0" top="0" left="0" style="WS_DISABLED WS_OVERLAPPED WS_POPUP WS_TILED" exstyle="WS_EX_LEFT WS_EX_LTRREADING WS_EX_RIGHTSCROLLBAR"/>
<load_dll filename="C:\WINDOWS\system32\OLEAUT32.dll" successful="1" address="&#x24;770F0000" end_address="&#x24;7717B000" size="569344" filename_hash="3168a173d177f470928b468db777640861dcb32e"/>
<open_key key="HKEY_LOCAL_MACHINE\System\Setup"/>
<load_dll filename="C:\WINDOWS\system32\SXS.DLL" successful="1" address="&#x24;76970000" end_address="&#x24;76A21000" size="724992" filename_hash="c7c0702f8ee09d5d5da9b9a2995e41b15622e619"/>
<open_key key="HKEY_LOCAL_MACHINE\Software\Microsoft\Windows NT\CurrentVersion\IMM"/>
<query_value key="HKEY_LOCAL_MACHINE\SOFTWARE\Microsoft\Windows NT\CurrentVersion\IMM" value="Ime File"/>
<load_dll filename="C:\WINDOWS\system32\version.dll" successful="1" address="&#x24;77BD0000" end_address="&#x24;77BD8000" size="32768" filename_hash="adf263b658136ccb3cde72d0e6dd634c5a5e5143"/>
<get_system_directory/>
<load_dll filename="C:\WINDOWS\system32\msctfime.ime" successful="1" address="&#x24;11A0001" end_address="&#x24;11A0001" size="0" filename_hash="434c43fc87679a37aa054c0c18e190ccb39a4439"/>
<get_system_directory/>
<load_dll filename="C:\WINDOWS\system32\ole32.dll" successful="1" address="&#x24;774B0000" end_address="&#x24;775ED000" size="1298432" filename_hash="c7753525d5276ab92a01a8a3c39cfb5269da7f98"/>
<load_dll filename="C:\WINDOWS\system32\msctfime.ime" successful="1" address="&#x24;75250000" end_address="&#x24;7527E000" size="188416" filename_hash="434c43fc87679a37aa054c0c18e190ccb39a4439"/>
<get_system_directory/>
<create_window hwnd="&#x24;00010194" classname="IME" windowname="Default IME" height="0" width="0" top="0" left="0" style="WS_DISABLED WS_OVERLAPPED WS_POPUP WS_TILED" exstyle="WS_EX_LEFT WS_EX_LTRREADING WS_EX_RIGHTSCROLLBAR"/>
<open_key key="HKEY_CURRENT_USER\SOFTWARE\Microsoft\CTF"/>
<query_value key="HKEY_CURRENT_USER\Software\Microsoft\CTF" value="Disable Thread Input Manager"/>
<open_key key="HKEY_LOCAL_MACHINE\Software\Microsoft\CTF\SystemShared"/>
<query_value key="HKEY_LOCAL_MACHINE\SOFTWARE\Microsoft\CTF\SystemShared" value="CUAS"/>
<get_system_directory/>
<load_dll filename="C:\WINDOWS\system32\msctfime.ime" successful="1" address="&#x24;75250000" end_address="&#x24;7527E000" size="188416" filename_hash="434c43fc87679a37aa054c0c18e190ccb39a4439"/>
<create_window hwnd="&#x24;00010192" classname="ThunderRT6Main" height="0" width="0" top="0" left="0" style="WS_MAXIMIZEBOX WS_OVERLAPPED WS_POPUP WS_SYSMENU WS_TABSTOP WS_TILED" exstyle="WS_EX_LEFT WS_EX_LTRREADING WS_EX_RIGHTSCROLLBAR WS_EX_TOOLWINDOW"/>
<show_window hwnd="&#x24;00010192"/>
<open_key key="HKEY_LOCAL_MACHINE\SOFTWARE\Microsoft\VBA\Monitors"/>
<set_windows_hook hookid="WH_MSGFILTER" threadid="2512" hook_address="&#x24;733F1C8C" hook_module="&#x24;00000000"/>
<create_window hwnd="&#x24;00070066" classname="VBMsoStdCompMgr" height="0" width="0" top="0" left="0" style="WS_OVERLAPPED WS_POPUP WS_TILED" exstyle="WS_EX_LEFT WS_EX_LTRREADING WS_EX_RIGHTSCROLLBAR"/>
<open_key key="HKEY_LOCAL_MACHINE\SOFTWARE\Microsoft\VBA\Monitors"/>
<load_dll filename="C:\WINDOWS\system32\VB6DE.DLL" successful="0" filename_hash="hash_error"/>
<create_window hwnd="&#x24;00010198" classname="ThunderRT6FormDC" windowname="MacroX" height="82" width="71" top="203" left="154" style="WS_BORDER WS_CAPTION WS_CLIPCHILDREN WS_DLGFRAME WS_OVERLAPPED WS_SYSMENU WS_TILED" exstyle="WS_EX_APPWINDOW WS_EX_DLGMODALFRAME WS_EX_LEFT WS_EX_LTRREADING WS_EX_RIGHTSCROLLBAR WS_EX_WINDOWEDGE"/>
<create_open_file filetype="file" srcfile="c:\aca441b9aa95246bf159843ef7891759.exe" srcfile_hash="hash_error" creationdistribution="OPEN_ALWAYS" desiredaccess="FILE_ANY_ACCESS" shareaccess="FILE_SHARE_READ FILE_SHARE_WRITE" flags="FILE_ATTRIBUTE_NORMAL SECURITY_ANONYMOUS"/>
<destroy_window hwnd="&#x24;0001019A" classname="ThunderRT6Timer"/>
<enum_window/>
<destroy_window hwnd="&#x24;00010198" classname="ThunderRT6FormDC" windowname="MacroX"/>
<enum_window/>
<open_key key="HKEY_LOCAL_MACHINE\Software\Microsoft\Windows"/>
<open_key key="HKEY_LOCAL_MACHINE\SOFTWARE\Microsoft\Windows\HTML Help"/>
<read_value file="WINHELP.INI" file_hash="hash_error" section="FILES" value=".HLP"/>
<open_key key="HKEY_LOCAL_MACHINE\Software\Microsoft\Windows"/>
<open_key key="HKEY_LOCAL_MACHINE\SOFTWARE\Microsoft\Windows\Help"/>
<read_value file="WINHELP.INI" file_hash="hash_error" section="FILES" value=".HLP"/>
<get_file_attributes filetype="file" srcfile="C:\WINDOWS\system32\.HLP" srcfile_hash="hash_error" desiredaccess="FILE_ANY_ACCESS" flags="SECURITY_ANONYMOUS"/>
<get_windows_directory/>
<get_file_attributes filetype="file" srcfile="C:\WINDOWS\Help\.HLP" srcfile_hash="hash_error" desiredaccess="FILE_ANY_ACCESS" flags="SECURITY_ANONYMOUS"/>
<destroy_window hwnd="&#x24;00010192" classname="ThunderRT6Main" windowname="MacroX Macro"/>
<enum_window/>
<destroy_window hwnd="&#x24;00010196" classname="7&#x7E;"/>
<destroy_window hwnd="&#x24;00070066" classname="VBMsoStdCompMgr"/>
<enum_window/>
<sleep milliseconds="0"/>
<enum_window/>
<kill_process targetpid="2508" apifunction="NtTerminateProcess"/>
<get_system_directory/>
<load_dll filename="C:\WINDOWS\system32\MSCTF.dll" successful="1" address="&#x24;746A0000" end_address="&#x24;746EC000" size="311296" filename_hash="3c5a241879c49efae60e7d20c81195c0008fc317"/>
<enum_window/>
</all_section>
</thread>
</process>
</processes>
