<?xml version="1.0"?>
<processes>
<process index="1" pid="2672" filename="c:\ceca11999cb779d3870ec0e62f9ef557.EX" filename_hash="hash_error" filesize="202240" md5="ceca11999cb779d3870ec0e62f9ef557" sha1="0ba9c47a37b9b9b1a3055b8cb3d0e3dec74ee82a" username="Administrator" parentindex="0" starttime="00:01.641" terminationtime="00:07.578" startreason="AnalysisTarget" terminationreason="NormalTermination" executionstatus="OK" applicationtype="Win32Application">
<thread tid="2676">
<all_section>
<load_image filename="c:\ceca11999cb779d3870ec0e62f9ef557.EX" successful="1" address="&#x24;400000" end_address="&#x24;42F000" size="192512" filename_hash="hash_error"/>
<load_dll filename="C:\WINDOWS\system32\ntdll.dll" successful="1" address="&#x24;7C910000" end_address="&#x24;7C9C9000" size="757760" filename_hash="e753d19a2e3b98b2b3b8f02f276092096d10f22d"/>
<load_dll filename="C:\WINDOWS\system32\kernel32.dll" successful="1" address="&#x24;7C800000" end_address="&#x24;7C908000" size="1081344" filename_hash="c88d57cc99f75cd928b47b6e444231f26670138f"/>
<load_dll filename="C:\WINDOWS\system32\USER32.dll" successful="1" address="&#x24;7E360000" end_address="&#x24;7E3F1000" size="593920" filename_hash="08fe9ff1fe9b8fd237adedb10d65fb0447b91fe5"/>
<load_dll filename="C:\WINDOWS\system32\GDI32.dll" successful="1" address="&#x24;77EF0000" end_address="&#x24;77F39000" size="299008" filename_hash="0f37018f672c7635691f7317ade3c5a63904ec96"/>
<load_dll filename="C:\WINDOWS\system32\SHELL32.dll" successful="1" address="&#x24;7E670000" end_address="&#x24;7EE91000" size="8523776" filename_hash="bbe9d57955e5d348e664b72faf331a7b9d722d0c"/>
<load_dll filename="C:\WINDOWS\system32\ADVAPI32.dll" successful="1" address="&#x24;77DA0000" end_address="&#x24;77E4A000" size="696320" filename_hash="ea2e9bac1789b53d7efcd675a63f4a2b44898439"/>
<load_dll filename="C:\WINDOWS\system32\RPCRT4.dll" successful="1" address="&#x24;77E50000" end_address="&#x24;77EE2000" size="598016" filename_hash="f3bb6474ec18ee9cccc02ef44510a78b42058a41"/>
<load_dll filename="C:\WINDOWS\system32\Secur32.dll" successful="1" address="&#x24;77FC0000" end_address="&#x24;77FD1000" size="69632" filename_hash="31166d1e35a911a082149f5efac2dac228109615"/>
<load_dll filename="C:\WINDOWS\system32\msvcrt.dll" successful="1" address="&#x24;77BE0000" end_address="&#x24;77C38000" size="360448" filename_hash="70d5f97088cc9348bb9d10098af0738a696b96de"/>
<load_dll filename="C:\WINDOWS\system32\SHLWAPI.dll" successful="1" address="&#x24;77F40000" end_address="&#x24;77FB6000" size="483328" filename_hash="a9245beec2e139b31cd3b65e0f0e4804c030e639"/>
<load_dll filename="C:\WINDOWS\WinSxS\X86_Microsoft.Windows.Common-Controls_6595b64144ccf1df_6.0.2600.5512_x-ww_35d4ce83\" successful="1" address="&#x24;773A0000" end_address="&#x24;774A3000" size="1060864" filename_hash="hash_error"/>
<load_dll filename="C:\WINDOWS\system32\ole32.dll" successful="1" address="&#x24;774B0000" end_address="&#x24;775ED000" size="1298432" filename_hash="c7753525d5276ab92a01a8a3c39cfb5269da7f98"/>
<load_dll filename="C:\WINDOWS\system32\VERSION.dll" successful="1" address="&#x24;77BD0000" end_address="&#x24;77BD8000" size="32768" filename_hash="adf263b658136ccb3cde72d0e6dd634c5a5e5143"/>
<load_dll filename="C:\WINDOWS\system32\IMM32.DLL" successful="1" address="&#x24;76330000" end_address="&#x24;7634D000" size="118784" filename_hash="f9be7678080084bc3cb48d0cb64bba9ba98800f1"/>
<load_dll filename="C:\WINDOWS\system32\oleaut32.dll" successful="1" address="&#x24;770F0000" end_address="&#x24;7717B000" size="569344" filename_hash="3168a173d177f470928b468db777640861dcb32e"/>
<load_dll filename="C:\WINDOWS\system32\pstorec.dll" successful="1" address="&#x24;5E490000" end_address="&#x24;5E49D000" size="53248" filename_hash="8ae378a352c4a13516bf1fe5a8615d8893d2ff2d"/>
<load_dll filename="C:\WINDOWS\system32\ATL.DLL" successful="1" address="&#x24;76AD0000" end_address="&#x24;76AE1000" size="69632" filename_hash="59cb82f432d529da3e81b030b2365c22a95fd35a"/>
<check_for_debugger apifunction="IsDebuggerPresent"/>
<load_dll filename="C:\WINDOWS\system32\uxtheme.dll" successful="1" address="&#x24;5B0F0000" end_address="&#x24;5B128000" size="229376" filename_hash="16c4d24a172bfbc67f488d6b4086b9e10f8eaf4b"/>
<get_system_directory/>
<open_key key="HKEY_LOCAL_MACHINE\SOFTWARE\Microsoft\CTF\Compatibility\ceca11999cb779d3870ec0e62f9ef557.EX"/>
<open_key key="HKEY_LOCAL_MACHINE\SOFTWARE\Microsoft\CTF\SystemShared"/>
<query_value key="HKEY_LOCAL_MACHINE\SOFTWARE\Microsoft\CTF\SystemShared" value="CUAS"/>
<create_mutex name="CTF.LBES.MutexDefaultS-1-5-21-583907252-1708537768-842925246-500" owned="0"/>
<create_mutex name="CTF.Compart.MutexDefaultS-1-5-21-583907252-1708537768-842925246-500" owned="0"/>
<create_mutex name="CTF.Asm.MutexDefaultS-1-5-21-583907252-1708537768-842925246-500" owned="0"/>
<create_mutex name="CTF.Layouts.MutexDefaultS-1-5-21-583907252-1708537768-842925246-500" owned="0"/>
<create_mutex name="CTF.TMD.MutexDefaultS-1-5-21-583907252-1708537768-842925246-500" owned="0"/>
<open_key key="HKEY_CURRENT_USER\Keyboard Layout\Toggle"/>
<query_value key="HKEY_CURRENT_USER\Keyboard Layout\Toggle" value="Language Hotkey"/>
<query_value key="HKEY_CURRENT_USER\Keyboard Layout\Toggle" value="Layout Hotkey"/>
<get_system_directory/>
<open_key key="HKEY_LOCAL_MACHINE\SOFTWARE\Microsoft\CTF"/>
<query_value key="HKEY_LOCAL_MACHINE\SOFTWARE\Microsoft\CTF" value="EnableAnchorContext"/>
<create_mutex name="CTF.TimListCache.FMPDefaultS-1-5-21-583907252-1708537768-842925246-500MUTEX.DefaultS-1-5-21-583907252" owned="0"/>
<set_windows_hook hookid="WH_KEYBOARD" threadid="2676" hook_address="&#x24;746B07C3" hook_module="&#x24;746A0000"/>
<set_windows_hook hookid="WH_MOUSE" threadid="2676" hook_address="&#x24;746B04CD" hook_module="&#x24;746A0000"/>
<create_window hwnd="&#x24;00010166" classname="OleMainThreadWndClass" windowname="OleMainThreadWndName" height="0" width="0" top="0" left="0" style="WS_DISABLED WS_OVERLAPPED WS_POPUP WS_TILED" exstyle="WS_EX_LEFT WS_EX_LTRREADING WS_EX_RIGHTSCROLLBAR"/>
<load_dll filename="C:\WINDOWS\system32\SHFOLDER.dll" successful="1" address="&#x24;76730000" end_address="&#x24;76739000" size="36864" filename_hash="374cd24b1f7ef578ee9198d68bc34c3d7783a987"/>
<load_dll filename="C:\WINDOWS\system32\SHELL32.dll" successful="1" address="&#x24;7E670000" end_address="&#x24;7EE91000" size="8523776" filename_hash="bbe9d57955e5d348e664b72faf331a7b9d722d0c"/>
<get_system_directory/>
<get_file_attributes filetype="file" srcfile="C:\WINDOWS\" srcfile_hash="hash_error" desiredaccess="FILE_ANY_ACCESS" flags="SECURITY_ANONYMOUS"/>
<open_file filetype="namedpipe" srcfile="\\.\PIPE\lsarpc" creationdistribution="OPEN_EXISTING" desiredaccess="FILE_ANY_ACCESS" shareaccess="FILE_SHARE_READ FILE_SHARE_WRITE" flags="SECURITY_ANONYMOUS"/>
<create_directory filetype="file" srcfile="C:\DOKUME&#x7E;1\ADMINI&#x7E;1\LOKALE&#x7E;1\Temp\" srcfile_hash="hash_error"/>
<delete_file filetype="file" srcfile="C:\DOKUME&#x7E;1\ADMINI&#x7E;1\LOKALE&#x7E;1\Temp\nsi1.tmp" srcfile_hash="hash_error" desiredaccess="FILE_ANY_ACCESS" flags="SECURITY_ANONYMOUS"/>
<get_file_attributes filetype="file" srcfile="c:\ceca11999cb779d3870ec0e62f9ef557.EX" srcfile_hash="hash_error" desiredaccess="FILE_ANY_ACCESS" flags="SECURITY_ANONYMOUS"/>
<open_file filetype="file" srcfile="c:\ceca11999cb779d3870ec0e62f9ef557.EX" srcfile_hash="hash_error" creationdistribution="OPEN_EXISTING" desiredaccess="FILE_ANY_ACCESS" shareaccess="FILE_SHARE_READ" flags="FILE_ATTRIBUTE_ARCHIVE FILE_ATTRIBUTE_COMPRESSED FILE_ATTRIBUTE_COMPRESSED SECURITY_ANONYMOUS"/>
<enum_window/>
<set_windows_hook hookid="WH_KEYBOARD" threadid="2676" hook_address="&#x24;746B07C3" hook_module="&#x24;746A0000"/>
<set_windows_hook hookid="WH_MOUSE" threadid="2676" hook_address="&#x24;746B04CD" hook_module="&#x24;746A0000"/>
<open_key key="HKEY_LOCAL_MACHINE\Software\Microsoft\Windows NT\CurrentVersion\IMM"/>
<query_value key="HKEY_LOCAL_MACHINE\SOFTWARE\Microsoft\Windows NT\CurrentVersion\IMM" value="Ime File"/>
<get_system_directory/>
<load_dll filename="C:\WINDOWS\system32\msctfime.ime" successful="1" address="&#x24;3D0001" end_address="&#x24;3D0001" size="0" filename_hash="434c43fc87679a37aa054c0c18e190ccb39a4439"/>
<get_system_directory/>
<load_dll filename="C:\WINDOWS\system32\ole32.dll" successful="1" address="&#x24;774B0000" end_address="&#x24;775ED000" size="1298432" filename_hash="c7753525d5276ab92a01a8a3c39cfb5269da7f98"/>
<load_dll filename="C:\WINDOWS\system32\msctfime.ime" successful="1" address="&#x24;75250000" end_address="&#x24;7527E000" size="188416" filename_hash="434c43fc87679a37aa054c0c18e190ccb39a4439"/>
<get_system_directory/>
<create_window hwnd="&#x24;00010168" classname="IME" windowname="Default IME" height="0" width="0" top="0" left="0" style="WS_DISABLED WS_OVERLAPPED WS_POPUP WS_TILED" exstyle="WS_EX_LEFT WS_EX_LTRREADING WS_EX_RIGHTSCROLLBAR"/>
<open_key key="HKEY_CURRENT_USER\SOFTWARE\Microsoft\CTF"/>
<query_value key="HKEY_CURRENT_USER\Software\Microsoft\CTF" value="Disable Thread Input Manager"/>
<open_key key="HKEY_LOCAL_MACHINE\Software\Microsoft\CTF\SystemShared"/>
<query_value key="HKEY_LOCAL_MACHINE\SOFTWARE\Microsoft\CTF\SystemShared" value="CUAS"/>
<get_system_directory/>
<load_dll filename="C:\WINDOWS\system32\msctfime.ime" successful="1" address="&#x24;75250000" end_address="&#x24;7527E000" size="188416" filename_hash="434c43fc87679a37aa054c0c18e190ccb39a4439"/>
<create_window hwnd="&#x24;00020166" classname="&#x23;32770" windowname="NSIS Error" height="172" width="356" top="455" left="465" style="WS_BORDER WS_CAPTION WS_DLGFRAME WS_OVERLAPPED WS_POPUP WS_POPUPWINDOW WS_SYSMENU WS_TILED" exstyle="WS_EX_CONTROLPARENT WS_EX_DLGMODALFRAME WS_EX_LEFT WS_EX_LTRREADING WS_EX_RIGHTSCROLLBAR WS_EX_WINDOWEDGE"/>
<load_dll filename="C:\WINDOWS\system32\uxtheme.dll" successful="1" address="&#x24;5B0F0000" end_address="&#x24;5B128000" size="229376" filename_hash="16c4d24a172bfbc67f488d6b4086b9e10f8eaf4b"/>
<create_window hwnd="&#x24;00010170" classname="CicDUmmyWndForDefIMEWnd" height="0" width="0" top="0" left="0" style="WS_OVERLAPPED WS_POPUP WS_TILED" exstyle="WS_EX_LEFT WS_EX_LTRREADING WS_EX_RIGHTSCROLLBAR"/>
<destroy_window hwnd="&#x24;00010170" classname="CicDUmmyWndForDefIMEWnd"/>
<enum_window/>
<create_window hwnd="&#x24;00020170" classname="MSCTFIME UI" windowname="M" height="0" width="0" top="0" left="0" style="WS_DISABLED WS_OVERLAPPED WS_POPUP WS_TILED" exstyle="WS_EX_LEFT WS_EX_LTRREADING WS_EX_RIGHTSCROLLBAR"/>
<find_window classname="Shell_TrayWnd"/>
<enum_window/>
<create_window hwnd="&#x24;00010172" classname="CicMarshalWndClass" windowname="CicMarshalWndEHK" height="0" width="0" top="0" left="0" style="WS_DISABLED WS_OVERLAPPED WS_POPUP WS_TILED" exstyle="WS_EX_LEFT WS_EX_LTRREADING WS_EX_RIGHTSCROLLBAR"/>
<show_window hwnd="&#x24;00020166" snapshotfile="proc_1\hwnd_20166.jpg"/>
<enum_window/>
<show_window hwnd="&#x24;00020166" snapshotfile="proc_1\hwnd_20166.jpg"/>
<open_key key="HKEY_CURRENT_USER\Keyboard Layout\Toggle"/>
<query_value key="HKEY_CURRENT_USER\Keyboard Layout\Toggle" value="Language Hotkey"/>
<query_value key="HKEY_CURRENT_USER\Keyboard Layout\Toggle" value="Layout Hotkey"/>
<open_key key="HKEY_CURRENT_USER\SOFTWARE\Microsoft\CTF\LangBarAddIn"/>
<open_key key="HKEY_LOCAL_MACHINE\SOFTWARE\Microsoft\CTF\LangBarAddIn"/>
<create_mutex name="MSCTF.Shared.MUTEX.ELG" owned="0"/>
<get_system_directory/>
<find_window classname="CicLoaderWndClass"/>
<open_process targetpid="1868" desiredaccess="PROCESS_ALL_ACCESS PROCESS_CREATE_PROCESS PROCESS_CREATE_THREAD PROCESS_DUP_HANDLE PROCESS_QUERY_INFORMATION PROCESS_SET_INFORMATION PROCESS_TERMINATE PROCESS_VM_OPERATION PROCESS_VM_READ PROCESS_VM_WRITE PROCESS_SET_SESSIONID PROCESS_SET_QUOTA SYNCHRONIZE" apifunction="NtOpenProcess" successful="1"/>
<create_mutex name="MSCTF.Shared.MUTEX.EHK" owned="0"/>
<get_system_directory/>
<enum_window/>
<kill_process targetpid="2672" apifunction="NtTerminateProcess"/>
<get_system_directory/>
<load_dll filename="C:\WINDOWS\system32\MSCTF.dll" successful="1" address="&#x24;746A0000" end_address="&#x24;746EC000" size="311296" filename_hash="3c5a241879c49efae60e7d20c81195c0008fc317"/>
<enum_window/>
</all_section>
</thread>
</process>
</processes>
