<?xml version="1.0"?>
<processes>
<process index="1" pid="2752" filename="c:\3206a5a1412ca9e913a7c3722d5d9ddf.EX" filename_hash="hash_error" filesize="1146970" md5="3206a5a1412ca9e913a7c3722d5d9ddf" sha1="0c3141649f04c6ccaefe4596692b8aa275adb791" username="Administrator" parentindex="0" starttime="00:01.735" terminationtime="02:01.766" startreason="AnalysisTarget" terminationreason="Timeout" executionstatus="OK" applicationtype="Win32Application">
<thread tid="2756">
<all_section>
<load_image filename="c:\3206a5a1412ca9e913a7c3722d5d9ddf.EX" successful="1" address="&#x24;400000" end_address="&#x24;40C000" size="49152" filename_hash="hash_error"/>
<load_dll filename="C:\WINDOWS\system32\ntdll.dll" successful="1" address="&#x24;7C910000" end_address="&#x24;7C9C9000" size="757760" filename_hash="e753d19a2e3b98b2b3b8f02f276092096d10f22d"/>
<load_dll filename="C:\WINDOWS\system32\kernel32.dll" successful="1" address="&#x24;7C800000" end_address="&#x24;7C908000" size="1081344" filename_hash="c88d57cc99f75cd928b47b6e444231f26670138f"/>
<load_dll filename="C:\WINDOWS\system32\USER32.dll" successful="1" address="&#x24;7E360000" end_address="&#x24;7E3F1000" size="593920" filename_hash="08fe9ff1fe9b8fd237adedb10d65fb0447b91fe5"/>
<load_dll filename="C:\WINDOWS\system32\GDI32.dll" successful="1" address="&#x24;77EF0000" end_address="&#x24;77F39000" size="299008" filename_hash="0f37018f672c7635691f7317ade3c5a63904ec96"/>
<load_dll filename="C:\WINDOWS\system32\ADVAPI32.dll" successful="1" address="&#x24;77DA0000" end_address="&#x24;77E4A000" size="696320" filename_hash="ea2e9bac1789b53d7efcd675a63f4a2b44898439"/>
<load_dll filename="C:\WINDOWS\system32\RPCRT4.dll" successful="1" address="&#x24;77E50000" end_address="&#x24;77EE2000" size="598016" filename_hash="f3bb6474ec18ee9cccc02ef44510a78b42058a41"/>
<load_dll filename="C:\WINDOWS\system32\Secur32.dll" successful="1" address="&#x24;77FC0000" end_address="&#x24;77FD1000" size="69632" filename_hash="31166d1e35a911a082149f5efac2dac228109615"/>
<load_dll filename="C:\WINDOWS\system32\COMCTL32.dll" successful="1" address="&#x24;5D450000" end_address="&#x24;5D4EA000" size="630784" filename_hash="ba126572bcb4ac594a3c37e2ac86db40b173878d"/>
<load_dll filename="C:\WINDOWS\system32\IMM32.DLL" successful="1" address="&#x24;76330000" end_address="&#x24;7634D000" size="118784" filename_hash="f9be7678080084bc3cb48d0cb64bba9ba98800f1"/>
<load_dll filename="C:\WINDOWS\system32\oleaut32.dll" successful="1" address="&#x24;770F0000" end_address="&#x24;7717B000" size="569344" filename_hash="3168a173d177f470928b468db777640861dcb32e"/>
<load_dll filename="C:\WINDOWS\system32\msvcrt.dll" successful="1" address="&#x24;77BE0000" end_address="&#x24;77C38000" size="360448" filename_hash="70d5f97088cc9348bb9d10098af0738a696b96de"/>
<load_dll filename="C:\WINDOWS\system32\ole32.dll" successful="1" address="&#x24;774B0000" end_address="&#x24;775ED000" size="1298432" filename_hash="c7753525d5276ab92a01a8a3c39cfb5269da7f98"/>
<load_dll filename="C:\WINDOWS\system32\pstorec.dll" successful="1" address="&#x24;5E490000" end_address="&#x24;5E49D000" size="53248" filename_hash="8ae378a352c4a13516bf1fe5a8615d8893d2ff2d"/>
<load_dll filename="C:\WINDOWS\system32\ATL.DLL" successful="1" address="&#x24;76AD0000" end_address="&#x24;76AE1000" size="69632" filename_hash="59cb82f432d529da3e81b030b2365c22a95fd35a"/>
<open_file filetype="file" srcfile="c:\3206a5a1412ca9e913a7c3722d5d9ddf.EX" srcfile_hash="hash_error" creationdistribution="OPEN_EXISTING" desiredaccess="FILE_ANY_ACCESS" shareaccess="FILE_SHARE_READ FILE_SHARE_WRITE" flags="SECURITY_ANONYMOUS"/>
<get_system_time apifunction="GetSystemTime"/>
<create_key key="HKEY_CURRENT_USER\Software\Digital River\SoftwarePassport\BeeThink SoftWare\BeeThink SpyDetector\0"/>
<set_value key="HKEY_CURRENT_USER\Software\Digital River\SoftwarePassport\BeeThink SoftWare\BeeThink SpyDetector\0" value="BuyURL" data="http://www.regnow.com/softsell/nph-softsell.cgi&#x3F;item=9937-7&#x26;affiliate=5300&#x26;hardwareSignature=Lite-200908191422190546"/>
<delete_file filetype="file" srcfile="C:\DOKUME&#x7E;1\ADMINI&#x7E;1\LOKALE&#x7E;1\Temp\Stp1.tmp" srcfile_hash="hash_error" desiredaccess="FILE_ANY_ACCESS" flags="SECURITY_ANONYMOUS"/>
<create_file filetype="file" srcfile="C:\DOKUME&#x7E;1\ADMINI&#x7E;1\LOKALE&#x7E;1\Temp\Stp1_TMP.EXE" srcfile_hash="hash_error" creationdistribution="CREATE_ALWAYS" desiredaccess="FILE_ANY_ACCESS" flags="SECURITY_ANONYMOUS"/>
<destroy_window hwnd="&#x24;00000000"/>
<open_file filetype="file" srcfile="C:\WINDOWS\AppPatch\sysmain.sdb" srcfile_hash="73a4cd369412da6a51064c776a3a0175daea5b82" creationdistribution="OPEN_EXISTING" desiredaccess="FILE_ANY_ACCESS FILE_READ_ATTRIBUTES" shareaccess="FILE_SHARE_READ" flags="FILE_ATTRIBUTE_NORMAL SECURITY_ANONYMOUS"/>
<open_file filetype="file" srcfile="C:\WINDOWS\AppPatch\systest.sdb" srcfile_hash="hash_error" creationdistribution="OPEN_EXISTING" desiredaccess="FILE_ANY_ACCESS FILE_READ_ATTRIBUTES" shareaccess="FILE_SHARE_READ" flags="FILE_ATTRIBUTE_NORMAL SECURITY_ANONYMOUS"/>
<open_key key="HKEY_LOCAL_MACHINE\System\WPA\TabletPC"/>
<open_key key="HKEY_LOCAL_MACHINE\SYSTEM\WPA\MediaCenter"/>
<query_value key="HKEY_LOCAL_MACHINE\SYSTEM\WPA\MediaCenter" value="Installed"/>
<open_file filetype="file" srcfile="\Device\NamedPipe\ShimViewer" srcfile_hash="hash_error" creationdistribution="OPEN_EXISTING" desiredaccess="FILE_ANY_ACCESS FILE_WRITE_ACCESS FILE_WRITE_DATA FILE_ADD_FILE FILE_ADD_SUBDIRECTORY FILE_APPEND_DATA FILE_CREATE_PIPE_INSTANCE FILE_WRITE_EA FILE_WRITE_ATTRIBUTES" flags="FILE_ATTRIBUTE_NORMAL SECURITY_ANONYMOUS"/>
<open_file filetype="file" srcfile="C:\DOKUME&#x7E;1\ADMINI&#x7E;1\LOKALE&#x7E;1\Temp\" srcfile_hash="hash_error" desiredaccess="FILE_ANY_ACCESS FILE_READ_ACCESS FILE_READ_DATA FILE_LIST_DIRECTORY" shareaccess="FILE_SHARE_READ FILE_SHARE_WRITE" flags="SECURITY_ANONYMOUS"/>
<find_file filetype="file" srcfile="C:\DOKUME&#x7E;1\ADMINI&#x7E;1\LOKALE&#x7E;1\Temp\Stp1_TMP.EXE" srcfile_hash="hash_error" desiredaccess="FILE_ANY_ACCESS" flags="SECURITY_ANONYMOUS"/>
<open_key key="HKEY_LOCAL_MACHINE\Software\Microsoft\Windows NT\CurrentVersion\AppCompatFlags\Layers"/>
<open_key key="HKEY_CURRENT_USER\Software\Microsoft\Windows NT\CurrentVersion\AppCompatFlags\Layers"/>
<open_key key="HKEY_LOCAL_MACHINE\Software\Microsoft\Windows NT\CurrentVersion\AppCompatFlags\Custom\Stp1_TMP.EXE"/>
<create_process filename="C:\DOKUME&#x7E;1\ADMINI&#x7E;1\LOKALE&#x7E;1\Temp\Stp1_TMP.EXE" filename_hash="hash_error" targetpid="2808" showwindow="SW_HIDE" apifunction="CreateProcessA" successful="1"/>
</all_section>
</thread>
</process>
<process index="2" pid="2808" filename="C:\DOKUME&#x7E;1\ADMINI&#x7E;1\LOKALE&#x7E;1\Temp\Stp1_TMP.EXE" filename_hash="hash_error" filesize="1097804" md5="7047db15089784326d3c69e3fc44c4c1" sha1="b54927aedf835d4d36a4ff27ab755e47ba1112ae" username="Administrator" parentindex="1" starttime="00:04.344" terminationtime="02:01.875" startreason="CreateProcess" terminationreason="Timeout" executionstatus="OK">
<thread tid="2812">
<all_section>
<load_image filename="C:\DOKUME&#x7E;1\ADMINI&#x7E;1\LOKALE&#x7E;1\Temp\Stp1_TMP.EXE" successful="1" address="&#x24;400000" end_address="&#x24;413000" size="77824" filename_hash="hash_error"/>
<load_dll filename="C:\WINDOWS\system32\ntdll.dll" successful="1" address="&#x24;7C910000" end_address="&#x24;7C9C9000" size="757760" filename_hash="e753d19a2e3b98b2b3b8f02f276092096d10f22d"/>
<load_dll filename="C:\WINDOWS\system32\kernel32.dll" successful="1" address="&#x24;7C800000" end_address="&#x24;7C908000" size="1081344" filename_hash="c88d57cc99f75cd928b47b6e444231f26670138f"/>
<load_dll filename="C:\WINDOWS\system32\user32.dll" successful="1" address="&#x24;7E360000" end_address="&#x24;7E3F1000" size="593920" filename_hash="08fe9ff1fe9b8fd237adedb10d65fb0447b91fe5"/>
<load_dll filename="C:\WINDOWS\system32\GDI32.dll" successful="1" address="&#x24;77EF0000" end_address="&#x24;77F39000" size="299008" filename_hash="0f37018f672c7635691f7317ade3c5a63904ec96"/>
<load_dll filename="C:\WINDOWS\system32\oleaut32.dll" successful="1" address="&#x24;770F0000" end_address="&#x24;7717B000" size="569344" filename_hash="3168a173d177f470928b468db777640861dcb32e"/>
<load_dll filename="C:\WINDOWS\system32\ADVAPI32.dll" successful="1" address="&#x24;77DA0000" end_address="&#x24;77E4A000" size="696320" filename_hash="ea2e9bac1789b53d7efcd675a63f4a2b44898439"/>
<load_dll filename="C:\WINDOWS\system32\RPCRT4.dll" successful="1" address="&#x24;77E50000" end_address="&#x24;77EE2000" size="598016" filename_hash="f3bb6474ec18ee9cccc02ef44510a78b42058a41"/>
<load_dll filename="C:\WINDOWS\system32\Secur32.dll" successful="1" address="&#x24;77FC0000" end_address="&#x24;77FD1000" size="69632" filename_hash="31166d1e35a911a082149f5efac2dac228109615"/>
<load_dll filename="C:\WINDOWS\system32\msvcrt.dll" successful="1" address="&#x24;77BE0000" end_address="&#x24;77C38000" size="360448" filename_hash="70d5f97088cc9348bb9d10098af0738a696b96de"/>
<load_dll filename="C:\WINDOWS\system32\ole32.dll" successful="1" address="&#x24;774B0000" end_address="&#x24;775ED000" size="1298432" filename_hash="c7753525d5276ab92a01a8a3c39cfb5269da7f98"/>
<load_dll filename="C:\WINDOWS\WinSxS\x86_Microsoft.Windows.Common-Controls_6595b64144ccf1df_6.0.2600.5512_x-ww_35d4ce83\" successful="1" address="&#x24;773A0000" end_address="&#x24;774A3000" size="1060864" filename_hash="hash_error"/>
<load_dll filename="C:\WINDOWS\system32\SHLWAPI.dll" successful="1" address="&#x24;77F40000" end_address="&#x24;77FB6000" size="483328" filename_hash="a9245beec2e139b31cd3b65e0f0e4804c030e639"/>
<load_dll filename="C:\WINDOWS\system32\IMM32.DLL" successful="1" address="&#x24;76330000" end_address="&#x24;7634D000" size="118784" filename_hash="f9be7678080084bc3cb48d0cb64bba9ba98800f1"/>
<load_dll filename="C:\WINDOWS\system32\pstorec.dll" successful="1" address="&#x24;5E490000" end_address="&#x24;5E49D000" size="53248" filename_hash="8ae378a352c4a13516bf1fe5a8615d8893d2ff2d"/>
<load_dll filename="C:\WINDOWS\system32\ATL.DLL" successful="1" address="&#x24;76AD0000" end_address="&#x24;76AE1000" size="69632" filename_hash="59cb82f432d529da3e81b030b2365c22a95fd35a"/>
<vm_protect targetpid="2808" wantedaddress="&#x24;7E6F11E0" address="&#x24;7E6F1000" wantedsize="8" size="4096" protect="PAGE_EXECUTE_READWRITE" behavior="Normal" target="SHELL32.dll.ShellExecuteA"/>
<vm_protect targetpid="2808" wantedaddress="&#x24;7E6F11E0" address="&#x24;7E6F1000" wantedsize="8" size="4096" protect="PAGE_EXECUTE_READ" behavior="Normal" target="SHELL32.dll.ShellExecuteA"/>
<vm_protect targetpid="2808" wantedaddress="&#x24;7E765D48" address="&#x24;7E765000" wantedsize="8" size="4096" protect="PAGE_EXECUTE_READWRITE" behavior="Normal" target="SHELL32.dll.ShellExecuteW"/>
<vm_protect targetpid="2808" wantedaddress="&#x24;7E765D48" address="&#x24;7E765000" wantedsize="8" size="4096" protect="PAGE_EXECUTE_READ" behavior="Normal" target="SHELL32.dll.ShellExecuteW"/>
<vm_protect targetpid="2808" wantedaddress="&#x24;7E6B996B" address="&#x24;7E6B9000" wantedsize="8" size="4096" protect="PAGE_EXECUTE_READWRITE" behavior="Normal" target="SHELL32.dll.ShellExecuteExW"/>
<vm_protect targetpid="2808" wantedaddress="&#x24;7E6B996B" address="&#x24;7E6B9000" wantedsize="8" size="4096" protect="PAGE_EXECUTE_READ" behavior="Normal" target="SHELL32.dll.ShellExecuteExW"/>
<vm_protect targetpid="2808" wantedaddress="&#x24;7E6F0EB5" address="&#x24;7E6F0000" wantedsize="8" size="4096" protect="PAGE_EXECUTE_READWRITE" behavior="Normal" target="SHELL32.dll.ShellExecuteEx"/>
<vm_protect targetpid="2808" wantedaddress="&#x24;7E6F0EB5" address="&#x24;7E6F0000" wantedsize="8" size="4096" protect="PAGE_EXECUTE_READ" behavior="Normal" target="SHELL32.dll.ShellExecuteEx"/>
<vm_protect targetpid="2808" wantedaddress="&#x24;7E77410F" address="&#x24;7E774000" wantedsize="8" size="4096" protect="PAGE_EXECUTE_READWRITE" behavior="Normal" target="SHELL32.dll.SHLoadInProc"/>
<vm_protect targetpid="2808" wantedaddress="&#x24;7E77410F" address="&#x24;7E774000" wantedsize="8" size="4096" protect="PAGE_EXECUTE_READ" behavior="Normal" target="SHELL32.dll.SHLoadInProc"/>
<load_dll filename="C:\WINDOWS\system32\shell32.dll" successful="1" address="&#x24;7E670000" end_address="&#x24;7EE91000" size="8523776" filename_hash="bbe9d57955e5d348e664b72faf331a7b9d722d0c"/>
<open_file filetype="file" srcfile="C:\DOKUME&#x7E;1\ADMINI&#x7E;1\LOKALE&#x7E;1\Temp\Stp1_TMP.EXE" srcfile_hash="hash_error" creationdistribution="OPEN_EXISTING" desiredaccess="FILE_ANY_ACCESS" shareaccess="FILE_SHARE_READ" flags="FILE_ATTRIBUTE_NORMAL SECURITY_ANONYMOUS"/>
<get_system_time apifunction="GetSystemTime"/>
<get_file_attributes filetype="file" srcfile="C:\DOKUME&#x7E;1\ADMINI&#x7E;1\LOKALE&#x7E;1\Temp" srcfile_hash="hash_error" desiredaccess="FILE_ANY_ACCESS" flags="SECURITY_ANONYMOUS"/>
<get_file_attributes filetype="file" srcfile="C:\DOKUME&#x7E;1\ADMINI&#x7E;1\LOKALE&#x7E;1\Temp\is-C9IA0.tmp" srcfile_hash="hash_error" desiredaccess="FILE_ANY_ACCESS" flags="SECURITY_ANONYMOUS"/>
<create_directory filetype="file" srcfile="C:\DOKUME&#x7E;1\ADMINI&#x7E;1\LOKALE&#x7E;1\Temp\is-C9IA0.tmp" srcfile_hash="hash_error"/>
<get_file_attributes filetype="file" srcfile="C:\DOKUME&#x7E;1\ADMINI&#x7E;1\LOKALE&#x7E;1\Temp\is-C9IA0.tmp\is-OCUHL.tmp" srcfile_hash="hash_error" desiredaccess="FILE_ANY_ACCESS" flags="SECURITY_ANONYMOUS"/>
<create_file filetype="file" srcfile="C:\DOKUME&#x7E;1\ADMINI&#x7E;1\LOKALE&#x7E;1\Temp\is-C9IA0.tmp\is-OCUHL.tmp" srcfile_hash="hash_error" creationdistribution="CREATE_ALWAYS" desiredaccess="FILE_ANY_ACCESS" flags="FILE_ATTRIBUTE_NORMAL SECURITY_ANONYMOUS"/>
<check_for_debugger apifunction="IsDebuggerPresent"/>
<load_dll filename="C:\WINDOWS\system32\uxtheme.dll" successful="1" address="&#x24;5B0F0000" end_address="&#x24;5B128000" size="229376" filename_hash="16c4d24a172bfbc67f488d6b4086b9e10f8eaf4b"/>
<get_system_directory/>
<open_key key="HKEY_LOCAL_MACHINE\SOFTWARE\Microsoft\CTF\Compatibility\Stp1_TMP.EXE"/>
<open_key key="HKEY_LOCAL_MACHINE\SOFTWARE\Microsoft\CTF\SystemShared"/>
<query_value key="HKEY_LOCAL_MACHINE\SOFTWARE\Microsoft\CTF\SystemShared" value="CUAS"/>
<create_mutex name="CTF.LBES.MutexDefaultS-1-5-21-583907252-1708537768-842925246-500" owned="0"/>
<create_mutex name="CTF.Compart.MutexDefaultS-1-5-21-583907252-1708537768-842925246-500" owned="0"/>
<create_mutex name="CTF.Asm.MutexDefaultS-1-5-21-583907252-1708537768-842925246-500" owned="0"/>
<create_mutex name="CTF.Layouts.MutexDefaultS-1-5-21-583907252-1708537768-842925246-500" owned="0"/>
<create_mutex name="CTF.TMD.MutexDefaultS-1-5-21-583907252-1708537768-842925246-500" owned="0"/>
<open_key key="HKEY_CURRENT_USER\Keyboard Layout\Toggle"/>
<query_value key="HKEY_CURRENT_USER\Keyboard Layout\Toggle" value="Language Hotkey"/>
<query_value key="HKEY_CURRENT_USER\Keyboard Layout\Toggle" value="Layout Hotkey"/>
<get_system_directory/>
<open_key key="HKEY_LOCAL_MACHINE\SOFTWARE\Microsoft\CTF"/>
<query_value key="HKEY_LOCAL_MACHINE\SOFTWARE\Microsoft\CTF" value="EnableAnchorContext"/>
<create_mutex name="CTF.TimListCache.FMPDefaultS-1-5-21-583907252-1708537768-842925246-500MUTEX.DefaultS-1-5-21-583907252" owned="0"/>
<set_windows_hook hookid="WH_KEYBOARD" threadid="2812" hook_address="&#x24;746B07C3" hook_module="&#x24;746A0000"/>
<set_windows_hook hookid="WH_MOUSE" threadid="2812" hook_address="&#x24;746B04CD" hook_module="&#x24;746A0000"/>
<open_key key="HKEY_LOCAL_MACHINE\Software\Microsoft\Windows NT\CurrentVersion\IMM"/>
<query_value key="HKEY_LOCAL_MACHINE\SOFTWARE\Microsoft\Windows NT\CurrentVersion\IMM" value="Ime File"/>
<load_dll filename="C:\WINDOWS\system32\version.dll" successful="1" address="&#x24;77BD0000" end_address="&#x24;77BD8000" size="32768" filename_hash="adf263b658136ccb3cde72d0e6dd634c5a5e5143"/>
<get_system_directory/>
<load_dll filename="C:\WINDOWS\system32\msctfime.ime" successful="1" address="&#x24;3D0001" end_address="&#x24;3D0001" size="0" filename_hash="434c43fc87679a37aa054c0c18e190ccb39a4439"/>
<get_system_directory/>
<load_dll filename="C:\WINDOWS\system32\ole32.dll" successful="1" address="&#x24;774B0000" end_address="&#x24;775ED000" size="1298432" filename_hash="c7753525d5276ab92a01a8a3c39cfb5269da7f98"/>
<load_dll filename="C:\WINDOWS\system32\msctfime.ime" successful="1" address="&#x24;75250000" end_address="&#x24;7527E000" size="188416" filename_hash="434c43fc87679a37aa054c0c18e190ccb39a4439"/>
<get_system_directory/>
<create_window hwnd="&#x24;00020164" classname="IME" windowname="Default IME" height="0" width="0" top="0" left="0" style="WS_DISABLED WS_OVERLAPPED WS_POPUP WS_TILED" exstyle="WS_EX_LEFT WS_EX_LTRREADING WS_EX_RIGHTSCROLLBAR"/>
<open_key key="HKEY_CURRENT_USER\SOFTWARE\Microsoft\CTF"/>
<query_value key="HKEY_CURRENT_USER\Software\Microsoft\CTF" value="Disable Thread Input Manager"/>
<open_key key="HKEY_LOCAL_MACHINE\Software\Microsoft\CTF\SystemShared"/>
<query_value key="HKEY_LOCAL_MACHINE\SOFTWARE\Microsoft\CTF\SystemShared" value="CUAS"/>
<get_system_directory/>
<load_dll filename="C:\WINDOWS\system32\msctfime.ime" successful="1" address="&#x24;75250000" end_address="&#x24;7527E000" size="188416" filename_hash="434c43fc87679a37aa054c0c18e190ccb39a4439"/>
<load_dll filename="C:\WINDOWS\system32\uxtheme.dll" successful="1" address="&#x24;5B0F0000" end_address="&#x24;5B128000" size="229376" filename_hash="16c4d24a172bfbc67f488d6b4086b9e10f8eaf4b"/>
<create_window hwnd="&#x24;00020166" classname="Static" windowname="InnoSetupLdrWindow" height="0" width="0" top="0" left="0" style="WS_OVERLAPPED WS_TILED" exstyle="WS_EX_LEFT WS_EX_LTRREADING WS_EX_RIGHTSCROLLBAR"/>
<open_file filetype="file" srcfile="C:\WINDOWS\AppPatch\sysmain.sdb" srcfile_hash="73a4cd369412da6a51064c776a3a0175daea5b82" creationdistribution="OPEN_EXISTING" desiredaccess="FILE_ANY_ACCESS FILE_READ_ATTRIBUTES" shareaccess="FILE_SHARE_READ" flags="FILE_ATTRIBUTE_NORMAL SECURITY_ANONYMOUS"/>
<open_file filetype="file" srcfile="C:\WINDOWS\AppPatch\systest.sdb" srcfile_hash="hash_error" creationdistribution="OPEN_EXISTING" desiredaccess="FILE_ANY_ACCESS FILE_READ_ATTRIBUTES" shareaccess="FILE_SHARE_READ" flags="FILE_ATTRIBUTE_NORMAL SECURITY_ANONYMOUS"/>
<open_key key="HKEY_LOCAL_MACHINE\System\WPA\TabletPC"/>
<open_key key="HKEY_LOCAL_MACHINE\SYSTEM\WPA\MediaCenter"/>
<query_value key="HKEY_LOCAL_MACHINE\SYSTEM\WPA\MediaCenter" value="Installed"/>
<open_file filetype="file" srcfile="\Device\NamedPipe\ShimViewer" srcfile_hash="hash_error" creationdistribution="OPEN_EXISTING" desiredaccess="FILE_ANY_ACCESS FILE_WRITE_ACCESS FILE_WRITE_DATA FILE_ADD_FILE FILE_ADD_SUBDIRECTORY FILE_APPEND_DATA FILE_CREATE_PIPE_INSTANCE FILE_WRITE_EA FILE_WRITE_ATTRIBUTES" flags="FILE_ATTRIBUTE_NORMAL SECURITY_ANONYMOUS"/>
<open_file filetype="file" srcfile="C:\DOKUME&#x7E;1\ADMINI&#x7E;1\LOKALE&#x7E;1\Temp\is-C9IA0.tmp\" srcfile_hash="hash_error" desiredaccess="FILE_ANY_ACCESS FILE_READ_ACCESS FILE_READ_DATA FILE_LIST_DIRECTORY" shareaccess="FILE_SHARE_READ FILE_SHARE_WRITE" flags="SECURITY_ANONYMOUS"/>
<find_file filetype="file" srcfile="C:\DOKUME&#x7E;1\ADMINI&#x7E;1\LOKALE&#x7E;1\Temp\is-C9IA0.tmp\is-OCUHL.tmp" srcfile_hash="hash_error" desiredaccess="FILE_ANY_ACCESS" flags="SECURITY_ANONYMOUS"/>
<open_key key="HKEY_LOCAL_MACHINE\Software\Microsoft\Windows NT\CurrentVersion\AppCompatFlags\Layers"/>
<open_key key="HKEY_CURRENT_USER\Software\Microsoft\Windows NT\CurrentVersion\AppCompatFlags\Layers"/>
<open_key key="HKEY_LOCAL_MACHINE\Software\Microsoft\Windows NT\CurrentVersion\AppCompatFlags\Custom\is-OCUHL.tmp"/>
<create_process commandline="&#x22;C:\DOKUME&#x7E;1\ADMINI&#x7E;1\LOKALE&#x7E;1\Temp\is-C9IA0.tmp\is-OCUHL.tmp&#x22; /SL4 &#x24;20166 &#x22;C:\DOKUME&#x7E;1\ADMINI&#x7E;1\LOKALE&#x7E;1\Temp\Stp1_TMP.EXE&#x22; 839376 52736 " targetpid="2840" showwindow="SW_HIDE" apifunction="CreateProcessA" successful="1"/>
</all_section>
</thread>
</process>
<process index="3" pid="2840" filename="C:\DOKUME&#x7E;1\ADMINI&#x7E;1\LOKALE&#x7E;1\Temp\is-C9IA0.tmp\is-OCUHL.tmp /SL4 &#x24;20166 C:\DOKUME&#x7E;1\ADMINI&#x7E;1\LOKALE&#x7E;1\Temp\Stp1_TMP.EXE 839376 52736" filename_hash="hash_error" filesize="-1" username="Administrator" parentindex="2" starttime="00:05.891" terminationtime="02:01.922" startreason="CreateProcess" terminationreason="Timeout" executionstatus="OK">
<thread tid="2844">
<all_section>
<load_image filename="C:\DOKUME&#x7E;1\ADMINI&#x7E;1\LOKALE&#x7E;1\Temp\is-C9IA0.tmp\is-OCUHL.tmp" successful="1" address="&#x24;400000" end_address="&#x24;4B4000" size="737280" filename_hash="hash_error"/>
<load_dll filename="C:\WINDOWS\system32\ntdll.dll" successful="1" address="&#x24;7C910000" end_address="&#x24;7C9C9000" size="757760" filename_hash="e753d19a2e3b98b2b3b8f02f276092096d10f22d"/>
<load_dll filename="C:\WINDOWS\system32\kernel32.dll" successful="1" address="&#x24;7C800000" end_address="&#x24;7C908000" size="1081344" filename_hash="c88d57cc99f75cd928b47b6e444231f26670138f"/>
<load_dll filename="C:\WINDOWS\system32\user32.dll" successful="1" address="&#x24;7E360000" end_address="&#x24;7E3F1000" size="593920" filename_hash="08fe9ff1fe9b8fd237adedb10d65fb0447b91fe5"/>
<load_dll filename="C:\WINDOWS\system32\GDI32.dll" successful="1" address="&#x24;77EF0000" end_address="&#x24;77F39000" size="299008" filename_hash="0f37018f672c7635691f7317ade3c5a63904ec96"/>
<load_dll filename="C:\WINDOWS\system32\oleaut32.dll" successful="1" address="&#x24;770F0000" end_address="&#x24;7717B000" size="569344" filename_hash="3168a173d177f470928b468db777640861dcb32e"/>
<load_dll filename="C:\WINDOWS\system32\ADVAPI32.dll" successful="1" address="&#x24;77DA0000" end_address="&#x24;77E4A000" size="696320" filename_hash="ea2e9bac1789b53d7efcd675a63f4a2b44898439"/>
<load_dll filename="C:\WINDOWS\system32\RPCRT4.dll" successful="1" address="&#x24;77E50000" end_address="&#x24;77EE2000" size="598016" filename_hash="f3bb6474ec18ee9cccc02ef44510a78b42058a41"/>
<load_dll filename="C:\WINDOWS\system32\Secur32.dll" successful="1" address="&#x24;77FC0000" end_address="&#x24;77FD1000" size="69632" filename_hash="31166d1e35a911a082149f5efac2dac228109615"/>
<load_dll filename="C:\WINDOWS\system32\msvcrt.dll" successful="1" address="&#x24;77BE0000" end_address="&#x24;77C38000" size="360448" filename_hash="70d5f97088cc9348bb9d10098af0738a696b96de"/>
<load_dll filename="C:\WINDOWS\system32\ole32.dll" successful="1" address="&#x24;774B0000" end_address="&#x24;775ED000" size="1298432" filename_hash="c7753525d5276ab92a01a8a3c39cfb5269da7f98"/>
<load_dll filename="C:\WINDOWS\system32\mpr.dll" successful="1" address="&#x24;71A80000" end_address="&#x24;71A92000" size="73728" filename_hash="0affd0a48f5f137169158083c61cf46454689055"/>
<load_dll filename="C:\WINDOWS\system32\version.dll" successful="1" address="&#x24;77BD0000" end_address="&#x24;77BD8000" size="32768" filename_hash="adf263b658136ccb3cde72d0e6dd634c5a5e5143"/>
<load_dll filename="C:\WINDOWS\WinSxS\x86_Microsoft.Windows.Common-Controls_6595b64144ccf1df_6.0.2600.5512_x-ww_35d4ce83\" successful="1" address="&#x24;773A0000" end_address="&#x24;774A3000" size="1060864" filename_hash="hash_error"/>
<load_dll filename="C:\WINDOWS\system32\SHLWAPI.dll" successful="1" address="&#x24;77F40000" end_address="&#x24;77FB6000" size="483328" filename_hash="a9245beec2e139b31cd3b65e0f0e4804c030e639"/>
<load_dll filename="C:\WINDOWS\system32\shell32.dll" successful="1" address="&#x24;7E670000" end_address="&#x24;7EE91000" size="8523776" filename_hash="bbe9d57955e5d348e664b72faf331a7b9d722d0c"/>
<load_dll filename="C:\WINDOWS\system32\comdlg32.dll" successful="1" address="&#x24;76350000" end_address="&#x24;7639A000" size="303104" filename_hash="097776790214f0f3489f749be018c84f2dc929d2"/>
<load_dll filename="C:\WINDOWS\system32\IMM32.DLL" successful="1" address="&#x24;76330000" end_address="&#x24;7634D000" size="118784" filename_hash="f9be7678080084bc3cb48d0cb64bba9ba98800f1"/>
<load_dll filename="C:\WINDOWS\system32\pstorec.dll" successful="1" address="&#x24;5E490000" end_address="&#x24;5E49D000" size="53248" filename_hash="8ae378a352c4a13516bf1fe5a8615d8893d2ff2d"/>
<load_dll filename="C:\WINDOWS\system32\ATL.DLL" successful="1" address="&#x24;76AD0000" end_address="&#x24;76AE1000" size="69632" filename_hash="59cb82f432d529da3e81b030b2365c22a95fd35a"/>
<check_for_debugger apifunction="IsDebuggerPresent"/>
<load_dll filename="C:\WINDOWS\system32\uxtheme.dll" successful="1" address="&#x24;5B0F0000" end_address="&#x24;5B128000" size="229376" filename_hash="16c4d24a172bfbc67f488d6b4086b9e10f8eaf4b"/>
<get_system_directory/>
<open_key key="HKEY_LOCAL_MACHINE\SOFTWARE\Microsoft\CTF\Compatibility\is-OCUHL.tmp"/>
<open_key key="HKEY_LOCAL_MACHINE\SOFTWARE\Microsoft\CTF\SystemShared"/>
<query_value key="HKEY_LOCAL_MACHINE\SOFTWARE\Microsoft\CTF\SystemShared" value="CUAS"/>
<create_mutex name="CTF.LBES.MutexDefaultS-1-5-21-583907252-1708537768-842925246-500" owned="0"/>
<create_mutex name="CTF.Compart.MutexDefaultS-1-5-21-583907252-1708537768-842925246-500" owned="0"/>
<create_mutex name="CTF.Asm.MutexDefaultS-1-5-21-583907252-1708537768-842925246-500" owned="0"/>
<create_mutex name="CTF.Layouts.MutexDefaultS-1-5-21-583907252-1708537768-842925246-500" owned="0"/>
<create_mutex name="CTF.TMD.MutexDefaultS-1-5-21-583907252-1708537768-842925246-500" owned="0"/>
<open_key key="HKEY_CURRENT_USER\Keyboard Layout\Toggle"/>
<query_value key="HKEY_CURRENT_USER\Keyboard Layout\Toggle" value="Language Hotkey"/>
<query_value key="HKEY_CURRENT_USER\Keyboard Layout\Toggle" value="Layout Hotkey"/>
<get_system_directory/>
<open_key key="HKEY_LOCAL_MACHINE\SOFTWARE\Microsoft\CTF"/>
<query_value key="HKEY_LOCAL_MACHINE\SOFTWARE\Microsoft\CTF" value="EnableAnchorContext"/>
<create_mutex name="CTF.TimListCache.FMPDefaultS-1-5-21-583907252-1708537768-842925246-500MUTEX.DefaultS-1-5-21-583907252" owned="0"/>
<set_windows_hook hookid="WH_KEYBOARD" threadid="2844" hook_address="&#x24;746B07C3" hook_module="&#x24;746A0000"/>
<set_windows_hook hookid="WH_MOUSE" threadid="2844" hook_address="&#x24;746B04CD" hook_module="&#x24;746A0000"/>
<open_key key="HKEY_LOCAL_MACHINE\Software\Microsoft\Windows NT\CurrentVersion\IMM"/>
<query_value key="HKEY_LOCAL_MACHINE\SOFTWARE\Microsoft\Windows NT\CurrentVersion\IMM" value="Ime File"/>
<get_system_directory/>
<load_dll filename="C:\WINDOWS\system32\msctfime.ime" successful="1" address="&#x24;C30001" end_address="&#x24;C30001" size="0" filename_hash="434c43fc87679a37aa054c0c18e190ccb39a4439"/>
<get_system_directory/>
<load_dll filename="C:\WINDOWS\system32\ole32.dll" successful="1" address="&#x24;774B0000" end_address="&#x24;775ED000" size="1298432" filename_hash="c7753525d5276ab92a01a8a3c39cfb5269da7f98"/>
<load_dll filename="C:\WINDOWS\system32\msctfime.ime" successful="1" address="&#x24;75250000" end_address="&#x24;7527E000" size="188416" filename_hash="434c43fc87679a37aa054c0c18e190ccb39a4439"/>
<get_system_directory/>
<create_window hwnd="&#x24;0002018E" classname="IME" windowname="Default IME" height="0" width="0" top="0" left="0" style="WS_DISABLED WS_OVERLAPPED WS_POPUP WS_TILED" exstyle="WS_EX_LEFT WS_EX_LTRREADING WS_EX_RIGHTSCROLLBAR"/>
<open_key key="HKEY_CURRENT_USER\SOFTWARE\Microsoft\CTF"/>
<query_value key="HKEY_CURRENT_USER\Software\Microsoft\CTF" value="Disable Thread Input Manager"/>
<open_key key="HKEY_LOCAL_MACHINE\Software\Microsoft\CTF\SystemShared"/>
<query_value key="HKEY_LOCAL_MACHINE\SOFTWARE\Microsoft\CTF\SystemShared" value="CUAS"/>
<get_system_directory/>
<load_dll filename="C:\WINDOWS\system32\msctfime.ime" successful="1" address="&#x24;75250000" end_address="&#x24;7527E000" size="188416" filename_hash="434c43fc87679a37aa054c0c18e190ccb39a4439"/>
<create_window hwnd="&#x24;00050066" classname="TApplication" windowname="is-ocuhl" height="0" width="0" top="512" left="640" style="WS_BORDER WS_CAPTION WS_CLIPSIBLINGS WS_DLGFRAME WS_GROUP WS_MINIMIZEBOX WS_OVERLAPPED WS_POPUP WS_POPUPWINDOW WS_SYSMENU WS_TILED WS_VISIBLE" exstyle="WS_EX_LEFT WS_EX_LTRREADING WS_EX_RIGHTSCROLLBAR WS_EX_WINDOWEDGE"/>
<create_window hwnd="&#x24;00020178" classname="MSCTFIME UI" windowname="M" height="0" width="0" top="0" left="0" style="WS_DISABLED WS_OVERLAPPED WS_POPUP WS_TILED" exstyle="WS_EX_LEFT WS_EX_LTRREADING WS_EX_RIGHTSCROLLBAR"/>
<get_system_directory/>
<find_window classname="Shell_TrayWnd"/>
<enum_window/>
<create_window hwnd="&#x24;00020176" classname="CicMarshalWndClass" windowname="CicMarshalWndMBL" height="0" width="0" top="0" left="0" style="WS_DISABLED WS_OVERLAPPED WS_POPUP WS_TILED" exstyle="WS_EX_LEFT WS_EX_LTRREADING WS_EX_RIGHTSCROLLBAR"/>
<enum_window/>
<show_window hwnd="&#x24;00050066"/>
<load_dll filename="C:\WINDOWS\system32\uxtheme.dll" successful="1" address="&#x24;5B0F0000" end_address="&#x24;5B128000" size="229376" filename_hash="16c4d24a172bfbc67f488d6b4086b9e10f8eaf4b"/>
<load_dll filename="C:\WINDOWS\system32\shell32.dll" successful="1" address="&#x24;7E670000" end_address="&#x24;7EE91000" size="8523776" filename_hash="bbe9d57955e5d348e664b72faf331a7b9d722d0c"/>
<create_window hwnd="&#x24;00020174" classname="OleMainThreadWndClass" windowname="OleMainThreadWndName" height="0" width="0" top="0" left="0" style="WS_DISABLED WS_OVERLAPPED WS_POPUP WS_TILED" exstyle="WS_EX_LEFT WS_EX_LTRREADING WS_EX_RIGHTSCROLLBAR"/>
<load_dll filename="C:\WINDOWS\system32\shell32.dll" successful="1" address="&#x24;7E670000" end_address="&#x24;7EE91000" size="8523776" filename_hash="bbe9d57955e5d348e664b72faf331a7b9d722d0c"/>
<open_file filetype="file" srcfile="C:\DOKUME&#x7E;1\ADMINI&#x7E;1\LOKALE&#x7E;1\Temp\is-C9IA0.tmp\is-OCUHL.tmp" srcfile_hash="hash_error" creationdistribution="OPEN_EXISTING" desiredaccess="FILE_ANY_ACCESS" shareaccess="FILE_SHARE_READ" flags="FILE_ATTRIBUTE_NORMAL SECURITY_ANONYMOUS"/>
<get_system_time apifunction="GetSystemTime"/>
<open_file filetype="file" srcfile="C:\DOKUME&#x7E;1\ADMINI&#x7E;1\LOKALE&#x7E;1\Temp\Stp1_TMP.EXE" srcfile_hash="hash_error" creationdistribution="OPEN_EXISTING" desiredaccess="FILE_ANY_ACCESS" shareaccess="FILE_SHARE_READ" flags="FILE_ATTRIBUTE_NORMAL SECURITY_ANONYMOUS"/>
<get_windows_directory/>
<get_system_directory/>
<open_key key="HKEY_LOCAL_MACHINE\Software\Microsoft\Windows\CurrentVersion"/>
<query_value key="HKEY_LOCAL_MACHINE\SOFTWARE\Microsoft\Windows\CurrentVersion" value="ProgramFilesDir"/>
<open_key key="HKEY_LOCAL_MACHINE\Software\Microsoft\Windows\CurrentVersion"/>
<query_value key="HKEY_LOCAL_MACHINE\SOFTWARE\Microsoft\Windows\CurrentVersion" value="CommonFilesDir"/>
<open_key key="HKEY_LOCAL_MACHINE\SOFTWARE\Microsoft\Windows NT\CurrentVersion"/>
<query_value key="HKEY_LOCAL_MACHINE\SOFTWARE\Microsoft\Windows NT\CurrentVersion" value="RegisteredOwner"/>
<query_value key="HKEY_LOCAL_MACHINE\SOFTWARE\Microsoft\Windows NT\CurrentVersion" value="RegisteredOrganization"/>
<get_file_attributes filetype="file" srcfile="C:\DOKUME&#x7E;1\ADMINI&#x7E;1\LOKALE&#x7E;1\Temp" srcfile_hash="hash_error" desiredaccess="FILE_ANY_ACCESS" flags="SECURITY_ANONYMOUS"/>
<get_file_attributes filetype="file" srcfile="C:\DOKUME&#x7E;1\ADMINI&#x7E;1\LOKALE&#x7E;1\Temp\is-NIO50.tmp" srcfile_hash="hash_error" desiredaccess="FILE_ANY_ACCESS" flags="SECURITY_ANONYMOUS"/>
<create_directory filetype="file" srcfile="C:\DOKUME&#x7E;1\ADMINI&#x7E;1\LOKALE&#x7E;1\Temp\is-NIO50.tmp" srcfile_hash="hash_error"/>
<create_directory filetype="file" srcfile="C:\DOKUME&#x7E;1\ADMINI&#x7E;1\LOKALE&#x7E;1\Temp\is-NIO50.tmp\_isetup" srcfile_hash="hash_error"/>
<create_file filetype="file" srcfile="C:\DOKUME&#x7E;1\ADMINI&#x7E;1\LOKALE&#x7E;1\Temp\is-NIO50.tmp\_isetup\_RegDLL.tmp" srcfile_hash="hash_error" creationdistribution="CREATE_ALWAYS" desiredaccess="FILE_ANY_ACCESS" flags="FILE_ATTRIBUTE_NORMAL SECURITY_ANONYMOUS"/>
<create_file filetype="file" srcfile="C:\DOKUME&#x7E;1\ADMINI&#x7E;1\LOKALE&#x7E;1\Temp\is-NIO50.tmp\_isetup\_shfoldr.dll" srcfile_hash="hash_error" creationdistribution="CREATE_ALWAYS" desiredaccess="FILE_ANY_ACCESS" flags="FILE_ATTRIBUTE_NORMAL SECURITY_ANONYMOUS"/>
<load_dll filename="C:\DOKUME&#x7E;1\ADMINI&#x7E;1\LOKALE&#x7E;1\Temp\is-NIO50.tmp\_isetup\_shfoldr.dll" successful="1" address="&#x24;3F0001" end_address="&#x24;3F0001" size="0" filename_hash="hash_error"/>
<load_dll filename="shfolder.dll" successful="1" address="&#x24;3F0001" end_address="&#x24;3F0001" size="0" filename_hash="374cd24b1f7ef578ee9198d68bc34c3d7783a987"/>
<load_dll filename="C:\WINDOWS\system32\shell32.dll" successful="1" address="&#x24;7E670000" end_address="&#x24;7EE91000" size="8523776" filename_hash="bbe9d57955e5d348e664b72faf331a7b9d722d0c"/>
<load_dll filename="C:\WINDOWS\system32\shfolder.dll" successful="1" address="&#x24;76730000" end_address="&#x24;76739000" size="36864" filename_hash="374cd24b1f7ef578ee9198d68bc34c3d7783a987"/>
<find_file filetype="file" srcfile="C:\DOKUME&#x7E;1\ADMINI&#x7E;1\LOKALE&#x7E;1\Temp\is-C9IA0.tmp\is-OCUHL.tmp" srcfile_hash="hash_error" desiredaccess="FILE_ANY_ACCESS" flags="SECURITY_ANONYMOUS"/>
<enum_window/>
<create_window hwnd="&#x24;00020172" classname="TMainForm" windowname="MainForm" height="240" width="320" top="95" left="1" style="WS_BORDER WS_CAPTION WS_CLIPCHILDREN WS_CLIPSIBLINGS WS_DLGFRAME WS_GROUP WS_MAXIMIZEBOX WS_MINIMIZEBOX WS_OVERLAPPED WS_OVERLAPPEDWINDOW WS_SIZEBOX WS_SYSMENU WS_TABSTOP WS_THICKFRAME WS_TILED WS_TILEDWINDOW" exstyle="WS_EX_LEFT WS_EX_LTRREADING WS_EX_RIGHTSCROLLBAR WS_EX_WINDOWEDGE"/>
<enum_window/>
<create_window hwnd="&#x24;00020170" classname="TWizardForm" windowname="WizardForm" height="240" width="320" top="139" left="191" style="WS_BORDER WS_CAPTION WS_CLIPCHILDREN WS_CLIPSIBLINGS WS_DLGFRAME WS_OVERLAPPED WS_POPUP WS_POPUPWINDOW WS_SYSMENU WS_TILED" exstyle="WS_EX_DLGMODALFRAME WS_EX_LEFT WS_EX_LTRREADING WS_EX_RIGHTSCROLLBAR WS_EX_WINDOWEDGE"/>
<enum_window/>
<destroy_window hwnd="&#x24;00020170" classname="TWizardForm" windowname="Setup - BeeThink SpyDetector"/>
<enum_window/>
<create_window hwnd="&#x24;00030170" classname="TWizardForm" windowname="Setup - BeeThink SpyDetector" height="392" width="503" top="316" left="388" style="WS_BORDER WS_CAPTION WS_CLIPCHILDREN WS_CLIPSIBLINGS WS_DLGFRAME WS_GROUP WS_MINIMIZEBOX WS_OVERLAPPED WS_SYSMENU WS_TILED" exstyle="WS_EX_LEFT WS_EX_LTRREADING WS_EX_RIGHTSCROLLBAR WS_EX_WINDOWEDGE"/>
<load_dll filename="C:\WINDOWS\system32\shell32.dll" successful="1" address="&#x24;7E670000" end_address="&#x24;7EE91000" size="8523776" filename_hash="bbe9d57955e5d348e664b72faf331a7b9d722d0c"/>
<get_system_directory/>
<get_file_attributes filetype="file" srcfile="C:\WINDOWS\" srcfile_hash="hash_error" desiredaccess="FILE_ANY_ACCESS" flags="SECURITY_ANONYMOUS"/>
<open_file filetype="namedpipe" srcfile="\\.\PIPE\lsarpc" creationdistribution="OPEN_EXISTING" desiredaccess="FILE_ANY_ACCESS" shareaccess="FILE_SHARE_READ FILE_SHARE_WRITE" flags="SECURITY_ANONYMOUS"/>
<load_dll filename="C:\WINDOWS\system32\shell32.dll" successful="1" address="&#x24;7E670000" end_address="&#x24;7EE91000" size="8523776" filename_hash="bbe9d57955e5d348e664b72faf331a7b9d722d0c"/>
<load_dll filename="C:\WINDOWS\system32\ole32.dll" successful="1" address="&#x24;774B0000" end_address="&#x24;775ED000" size="1298432" filename_hash="c7753525d5276ab92a01a8a3c39cfb5269da7f98"/>
<get_file_attributes filetype="file" srcfile="C:\Dokumente und Einstellungen\Administrator\Startmen&#xFC;\desktop.ini" srcfile_hash="hash_error" desiredaccess="FILE_ANY_ACCESS" flags="SECURITY_ANONYMOUS"/>
<read_value file="C:\Dokumente und Einstellungen\Administrator\Startmen&#xFC;\desktop.ini" file_hash="hash_error" section="DeleteOnCopy" value="Owner"/>
<get_file_attributes filetype="file" srcfile="C:\Dokumente und Einstellungen\Administrator\Startmen&#xFC;\desktop.ini" srcfile_hash="hash_error" desiredaccess="FILE_ANY_ACCESS" flags="SECURITY_ANONYMOUS"/>
<read_value file="C:\Dokumente und Einstellungen\Administrator\Startmen&#xFC;\desktop.ini" file_hash="hash_error" section=".ShellClassInfo" value="LocalizedResourceName"/>
<get_file_attributes filetype="file" srcfile="C:\Dokumente und Einstellungen\Administrator\Startmen&#xFC;\desktop.ini" srcfile_hash="hash_error" desiredaccess="FILE_ANY_ACCESS" flags="SECURITY_ANONYMOUS"/>
<get_file_attributes filetype="file" srcfile="C:\Dokumente und Einstellungen\Administrator\Startmen&#xFC;\Programme\desktop.ini" srcfile_hash="hash_error" desiredaccess="FILE_ANY_ACCESS" flags="SECURITY_ANONYMOUS"/>
<read_value file="C:\Dokumente und Einstellungen\Administrator\Startmen&#xFC;\Programme\desktop.ini" file_hash="hash_error" section="DeleteOnCopy" value="Owner"/>
<get_file_attributes filetype="file" srcfile="C:\Dokumente und Einstellungen\Administrator\Startmen&#xFC;\Programme\desktop.ini" srcfile_hash="hash_error" desiredaccess="FILE_ANY_ACCESS" flags="SECURITY_ANONYMOUS"/>
<read_value file="C:\Dokumente und Einstellungen\Administrator\Startmen&#xFC;\Programme\desktop.ini" file_hash="hash_error" section=".ShellClassInfo" value="LocalizedResourceName"/>
<get_file_attributes filetype="file" srcfile="C:\Dokumente und Einstellungen\Administrator\Startmen&#xFC;\Programme\desktop.ini" srcfile_hash="hash_error" desiredaccess="FILE_ANY_ACCESS" flags="SECURITY_ANONYMOUS"/>
<read_value file="C:\Dokumente und Einstellungen\Administrator\Startmen&#xFC;\Programme\desktop.ini" file_hash="hash_error" section=".ShellClassInfo" value="IconFile"/>
<load_dll filename="C:\WINDOWS\system32\RICHED20.DLL" successful="1" address="&#x24;74DB0000" end_address="&#x24;74E1D000" size="446464" filename_hash="a9a7d69448d44bf2bbcb61514bdee9658d12b0e4"/>
<read_value file="WIN.INI" file_hash="hash_error" section="windows" value="ScrollInset"/>
<read_value file="WIN.INI" file_hash="hash_error" section="windows" value="DragDelay"/>
<read_value file="WIN.INI" file_hash="hash_error" section="windows" value="DragMinDist"/>
<read_value file="WIN.INI" file_hash="hash_error" section="windows" value="ScrollDelay"/>
<read_value file="WIN.INI" file_hash="hash_error" section="windows" value="ScrollInterval"/>
<read_value file="WIN.INI" file_hash="hash_error" section="richedit30" value="flags"/>
<read_section file="WIN.INI" file_hash="hash_error" section="FontSubstitutes"/>
<open_key key="HKEY_CURRENT_USER\Software\Microsoft\Windows\CurrentVersion\Uninstall\BeeThink SpyDetector_is1"/>
<open_key key="HKEY_LOCAL_MACHINE\Software\Microsoft\Windows\CurrentVersion\Uninstall\BeeThink SpyDetector_is1"/>
<load_dll filename="C:\WINDOWS\system32\uxtheme.dll" successful="1" address="&#x24;5B0F0000" end_address="&#x24;5B128000" size="229376" filename_hash="16c4d24a172bfbc67f488d6b4086b9e10f8eaf4b"/>
<get_system_directory/>
<enum_window/>
<show_window hwnd="&#x24;00030170" snapshotfile="proc_3\hwnd_30170.jpg"/>
<open_key key="HKEY_CURRENT_USER\Keyboard Layout\Toggle"/>
<query_value key="HKEY_CURRENT_USER\Keyboard Layout\Toggle" value="Language Hotkey"/>
<query_value key="HKEY_CURRENT_USER\Keyboard Layout\Toggle" value="Layout Hotkey"/>
<open_key key="HKEY_CURRENT_USER\SOFTWARE\Microsoft\CTF\LangBarAddIn"/>
<open_key key="HKEY_LOCAL_MACHINE\SOFTWARE\Microsoft\CTF\LangBarAddIn"/>
<create_mutex name="MSCTF.Shared.MUTEX.ACH" owned="0"/>
<get_system_directory/>
</all_section>
</thread>
</process>
</processes>
