<?xml version="1.0"?>
<processes>
<process index="1" pid="2536" filename="c:\0070b841cf7f76396f1a360f8e67e791.EX" filename_hash="hash_error" filesize="168448" md5="0070b841cf7f76396f1a360f8e67e791" sha1="16e17c7de084bb42f708e4f304454f852aa1d96c" username="Administrator" parentindex="0" starttime="00:01.656" terminationtime="02:01.734" startreason="AnalysisTarget" terminationreason="Timeout" executionstatus="OK" applicationtype="Win32Application">
<thread tid="2540">
<all_section>
<load_image filename="c:\0070b841cf7f76396f1a360f8e67e791.EX" successful="1" address="&#x24;400000" end_address="&#x24;45E000" size="385024" filename_hash="hash_error"/>
<load_dll filename="C:\WINDOWS\system32\ntdll.dll" successful="1" address="&#x24;7C910000" end_address="&#x24;7C9C9000" size="757760" filename_hash="e753d19a2e3b98b2b3b8f02f276092096d10f22d"/>
<load_dll filename="C:\WINDOWS\system32\kernel32.dll" successful="1" address="&#x24;7C800000" end_address="&#x24;7C908000" size="1081344" filename_hash="c88d57cc99f75cd928b47b6e444231f26670138f"/>
<load_dll filename="C:\WINDOWS\WinSxS\x86_Microsoft.Windows.Common-Controls_6595b64144ccf1df_6.0.2600.5512_x-ww_35d4ce83\" successful="1" address="&#x24;773A0000" end_address="&#x24;774A3000" size="1060864" filename_hash="hash_error"/>
<load_dll filename="C:\WINDOWS\system32\msvcrt.dll" successful="1" address="&#x24;77BE0000" end_address="&#x24;77C38000" size="360448" filename_hash="70d5f97088cc9348bb9d10098af0738a696b96de"/>
<load_dll filename="C:\WINDOWS\system32\ADVAPI32.dll" successful="1" address="&#x24;77DA0000" end_address="&#x24;77E4A000" size="696320" filename_hash="ea2e9bac1789b53d7efcd675a63f4a2b44898439"/>
<load_dll filename="C:\WINDOWS\system32\RPCRT4.dll" successful="1" address="&#x24;77E50000" end_address="&#x24;77EE2000" size="598016" filename_hash="f3bb6474ec18ee9cccc02ef44510a78b42058a41"/>
<load_dll filename="C:\WINDOWS\system32\Secur32.dll" successful="1" address="&#x24;77FC0000" end_address="&#x24;77FD1000" size="69632" filename_hash="31166d1e35a911a082149f5efac2dac228109615"/>
<load_dll filename="C:\WINDOWS\system32\GDI32.dll" successful="1" address="&#x24;77EF0000" end_address="&#x24;77F39000" size="299008" filename_hash="0f37018f672c7635691f7317ade3c5a63904ec96"/>
<load_dll filename="C:\WINDOWS\system32\USER32.dll" successful="1" address="&#x24;7E360000" end_address="&#x24;7E3F1000" size="593920" filename_hash="08fe9ff1fe9b8fd237adedb10d65fb0447b91fe5"/>
<load_dll filename="C:\WINDOWS\system32\SHLWAPI.dll" successful="1" address="&#x24;77F40000" end_address="&#x24;77FB6000" size="483328" filename_hash="a9245beec2e139b31cd3b65e0f0e4804c030e639"/>
<load_dll filename="C:\WINDOWS\system32\OLE32.dll" successful="1" address="&#x24;774B0000" end_address="&#x24;775ED000" size="1298432" filename_hash="c7753525d5276ab92a01a8a3c39cfb5269da7f98"/>
<load_dll filename="C:\WINDOWS\system32\SHELL32.dll" successful="1" address="&#x24;7E670000" end_address="&#x24;7EE91000" size="8523776" filename_hash="bbe9d57955e5d348e664b72faf331a7b9d722d0c"/>
<load_dll filename="C:\WINDOWS\system32\IMM32.DLL" successful="1" address="&#x24;76330000" end_address="&#x24;7634D000" size="118784" filename_hash="f9be7678080084bc3cb48d0cb64bba9ba98800f1"/>
<load_dll filename="C:\WINDOWS\system32\oleaut32.dll" successful="1" address="&#x24;770F0000" end_address="&#x24;7717B000" size="569344" filename_hash="3168a173d177f470928b468db777640861dcb32e"/>
<load_dll filename="C:\WINDOWS\system32\pstorec.dll" successful="1" address="&#x24;5E490000" end_address="&#x24;5E49D000" size="53248" filename_hash="8ae378a352c4a13516bf1fe5a8615d8893d2ff2d"/>
<load_dll filename="C:\WINDOWS\system32\ATL.DLL" successful="1" address="&#x24;76AD0000" end_address="&#x24;76AE1000" size="69632" filename_hash="59cb82f432d529da3e81b030b2365c22a95fd35a"/>
<load_dll filename="C:\WINDOWS\system32\kernel32.dll" successful="1" address="&#x24;7C800000" end_address="&#x24;7C908000" size="1081344" filename_hash="c88d57cc99f75cd928b47b6e444231f26670138f"/>
<load_dll filename="C:\WINDOWS\WinSxS\x86_Microsoft.Windows.Common-Controls_6595b64144ccf1df_6.0.2600.5512_x-ww_35d4ce83\" successful="1" address="&#x24;773A0000" end_address="&#x24;774A3000" size="1060864" filename_hash="hash_error"/>
<load_dll filename="C:\WINDOWS\system32\GDI32.dll" successful="1" address="&#x24;77EF0000" end_address="&#x24;77F39000" size="299008" filename_hash="0f37018f672c7635691f7317ade3c5a63904ec96"/>
<load_dll filename="C:\WINDOWS\system32\msvcrt.dll" successful="1" address="&#x24;77BE0000" end_address="&#x24;77C38000" size="360448" filename_hash="70d5f97088cc9348bb9d10098af0738a696b96de"/>
<load_dll filename="C:\WINDOWS\system32\OLE32.dll" successful="1" address="&#x24;774B0000" end_address="&#x24;775ED000" size="1298432" filename_hash="c7753525d5276ab92a01a8a3c39cfb5269da7f98"/>
<load_dll filename="C:\WINDOWS\system32\SHELL32.dll" successful="1" address="&#x24;7E670000" end_address="&#x24;7EE91000" size="8523776" filename_hash="bbe9d57955e5d348e664b72faf331a7b9d722d0c"/>
<load_dll filename="C:\WINDOWS\system32\USER32.dll" successful="1" address="&#x24;7E360000" end_address="&#x24;7E3F1000" size="593920" filename_hash="08fe9ff1fe9b8fd237adedb10d65fb0447b91fe5"/>
<check_for_debugger apifunction="IsDebuggerPresent"/>
<load_dll filename="C:\WINDOWS\system32\uxtheme.dll" successful="1" address="&#x24;5B0F0000" end_address="&#x24;5B128000" size="229376" filename_hash="16c4d24a172bfbc67f488d6b4086b9e10f8eaf4b"/>
<get_system_directory/>
<open_key key="HKEY_LOCAL_MACHINE\SOFTWARE\Microsoft\CTF\Compatibility\0070b841cf7f76396f1a360f8e67e791.EX"/>
<open_key key="HKEY_LOCAL_MACHINE\SOFTWARE\Microsoft\CTF\SystemShared"/>
<query_value key="HKEY_LOCAL_MACHINE\SOFTWARE\Microsoft\CTF\SystemShared" value="CUAS"/>
<create_mutex name="CTF.LBES.MutexDefaultS-1-5-21-583907252-1708537768-842925246-500" owned="0"/>
<create_mutex name="CTF.Compart.MutexDefaultS-1-5-21-583907252-1708537768-842925246-500" owned="0"/>
<create_mutex name="CTF.Asm.MutexDefaultS-1-5-21-583907252-1708537768-842925246-500" owned="0"/>
<create_mutex name="CTF.Layouts.MutexDefaultS-1-5-21-583907252-1708537768-842925246-500" owned="0"/>
<create_mutex name="CTF.TMD.MutexDefaultS-1-5-21-583907252-1708537768-842925246-500" owned="0"/>
<open_key key="HKEY_CURRENT_USER\Keyboard Layout\Toggle"/>
<query_value key="HKEY_CURRENT_USER\Keyboard Layout\Toggle" value="Language Hotkey"/>
<query_value key="HKEY_CURRENT_USER\Keyboard Layout\Toggle" value="Layout Hotkey"/>
<get_system_directory/>
<open_key key="HKEY_LOCAL_MACHINE\SOFTWARE\Microsoft\CTF"/>
<query_value key="HKEY_LOCAL_MACHINE\SOFTWARE\Microsoft\CTF" value="EnableAnchorContext"/>
<create_mutex name="CTF.TimListCache.FMPDefaultS-1-5-21-583907252-1708537768-842925246-500MUTEX.DefaultS-1-5-21-583907252" owned="0"/>
<set_windows_hook hookid="WH_KEYBOARD" threadid="2540" hook_address="&#x24;746B07C3" hook_module="&#x24;746A0000"/>
<set_windows_hook hookid="WH_MOUSE" threadid="2540" hook_address="&#x24;746B04CD" hook_module="&#x24;746A0000"/>
<create_window hwnd="&#x24;0001015E" classname="OleMainThreadWndClass" windowname="OleMainThreadWndName" height="0" width="0" top="0" left="0" style="WS_DISABLED WS_OVERLAPPED WS_POPUP WS_TILED" exstyle="WS_EX_LEFT WS_EX_LTRREADING WS_EX_RIGHTSCROLLBAR"/>
<load_dll filename="C:\WINDOWS\system32\kernel32.dll" successful="1" address="&#x24;7C800000" end_address="&#x24;7C908000" size="1081344" filename_hash="c88d57cc99f75cd928b47b6e444231f26670138f"/>
<delete_file filetype="file" srcfile="C:\Dokumente und Einstellungen\Administrator\Lokale Einstellungen\Temp\1.tmp" srcfile_hash="hash_error" desiredaccess="FILE_ANY_ACCESS" flags="SECURITY_ANONYMOUS"/>
<create_directory filetype="file" srcfile="C:\Dokumente und Einstellungen\Administrator\Lokale Einstellungen\Temp\1.tmp" srcfile_hash="hash_error"/>
<create_file filetype="file" srcfile="C:\Dokumente und Einstellungen\Administrator\Lokale Einstellungen\Temp\1.tmp\Win7 Loader.bat" srcfile_hash="hash_error" creationdistribution="CREATE_ALWAYS" desiredaccess="FILE_ANY_ACCESS" shareaccess="FILE_SHARE_READ" flags="FILE_ATTRIBUTE_NORMAL SECURITY_ANONYMOUS"/>
<create_file filetype="file" srcfile="bootinst.exe" srcfile_hash="hash_error" creationdistribution="CREATE_ALWAYS" desiredaccess="FILE_ANY_ACCESS" shareaccess="FILE_SHARE_READ" flags="FILE_ATTRIBUTE_NORMAL SECURITY_ANONYMOUS"/>
<open_file filetype="file" srcfile="bootinst.exe" srcfile_hash="hash_error" creationdistribution="OPEN_EXISTING" desiredaccess="FILE_ANY_ACCESS" shareaccess="FILE_SHARE_READ" flags="FILE_ATTRIBUTE_NORMAL SECURITY_ANONYMOUS"/>
<create_file filetype="file" srcfile="Cert.XRM-MS" srcfile_hash="hash_error" creationdistribution="CREATE_ALWAYS" desiredaccess="FILE_ANY_ACCESS" shareaccess="FILE_SHARE_READ" flags="FILE_ATTRIBUTE_NORMAL SECURITY_ANONYMOUS"/>
<open_file filetype="file" srcfile="Cert.XRM-MS" srcfile_hash="hash_error" creationdistribution="OPEN_EXISTING" desiredaccess="FILE_ANY_ACCESS" shareaccess="FILE_SHARE_READ" flags="FILE_ATTRIBUTE_NORMAL SECURITY_ANONYMOUS"/>
<create_file filetype="file" srcfile="grldr" srcfile_hash="hash_error" creationdistribution="CREATE_ALWAYS" desiredaccess="FILE_ANY_ACCESS" shareaccess="FILE_SHARE_READ" flags="FILE_ATTRIBUTE_NORMAL SECURITY_ANONYMOUS"/>
<open_file filetype="file" srcfile="grldr" srcfile_hash="hash_error" creationdistribution="OPEN_EXISTING" desiredaccess="FILE_ANY_ACCESS" shareaccess="FILE_SHARE_READ" flags="FILE_ATTRIBUTE_NORMAL SECURITY_ANONYMOUS"/>
<create_file filetype="file" creationdistribution="CREATE_ALWAYS" desiredaccess="FILE_ANY_ACCESS" shareaccess="FILE_SHARE_READ" flags="FILE_ATTRIBUTE_NORMAL SECURITY_ANONYMOUS"/>
<open_file filetype="file" creationdistribution="TRUNCATE_EXISTING" desiredaccess="FILE_ANY_ACCESS" shareaccess="FILE_SHARE_READ" flags="SECURITY_ANONYMOUS"/>
<open_file filetype="file" srcfile="C:\WINDOWS\AppPatch\sysmain.sdb" srcfile_hash="73a4cd369412da6a51064c776a3a0175daea5b82" creationdistribution="OPEN_EXISTING" desiredaccess="FILE_ANY_ACCESS FILE_READ_ATTRIBUTES" shareaccess="FILE_SHARE_READ" flags="FILE_ATTRIBUTE_NORMAL SECURITY_ANONYMOUS"/>
<open_file filetype="file" srcfile="C:\WINDOWS\AppPatch\systest.sdb" srcfile_hash="hash_error" creationdistribution="OPEN_EXISTING" desiredaccess="FILE_ANY_ACCESS FILE_READ_ATTRIBUTES" shareaccess="FILE_SHARE_READ" flags="FILE_ATTRIBUTE_NORMAL SECURITY_ANONYMOUS"/>
<open_key key="HKEY_LOCAL_MACHINE\System\WPA\TabletPC"/>
<open_key key="HKEY_LOCAL_MACHINE\SYSTEM\WPA\MediaCenter"/>
<query_value key="HKEY_LOCAL_MACHINE\SYSTEM\WPA\MediaCenter" value="Installed"/>
<open_file filetype="file" srcfile="\Device\NamedPipe\ShimViewer" srcfile_hash="hash_error" creationdistribution="OPEN_EXISTING" desiredaccess="FILE_ANY_ACCESS FILE_WRITE_ACCESS FILE_WRITE_DATA FILE_ADD_FILE FILE_ADD_SUBDIRECTORY FILE_APPEND_DATA FILE_CREATE_PIPE_INSTANCE FILE_WRITE_EA FILE_WRITE_ATTRIBUTES" flags="FILE_ATTRIBUTE_NORMAL SECURITY_ANONYMOUS"/>
<open_file filetype="file" srcfile="C:\Dokumente und Einstellungen\Administrator\Lokale Einstellungen\Temp\1.tmp\" srcfile_hash="hash_error" desiredaccess="FILE_ANY_ACCESS FILE_READ_ACCESS FILE_READ_DATA FILE_LIST_DIRECTORY" shareaccess="FILE_SHARE_READ FILE_SHARE_WRITE" flags="SECURITY_ANONYMOUS"/>
<find_file filetype="file" srcfile="C:\Dokumente und Einstellungen\Administrator\Lokale Einstellungen\Temp\1.tmp\Win7 Loader.bat" srcfile_hash="hash_error" desiredaccess="FILE_ANY_ACCESS" flags="SECURITY_ANONYMOUS"/>
<open_key key="HKEY_LOCAL_MACHINE\Software\Microsoft\Windows NT\CurrentVersion\AppCompatFlags\Layers"/>
<open_key key="HKEY_CURRENT_USER\Software\Microsoft\Windows NT\CurrentVersion\AppCompatFlags\Layers"/>
<open_key key="HKEY_LOCAL_MACHINE\Software\Microsoft\Windows NT\CurrentVersion\AppCompatFlags\Custom\Win7 Loader.bat"/>
<create_process commandline="&#x22;C:\Dokumente und Einstellungen\Administrator\Lokale Einstellungen\Temp\1.tmp\Win7 Loader.bat&#x22;" targetpid="2588" showwindow="SW_SHOWNORMAL" apifunction="CreateProcessA" successful="1"/>
</all_section>
</thread>
</process>
<process index="2" pid="2588" filename="C:\Dokumente und Einstellungen\Administrator\Lokale Einstellungen\Temp\1.tmp\Win7 Loader.bat" filename_hash="hash_error" filesize="2918" md5="c7e15bb9e0b6a9f0c6f1b303f507db1c" sha1="4e89f760cf551c5a449a0fd8f45f7c8ba956b02a" username="Administrator" parentindex="1" starttime="00:03.609" terminationtime="02:02.141" startreason="CreateProcess" terminationreason="Timeout" executionstatus="OK">
<thread tid="2592">
<all_section>
<load_image filename="C:\WINDOWS\system32\cmd.exe" successful="1" address="&#x24;4AD00000" end_address="&#x24;4AD64000" size="409600" filename_hash="811a005cf787c6ccbe0d9f1c36c1d49a9cb71fd1"/>
<load_dll filename="C:\WINDOWS\system32\ntdll.dll" successful="1" address="&#x24;7C910000" end_address="&#x24;7C9C9000" size="757760" filename_hash="e753d19a2e3b98b2b3b8f02f276092096d10f22d"/>
<load_dll filename="C:\WINDOWS\system32\kernel32.dll" successful="1" address="&#x24;7C800000" end_address="&#x24;7C908000" size="1081344" filename_hash="c88d57cc99f75cd928b47b6e444231f26670138f"/>
<load_dll filename="C:\WINDOWS\system32\msvcrt.dll" successful="1" address="&#x24;77BE0000" end_address="&#x24;77C38000" size="360448" filename_hash="70d5f97088cc9348bb9d10098af0738a696b96de"/>
<load_dll filename="C:\WINDOWS\system32\USER32.dll" successful="1" address="&#x24;7E360000" end_address="&#x24;7E3F1000" size="593920" filename_hash="08fe9ff1fe9b8fd237adedb10d65fb0447b91fe5"/>
<load_dll filename="C:\WINDOWS\system32\GDI32.dll" successful="1" address="&#x24;77EF0000" end_address="&#x24;77F39000" size="299008" filename_hash="0f37018f672c7635691f7317ade3c5a63904ec96"/>
<load_dll filename="C:\WINDOWS\system32\IMM32.DLL" successful="1" address="&#x24;76330000" end_address="&#x24;7634D000" size="118784" filename_hash="f9be7678080084bc3cb48d0cb64bba9ba98800f1"/>
<load_dll filename="C:\WINDOWS\system32\ADVAPI32.dll" successful="1" address="&#x24;77DA0000" end_address="&#x24;77E4A000" size="696320" filename_hash="ea2e9bac1789b53d7efcd675a63f4a2b44898439"/>
<load_dll filename="C:\WINDOWS\system32\RPCRT4.dll" successful="1" address="&#x24;77E50000" end_address="&#x24;77EE2000" size="598016" filename_hash="f3bb6474ec18ee9cccc02ef44510a78b42058a41"/>
<load_dll filename="C:\WINDOWS\system32\Secur32.dll" successful="1" address="&#x24;77FC0000" end_address="&#x24;77FD1000" size="69632" filename_hash="31166d1e35a911a082149f5efac2dac228109615"/>
<load_dll filename="C:\WINDOWS\system32\oleaut32.dll" successful="1" address="&#x24;770F0000" end_address="&#x24;7717B000" size="569344" filename_hash="3168a173d177f470928b468db777640861dcb32e"/>
<load_dll filename="C:\WINDOWS\system32\ole32.dll" successful="1" address="&#x24;774B0000" end_address="&#x24;775ED000" size="1298432" filename_hash="c7753525d5276ab92a01a8a3c39cfb5269da7f98"/>
<load_dll filename="C:\WINDOWS\system32\pstorec.dll" successful="1" address="&#x24;5E490000" end_address="&#x24;5E49D000" size="53248" filename_hash="8ae378a352c4a13516bf1fe5a8615d8893d2ff2d"/>
<load_dll filename="C:\WINDOWS\system32\ATL.DLL" successful="1" address="&#x24;76AD0000" end_address="&#x24;76AE1000" size="69632" filename_hash="59cb82f432d529da3e81b030b2365c22a95fd35a"/>
<load_dll filename="C:\WINDOWS\system32\ADVAPI32.dll" successful="1" address="&#x24;77DA0000" end_address="&#x24;77E4A000" size="696320" filename_hash="ea2e9bac1789b53d7efcd675a63f4a2b44898439"/>
<open_key key="HKEY_CURRENT_USER\Software\Policies\Microsoft\Windows\System"/>
<open_key key="HKEY_LOCAL_MACHINE\Software\Microsoft\Command Processor"/>
<query_value key="HKEY_LOCAL_MACHINE\SOFTWARE\Microsoft\Command Processor" value="DisableUNCCheck"/>
<query_value key="HKEY_LOCAL_MACHINE\SOFTWARE\Microsoft\Command Processor" value="EnableExtensions"/>
<query_value key="HKEY_LOCAL_MACHINE\SOFTWARE\Microsoft\Command Processor" value="DelayedExpansion"/>
<query_value key="HKEY_LOCAL_MACHINE\SOFTWARE\Microsoft\Command Processor" value="DefaultColor"/>
<query_value key="HKEY_LOCAL_MACHINE\SOFTWARE\Microsoft\Command Processor" value="CompletionChar"/>
<query_value key="HKEY_LOCAL_MACHINE\SOFTWARE\Microsoft\Command Processor" value="PathCompletionChar"/>
<query_value key="HKEY_LOCAL_MACHINE\SOFTWARE\Microsoft\Command Processor" value="AutoRun"/>
<open_key key="HKEY_CURRENT_USER\Software\Microsoft\Command Processor"/>
<query_value key="HKEY_CURRENT_USER\Software\Microsoft\Command Processor" value="DisableUNCCheck"/>
<query_value key="HKEY_CURRENT_USER\Software\Microsoft\Command Processor" value="EnableExtensions"/>
<query_value key="HKEY_CURRENT_USER\Software\Microsoft\Command Processor" value="DelayedExpansion"/>
<query_value key="HKEY_CURRENT_USER\Software\Microsoft\Command Processor" value="DefaultColor"/>
<query_value key="HKEY_CURRENT_USER\Software\Microsoft\Command Processor" value="CompletionChar"/>
<query_value key="HKEY_CURRENT_USER\Software\Microsoft\Command Processor" value="PathCompletionChar"/>
<query_value key="HKEY_CURRENT_USER\Software\Microsoft\Command Processor" value="AutoRun"/>
<get_file_attributes filetype="file" srcfile="C:\" srcfile_hash="hash_error" desiredaccess="FILE_ANY_ACCESS" flags="SECURITY_ANONYMOUS"/>
<find_file filetype="file" srcfile="C:\" srcfile_hash="hash_error" desiredaccess="FILE_ANY_ACCESS" flags="SECURITY_ANONYMOUS"/>
<get_file_attributes filetype="file" srcfile="C:\" srcfile_hash="hash_error" desiredaccess="FILE_ANY_ACCESS" flags="SECURITY_ANONYMOUS"/>
<get_file_attributes filetype="file" srcfile="&#x22;C:\Dokumente und Einstellungen\Administrator\Lokale Einstellungen\Temp\1.tmp\Win7 Loader.bat&#x22;" srcfile_hash="hash_error" desiredaccess="FILE_ANY_ACCESS" flags="SECURITY_ANONYMOUS"/>
<find_file filetype="file" srcfile="C:\Dokumente und Einstellungen\Administrator\Lokale Einstellungen\Temp\1.tmp\Win7 Loader.bat" srcfile_hash="hash_error" desiredaccess="FILE_ANY_ACCESS" flags="SECURITY_ANONYMOUS"/>
<open_file filetype="file" srcfile="C:\Dokumente und Einstellungen\Administrator\Lokale Einstellungen\Temp\1.tmp\Win7 Loader.bat" srcfile_hash="hash_error" creationdistribution="OPEN_EXISTING" desiredaccess="FILE_ANY_ACCESS" shareaccess="FILE_SHARE_READ FILE_SHARE_WRITE" flags="FILE_ATTRIBUTE_NORMAL SECURITY_ANONYMOUS"/>
<find_file filetype="file" srcfile="c:\ECHO..&#x2A;" srcfile_hash="hash_error" desiredaccess="FILE_ANY_ACCESS" flags="SECURITY_ANONYMOUS"/>
<find_file filetype="file" srcfile="c:\ECHO." srcfile_hash="hash_error" desiredaccess="FILE_ANY_ACCESS" flags="SECURITY_ANONYMOUS"/>
<find_file filetype="file" srcfile="C:\WINDOWS\system32\ECHO..&#x2A;" srcfile_hash="hash_error" desiredaccess="FILE_ANY_ACCESS" flags="SECURITY_ANONYMOUS"/>
<find_file filetype="file" srcfile="C:\WINDOWS\system32\ECHO." srcfile_hash="hash_error" desiredaccess="FILE_ANY_ACCESS" flags="SECURITY_ANONYMOUS"/>
<find_file filetype="file" srcfile="C:\WINDOWS\ECHO..&#x2A;" srcfile_hash="hash_error" desiredaccess="FILE_ANY_ACCESS" flags="SECURITY_ANONYMOUS"/>
<find_file filetype="file" srcfile="C:\WINDOWS\ECHO." srcfile_hash="hash_error" desiredaccess="FILE_ANY_ACCESS" flags="SECURITY_ANONYMOUS"/>
<find_file filetype="file" srcfile="C:\WINDOWS\System32\Wbem\ECHO..&#x2A;" srcfile_hash="hash_error" desiredaccess="FILE_ANY_ACCESS" flags="SECURITY_ANONYMOUS"/>
<find_file filetype="file" srcfile="C:\WINDOWS\System32\Wbem\ECHO." srcfile_hash="hash_error" desiredaccess="FILE_ANY_ACCESS" flags="SECURITY_ANONYMOUS"/>
<find_file filetype="file" srcfile="C:\Programme\Intel\DMIX\ECHO..&#x2A;" srcfile_hash="hash_error" desiredaccess="FILE_ANY_ACCESS" flags="SECURITY_ANONYMOUS"/>
<get_file_attributes filetype="file" srcfile="ECHO." srcfile_hash="hash_error" desiredaccess="FILE_ANY_ACCESS" flags="SECURITY_ANONYMOUS"/>
<open_file filetype="file" srcfile="C:\Dokumente und Einstellungen\Administrator\Lokale Einstellungen\Temp\1.tmp\Win7 Loader.bat" srcfile_hash="hash_error" creationdistribution="OPEN_EXISTING" desiredaccess="FILE_ANY_ACCESS" shareaccess="FILE_SHARE_READ FILE_SHARE_WRITE" flags="FILE_ATTRIBUTE_NORMAL SECURITY_ANONYMOUS"/>
<find_file filetype="file" srcfile="c:\ECHO..&#x2A;" srcfile_hash="hash_error" desiredaccess="FILE_ANY_ACCESS" flags="SECURITY_ANONYMOUS"/>
<find_file filetype="file" srcfile="c:\ECHO." srcfile_hash="hash_error" desiredaccess="FILE_ANY_ACCESS" flags="SECURITY_ANONYMOUS"/>
<find_file filetype="file" srcfile="C:\WINDOWS\system32\ECHO..&#x2A;" srcfile_hash="hash_error" desiredaccess="FILE_ANY_ACCESS" flags="SECURITY_ANONYMOUS"/>
<find_file filetype="file" srcfile="C:\WINDOWS\system32\ECHO." srcfile_hash="hash_error" desiredaccess="FILE_ANY_ACCESS" flags="SECURITY_ANONYMOUS"/>
<find_file filetype="file" srcfile="C:\WINDOWS\ECHO..&#x2A;" srcfile_hash="hash_error" desiredaccess="FILE_ANY_ACCESS" flags="SECURITY_ANONYMOUS"/>
<find_file filetype="file" srcfile="C:\WINDOWS\ECHO." srcfile_hash="hash_error" desiredaccess="FILE_ANY_ACCESS" flags="SECURITY_ANONYMOUS"/>
<find_file filetype="file" srcfile="C:\WINDOWS\System32\Wbem\ECHO..&#x2A;" srcfile_hash="hash_error" desiredaccess="FILE_ANY_ACCESS" flags="SECURITY_ANONYMOUS"/>
<find_file filetype="file" srcfile="C:\WINDOWS\System32\Wbem\ECHO." srcfile_hash="hash_error" desiredaccess="FILE_ANY_ACCESS" flags="SECURITY_ANONYMOUS"/>
<find_file filetype="file" srcfile="C:\Programme\Intel\DMIX\ECHO..&#x2A;" srcfile_hash="hash_error" desiredaccess="FILE_ANY_ACCESS" flags="SECURITY_ANONYMOUS"/>
<get_file_attributes filetype="file" srcfile="ECHO." srcfile_hash="hash_error" desiredaccess="FILE_ANY_ACCESS" flags="SECURITY_ANONYMOUS"/>
<open_file filetype="file" srcfile="C:\Dokumente und Einstellungen\Administrator\Lokale Einstellungen\Temp\1.tmp\Win7 Loader.bat" srcfile_hash="hash_error" creationdistribution="OPEN_EXISTING" desiredaccess="FILE_ANY_ACCESS" shareaccess="FILE_SHARE_READ FILE_SHARE_WRITE" flags="FILE_ATTRIBUTE_NORMAL SECURITY_ANONYMOUS"/>
<find_file filetype="file" srcfile="c:\ECHO..&#x2A;" srcfile_hash="hash_error" desiredaccess="FILE_ANY_ACCESS" flags="SECURITY_ANONYMOUS"/>
<find_file filetype="file" srcfile="c:\ECHO." srcfile_hash="hash_error" desiredaccess="FILE_ANY_ACCESS" flags="SECURITY_ANONYMOUS"/>
<find_file filetype="file" srcfile="C:\WINDOWS\system32\ECHO..&#x2A;" srcfile_hash="hash_error" desiredaccess="FILE_ANY_ACCESS" flags="SECURITY_ANONYMOUS"/>
<find_file filetype="file" srcfile="C:\WINDOWS\system32\ECHO." srcfile_hash="hash_error" desiredaccess="FILE_ANY_ACCESS" flags="SECURITY_ANONYMOUS"/>
<find_file filetype="file" srcfile="C:\WINDOWS\ECHO..&#x2A;" srcfile_hash="hash_error" desiredaccess="FILE_ANY_ACCESS" flags="SECURITY_ANONYMOUS"/>
<find_file filetype="file" srcfile="C:\WINDOWS\ECHO." srcfile_hash="hash_error" desiredaccess="FILE_ANY_ACCESS" flags="SECURITY_ANONYMOUS"/>
<find_file filetype="file" srcfile="C:\WINDOWS\System32\Wbem\ECHO..&#x2A;" srcfile_hash="hash_error" desiredaccess="FILE_ANY_ACCESS" flags="SECURITY_ANONYMOUS"/>
<find_file filetype="file" srcfile="C:\WINDOWS\System32\Wbem\ECHO." srcfile_hash="hash_error" desiredaccess="FILE_ANY_ACCESS" flags="SECURITY_ANONYMOUS"/>
<find_file filetype="file" srcfile="C:\Programme\Intel\DMIX\ECHO..&#x2A;" srcfile_hash="hash_error" desiredaccess="FILE_ANY_ACCESS" flags="SECURITY_ANONYMOUS"/>
<get_file_attributes filetype="file" srcfile="ECHO." srcfile_hash="hash_error" desiredaccess="FILE_ANY_ACCESS" flags="SECURITY_ANONYMOUS"/>
<open_file filetype="file" srcfile="C:\Dokumente und Einstellungen\Administrator\Lokale Einstellungen\Temp\1.tmp\Win7 Loader.bat" srcfile_hash="hash_error" creationdistribution="OPEN_EXISTING" desiredaccess="FILE_ANY_ACCESS" shareaccess="FILE_SHARE_READ FILE_SHARE_WRITE" flags="FILE_ATTRIBUTE_NORMAL SECURITY_ANONYMOUS"/>
<find_file filetype="file" srcfile="c:\ECHO..&#x2A;" srcfile_hash="hash_error" desiredaccess="FILE_ANY_ACCESS" flags="SECURITY_ANONYMOUS"/>
<find_file filetype="file" srcfile="c:\ECHO." srcfile_hash="hash_error" desiredaccess="FILE_ANY_ACCESS" flags="SECURITY_ANONYMOUS"/>
<find_file filetype="file" srcfile="C:\WINDOWS\system32\ECHO..&#x2A;" srcfile_hash="hash_error" desiredaccess="FILE_ANY_ACCESS" flags="SECURITY_ANONYMOUS"/>
<find_file filetype="file" srcfile="C:\WINDOWS\system32\ECHO." srcfile_hash="hash_error" desiredaccess="FILE_ANY_ACCESS" flags="SECURITY_ANONYMOUS"/>
<find_file filetype="file" srcfile="C:\WINDOWS\ECHO..&#x2A;" srcfile_hash="hash_error" desiredaccess="FILE_ANY_ACCESS" flags="SECURITY_ANONYMOUS"/>
<find_file filetype="file" srcfile="C:\WINDOWS\ECHO." srcfile_hash="hash_error" desiredaccess="FILE_ANY_ACCESS" flags="SECURITY_ANONYMOUS"/>
<find_file filetype="file" srcfile="C:\WINDOWS\System32\Wbem\ECHO..&#x2A;" srcfile_hash="hash_error" desiredaccess="FILE_ANY_ACCESS" flags="SECURITY_ANONYMOUS"/>
<find_file filetype="file" srcfile="C:\WINDOWS\System32\Wbem\ECHO." srcfile_hash="hash_error" desiredaccess="FILE_ANY_ACCESS" flags="SECURITY_ANONYMOUS"/>
<find_file filetype="file" srcfile="C:\Programme\Intel\DMIX\ECHO..&#x2A;" srcfile_hash="hash_error" desiredaccess="FILE_ANY_ACCESS" flags="SECURITY_ANONYMOUS"/>
<get_file_attributes filetype="file" srcfile="ECHO." srcfile_hash="hash_error" desiredaccess="FILE_ANY_ACCESS" flags="SECURITY_ANONYMOUS"/>
<open_file filetype="file" srcfile="C:\Dokumente und Einstellungen\Administrator\Lokale Einstellungen\Temp\1.tmp\Win7 Loader.bat" srcfile_hash="hash_error" creationdistribution="OPEN_EXISTING" desiredaccess="FILE_ANY_ACCESS" shareaccess="FILE_SHARE_READ FILE_SHARE_WRITE" flags="FILE_ATTRIBUTE_NORMAL SECURITY_ANONYMOUS"/>
<find_file filetype="file" srcfile="c:\Set\p.&#x2A;" srcfile_hash="hash_error" desiredaccess="FILE_ANY_ACCESS" flags="SECURITY_ANONYMOUS"/>
</all_section>
</thread>
</process>
</processes>
