<?xml version="1.0"?>
<processes>
<process index="1" pid="3600" filename="c:\0be94a09a3b90bf254490c6d125775a7.EX" filename_hash="hash_error" filesize="32768" md5="0be94a09a3b90bf254490c6d125775a7" sha1="177dc71c17f703704d1c98f89b304fd24720fa22" username="Administrator" parentindex="0" starttime="00:00.188" terminationtime="00:05.625" startreason="AnalysisTarget" terminationreason="NormalTermination" executionstatus="OK" applicationtype="Win32Application">
<thread tid="3604">
<all_section>
<load_image filename="c:\0be94a09a3b90bf254490c6d125775a7.EX" successful="1" address="&#x24;400000" end_address="&#x24;406000" size="24576" filename_hash="hash_error"/>
<load_dll filename="C:\WINDOWS\system32\ntdll.dll" successful="1" address="&#x24;7C910000" end_address="&#x24;7C9C9000" size="757760" filename_hash="e753d19a2e3b98b2b3b8f02f276092096d10f22d"/>
<load_dll filename="C:\WINDOWS\system32\kernel32.dll" successful="1" address="&#x24;7C800000" end_address="&#x24;7C908000" size="1081344" filename_hash="c88d57cc99f75cd928b47b6e444231f26670138f"/>
<load_dll filename="C:\WINDOWS\system32\MSVBVM60.DLL" successful="1" address="&#x24;73390000" end_address="&#x24;734E3000" size="1388544" filename_hash="fff0905159ebf37319bb4cd276db1fb4fcd44db1"/>
<load_dll filename="C:\WINDOWS\system32\USER32.dll" successful="1" address="&#x24;7E360000" end_address="&#x24;7E3F1000" size="593920" filename_hash="08fe9ff1fe9b8fd237adedb10d65fb0447b91fe5"/>
<load_dll filename="C:\WINDOWS\system32\GDI32.dll" successful="1" address="&#x24;77EF0000" end_address="&#x24;77F39000" size="299008" filename_hash="0f37018f672c7635691f7317ade3c5a63904ec96"/>
<load_dll filename="C:\WINDOWS\system32\ADVAPI32.dll" successful="1" address="&#x24;77DA0000" end_address="&#x24;77E4A000" size="696320" filename_hash="ea2e9bac1789b53d7efcd675a63f4a2b44898439"/>
<load_dll filename="C:\WINDOWS\system32\RPCRT4.dll" successful="1" address="&#x24;77E50000" end_address="&#x24;77EE2000" size="598016" filename_hash="f3bb6474ec18ee9cccc02ef44510a78b42058a41"/>
<load_dll filename="C:\WINDOWS\system32\Secur32.dll" successful="1" address="&#x24;77FC0000" end_address="&#x24;77FD1000" size="69632" filename_hash="31166d1e35a911a082149f5efac2dac228109615"/>
<load_dll filename="C:\WINDOWS\system32\ole32.dll" successful="1" address="&#x24;774B0000" end_address="&#x24;775ED000" size="1298432" filename_hash="c7753525d5276ab92a01a8a3c39cfb5269da7f98"/>
<load_dll filename="C:\WINDOWS\system32\msvcrt.dll" successful="1" address="&#x24;77BE0000" end_address="&#x24;77C38000" size="360448" filename_hash="70d5f97088cc9348bb9d10098af0738a696b96de"/>
<load_dll filename="C:\WINDOWS\system32\OLEAUT32.dll" successful="1" address="&#x24;770F0000" end_address="&#x24;7717B000" size="569344" filename_hash="3168a173d177f470928b468db777640861dcb32e"/>
<load_dll filename="C:\WINDOWS\system32\IMM32.DLL" successful="1" address="&#x24;76330000" end_address="&#x24;7634D000" size="118784" filename_hash="f9be7678080084bc3cb48d0cb64bba9ba98800f1"/>
<load_dll filename="C:\WINDOWS\system32\pstorec.dll" successful="1" address="&#x24;5E490000" end_address="&#x24;5E49D000" size="53248" filename_hash="8ae378a352c4a13516bf1fe5a8615d8893d2ff2d"/>
<load_dll filename="C:\WINDOWS\system32\ATL.DLL" successful="1" address="&#x24;76AD0000" end_address="&#x24;76AE1000" size="69632" filename_hash="59cb82f432d529da3e81b030b2365c22a95fd35a"/>
<load_dll filename="C:\WINDOWS\system32\VB6DE.DLL" successful="0" filename_hash="hash_error"/>
<load_dll filename="C:\WINDOWS\system32\VB6ES.DLL" successful="0" filename_hash="hash_error"/>
<check_for_debugger apifunction="IsDebuggerPresent"/>
<load_dll filename="C:\WINDOWS\system32\uxtheme.dll" successful="1" address="&#x24;5B0F0000" end_address="&#x24;5B128000" size="229376" filename_hash="16c4d24a172bfbc67f488d6b4086b9e10f8eaf4b"/>
<get_system_directory/>
<open_key key="HKEY_LOCAL_MACHINE\SOFTWARE\Microsoft\CTF\Compatibility\0be94a09a3b90bf254490c6d125775a7.EX"/>
<open_key key="HKEY_LOCAL_MACHINE\SOFTWARE\Microsoft\CTF\SystemShared"/>
<query_value key="HKEY_LOCAL_MACHINE\SOFTWARE\Microsoft\CTF\SystemShared" value="CUAS"/>
<create_mutex name="CTF.LBES.MutexDefaultS-1-5-21-583907252-1708537768-842925246-500" owned="0"/>
<create_mutex name="CTF.Compart.MutexDefaultS-1-5-21-583907252-1708537768-842925246-500" owned="0"/>
<create_mutex name="CTF.Asm.MutexDefaultS-1-5-21-583907252-1708537768-842925246-500" owned="0"/>
<create_mutex name="CTF.Layouts.MutexDefaultS-1-5-21-583907252-1708537768-842925246-500" owned="0"/>
<create_mutex name="CTF.TMD.MutexDefaultS-1-5-21-583907252-1708537768-842925246-500" owned="0"/>
<open_key key="HKEY_CURRENT_USER\Keyboard Layout\Toggle"/>
<query_value key="HKEY_CURRENT_USER\Keyboard Layout\Toggle" value="Language Hotkey"/>
<query_value key="HKEY_CURRENT_USER\Keyboard Layout\Toggle" value="Layout Hotkey"/>
<get_system_directory/>
<open_key key="HKEY_LOCAL_MACHINE\SOFTWARE\Microsoft\CTF"/>
<query_value key="HKEY_LOCAL_MACHINE\SOFTWARE\Microsoft\CTF" value="EnableAnchorContext"/>
<create_mutex name="CTF.TimListCache.FMPDefaultS-1-5-21-583907252-1708537768-842925246-500MUTEX.DefaultS-1-5-21-583907252" owned="0"/>
<set_windows_hook hookid="WH_KEYBOARD" threadid="3604" hook_address="&#x24;746B07C3" hook_module="&#x24;746A0000"/>
<set_windows_hook hookid="WH_MOUSE" threadid="3604" hook_address="&#x24;746B04CD" hook_module="&#x24;746A0000"/>
<create_window hwnd="&#x24;00060146" classname="OleMainThreadWndClass" windowname="OleMainThreadWndName" height="0" width="0" top="0" left="0" style="WS_DISABLED WS_OVERLAPPED WS_POPUP WS_TILED" exstyle="WS_EX_LEFT WS_EX_LTRREADING WS_EX_RIGHTSCROLLBAR"/>
<load_dll filename="C:\WINDOWS\system32\OLEAUT32.dll" successful="1" address="&#x24;770F0000" end_address="&#x24;7717B000" size="569344" filename_hash="3168a173d177f470928b468db777640861dcb32e"/>
<open_key key="HKEY_LOCAL_MACHINE\System\Setup"/>
<load_dll filename="C:\WINDOWS\system32\SXS.DLL" successful="1" address="&#x24;76970000" end_address="&#x24;76A21000" size="724992" filename_hash="c7c0702f8ee09d5d5da9b9a2995e41b15622e619"/>
<open_key key="HKEY_LOCAL_MACHINE\Software\Microsoft\Windows NT\CurrentVersion\IMM"/>
<query_value key="HKEY_LOCAL_MACHINE\SOFTWARE\Microsoft\Windows NT\CurrentVersion\IMM" value="Ime File"/>
<load_dll filename="C:\WINDOWS\system32\version.dll" successful="1" address="&#x24;77BD0000" end_address="&#x24;77BD8000" size="32768" filename_hash="adf263b658136ccb3cde72d0e6dd634c5a5e5143"/>
<get_system_directory/>
<load_dll filename="C:\WINDOWS\system32\msctfime.ime" successful="1" address="&#x24;11A0001" end_address="&#x24;11A0001" size="0" filename_hash="434c43fc87679a37aa054c0c18e190ccb39a4439"/>
<get_system_directory/>
<load_dll filename="C:\WINDOWS\system32\ole32.dll" successful="1" address="&#x24;774B0000" end_address="&#x24;775ED000" size="1298432" filename_hash="c7753525d5276ab92a01a8a3c39cfb5269da7f98"/>
<load_dll filename="C:\WINDOWS\system32\msctfime.ime" successful="1" address="&#x24;75250000" end_address="&#x24;7527E000" size="188416" filename_hash="434c43fc87679a37aa054c0c18e190ccb39a4439"/>
<get_system_directory/>
<create_window hwnd="&#x24;0003014A" classname="IME" windowname="Default IME" height="0" width="0" top="0" left="0" style="WS_DISABLED WS_OVERLAPPED WS_POPUP WS_TILED" exstyle="WS_EX_LEFT WS_EX_LTRREADING WS_EX_RIGHTSCROLLBAR"/>
<open_key key="HKEY_CURRENT_USER\SOFTWARE\Microsoft\CTF"/>
<query_value key="HKEY_CURRENT_USER\Software\Microsoft\CTF" value="Disable Thread Input Manager"/>
<open_key key="HKEY_LOCAL_MACHINE\Software\Microsoft\CTF\SystemShared"/>
<query_value key="HKEY_LOCAL_MACHINE\SOFTWARE\Microsoft\CTF\SystemShared" value="CUAS"/>
<get_system_directory/>
<load_dll filename="C:\WINDOWS\system32\msctfime.ime" successful="1" address="&#x24;75250000" end_address="&#x24;7527E000" size="188416" filename_hash="434c43fc87679a37aa054c0c18e190ccb39a4439"/>
<create_window hwnd="&#x24;00030148" classname="ThunderRT6Main" height="0" width="0" top="0" left="0" style="WS_MAXIMIZEBOX WS_OVERLAPPED WS_POPUP WS_SYSMENU WS_TABSTOP WS_TILED" exstyle="WS_EX_LEFT WS_EX_LTRREADING WS_EX_RIGHTSCROLLBAR WS_EX_TOOLWINDOW"/>
<show_window hwnd="&#x24;00030148"/>
<open_key key="HKEY_LOCAL_MACHINE\SOFTWARE\Microsoft\VBA\Monitors"/>
<set_windows_hook hookid="WH_MSGFILTER" threadid="3604" hook_address="&#x24;733F1C8C" hook_module="&#x24;00000000"/>
<create_window hwnd="&#x24;0003014C" classname="VBMsoStdCompMgr" height="0" width="0" top="0" left="0" style="WS_OVERLAPPED WS_POPUP WS_TILED" exstyle="WS_EX_LEFT WS_EX_LTRREADING WS_EX_RIGHTSCROLLBAR"/>
<open_key key="HKEY_LOCAL_MACHINE\SOFTWARE\Microsoft\VBA\Monitors"/>
<load_dll filename="C:\WINDOWS\system32\VB6ES.DLL" successful="0" filename_hash="hash_error"/>
<create_window hwnd="&#x24;00030150" classname="ThunderRT6FormDC" windowname="parche facturas" height="247" width="320" top="232" left="176" style="WS_BORDER WS_CAPTION WS_CLIPCHILDREN WS_DLGFRAME WS_GROUP WS_MAXIMIZEBOX WS_MINIMIZEBOX WS_OVERLAPPED WS_OVERLAPPEDWINDOW WS_SIZEBOX WS_SYSMENU WS_TABSTOP WS_THICKFRAME WS_TILED WS_TILEDWINDOW" exstyle="WS_EX_APPWINDOW WS_EX_LEFT WS_EX_LTRREADING WS_EX_RIGHTSCROLLBAR WS_EX_WINDOWEDGE"/>
<open_key key="HKEY_CURRENT_USER\Software\VB and VBA Program Settings\GESTION V.4\Instalacion"/>
<open_key key="HKEY_CURRENT_USER\Software\VB and VBA Program Settings\GESTION V.4\empresas"/>
<com_get_class_object inprocserver32="C:\Program Files\Common Files\System\ado\msado15.dll" progid="ADODB.Connection.2.8" clsid="&#x7B;00000514-0000-0010-8000-00AA006D2EA4&#x7D;" interfaceid="&#x7B;00000001-0000-0000-C000-000000000046&#x7D;"/>
<get_system_directory/>
<get_file_attributes filetype="file" srcfile="C:\WINDOWS\Registration" srcfile_hash="hash_error" desiredaccess="FILE_ANY_ACCESS" flags="SECURITY_ANONYMOUS"/>
<open_file filetype="file" srcfile="C:\WINDOWS\Registration\R000000000007.clb" srcfile_hash="99fde804817f1de99c87653fda604fc37510f3da" creationdistribution="OPEN_EXISTING" desiredaccess="FILE_ANY_ACCESS" shareaccess="FILE_SHARE_READ" flags="SECURITY_ANONYMOUS"/>
<load_dll filename="C:\WINDOWS\system32\IMM32.DLL" successful="1" address="&#x24;76330000" end_address="&#x24;7634D000" size="118784" filename_hash="f9be7678080084bc3cb48d0cb64bba9ba98800f1"/>
<vm_protect targetpid="3600" wantedaddress="&#x24;7E765D48" address="&#x24;7E765000" wantedsize="8" size="4096" protect="PAGE_EXECUTE_READWRITE" behavior="Normal"/>
<vm_protect targetpid="3600" wantedaddress="&#x24;7E765D48" address="&#x24;7E765000" wantedsize="8" size="4096" protect="PAGE_EXECUTE_READ" behavior="Normal"/>
<vm_protect targetpid="3600" wantedaddress="&#x24;7E6B996B" address="&#x24;7E6B9000" wantedsize="8" size="4096" protect="PAGE_EXECUTE_READWRITE" behavior="Normal"/>
<vm_protect targetpid="3600" wantedaddress="&#x24;7E6B996B" address="&#x24;7E6B9000" wantedsize="8" size="4096" protect="PAGE_EXECUTE_READ" behavior="Normal"/>
<vm_protect targetpid="3600" wantedaddress="&#x24;7E6F0EB5" address="&#x24;7E6F0000" wantedsize="8" size="4096" protect="PAGE_EXECUTE_READWRITE" behavior="Normal"/>
<vm_protect targetpid="3600" wantedaddress="&#x24;7E6F0EB5" address="&#x24;7E6F0000" wantedsize="8" size="4096" protect="PAGE_EXECUTE_READ" behavior="Normal"/>
<vm_protect targetpid="3600" wantedaddress="&#x24;7E77410F" address="&#x24;7E774000" wantedsize="8" size="4096" protect="PAGE_EXECUTE_READWRITE" behavior="Normal"/>
<vm_protect targetpid="3600" wantedaddress="&#x24;7E77410F" address="&#x24;7E774000" wantedsize="8" size="4096" protect="PAGE_EXECUTE_READ" behavior="Normal"/>
<vm_protect targetpid="3600" wantedaddress="&#x24;7E6F11E0" address="&#x24;7E6F1000" wantedsize="8" size="4096" protect="PAGE_EXECUTE_READWRITE" behavior="Normal"/>
<vm_protect targetpid="3600" wantedaddress="&#x24;7E6F11E0" address="&#x24;7E6F1000" wantedsize="8" size="4096" protect="PAGE_EXECUTE_READ" behavior="Normal"/>
<open_key key="HKEY_LOCAL_MACHINE\SOFTWARE\Microsoft\BidInterface\Loader"/>
<open_key key="HKEY_LOCAL_MACHINE\SOFTWARE\Microsoft\DataAccess"/>
<query_value key="HKEY_LOCAL_MACHINE\SOFTWARE\Microsoft\DataAccess" value="UseMPHeap"/>
<query_value key="HKEY_LOCAL_MACHINE\SOFTWARE\Microsoft\DataAccess" value="NumberOfHeaps"/>
<query_value key="HKEY_LOCAL_MACHINE\SOFTWARE\Microsoft\DataAccess" value="DepOfLookAsideBuf"/>
<query_value key="HKEY_LOCAL_MACHINE\SOFTWARE\Microsoft\DataAccess" value="NumberOfCsPools"/>
<open_key key="HKEY_LOCAL_MACHINE\SOFTWARE"/>
<open_key key="HKEY_LOCAL_MACHINE\SOFTWARE\Microsoft\DataAccess"/>
<query_value key="HKEY_LOCAL_MACHINE\SOFTWARE\Microsoft\DataAccess" value="FXMemEnabled"/>
<load_dll filename="C:\WINDOWS\system32\MSDART.DLL" successful="1" address="&#x24;766E0000" end_address="&#x24;76705000" size="151552" filename_hash="6edbdf77f982bf3fc0ae497b7aff9d7636af8cd0"/>
<com_create_instance clsid="&#x7B;6C736DB1-BD94-11D0-8A23-00AA00B58E10&#x7D;" interfaceid="&#x7B;6C736DC1-AB0D-11D0-A2AD-00A0C90F27E8&#x7D;"/>
<open_file filetype="namedpipe" srcfile="\\.\PIPE\lsarpc" creationdistribution="OPEN_EXISTING" desiredaccess="FILE_ANY_ACCESS" shareaccess="FILE_SHARE_READ FILE_SHARE_WRITE" flags="SECURITY_ANONYMOUS"/>
<get_computer_name/>
<create_thread targetpid="3600" threadid="3636" address="&#x24;77E56C7D" parameteraddress="&#x24;001539F8"/>
<load_dll filename="C:\WINDOWS\system32\ole32.dll" successful="1" address="&#x24;774B0000" end_address="&#x24;775ED000" size="1298432" filename_hash="c7753525d5276ab92a01a8a3c39cfb5269da7f98"/>
<create_thread targetpid="3600" threadid="3640" address="&#x24;774CE43B" parameteraddress="&#x24;001619C8"/>
<com_create_instance inprocserver32="C:\Program Files\Common Files\System\Ole DB\oledb32.dll" progid="MSDASC.MSDAINITIALIZE.1" clsid="&#x7B;2206CDB0-19C1-11D1-89E0-00C04FD7A829&#x7D;" interfaceid="&#x7B;2206CCB1-19C1-11D1-89E0-00C04FD7A829&#x7D;"/>
<load_dll filename="C:\WINDOWS\system32\MSDART.DLL" successful="1" address="&#x24;766E0000" end_address="&#x24;76705000" size="151552" filename_hash="6edbdf77f982bf3fc0ae497b7aff9d7636af8cd0"/>
<open_key key="HKEY_LOCAL_MACHINE\SOFTWARE\Microsoft\DataAccess\Udl Pooling"/>
<open_key key="HKEY_LOCAL_MACHINE\SOFTWARE\Microsoft\DataAccess\Session Pooling"/>
<load_dll filename="C:\Programme\Gemeinsame Dateien\System\Ole DB\OLEDB32R.DLL" successful="1" address="&#x24;75150000" end_address="&#x24;75163000" size="77824" filename_hash="hash_error"/>
<com_get_class_object inprocserver32="C:\Program Files\Common Files\System\Ole DB\msdasql.dll" progid="MSDASQL.1" clsid="&#x7B;C8B522CB-5CF3-11CE-ADE5-00AA0044773D&#x7D;" interfaceid="&#x7B;00000001-0000-0000-C000-000000000046&#x7D;"/>
<open_key key="HKEY_LOCAL_MACHINE\SOFTWARE"/>
<open_key key="HKEY_LOCAL_MACHINE\SOFTWARE\Microsoft\MDAC"/>
<load_dll filename="C:\WINDOWS\system32\odbcint.dll" successful="1" address="&#x24;1F840000" end_address="&#x24;1F859000" size="102400" filename_hash="9cf815158ff84a7153ed6140e37cf42c906a0de0"/>
<open_key key="HKEY_CLASSES_ROOT\CLSID\&#x7B;c8b522cb-5cf3-11ce-ade5-00aa0044773d&#x7D;\Flags"/>
<open_key key="HKEY_LOCAL_MACHINE\SOFTWARE"/>
<load_dll filename="C:\Programme\Gemeinsame Dateien\System\Ole DB\Resources\1031\MSDASQLR.DLL" successful="0" filename_hash="hash_error"/>
<load_dll filename="C:\Programme\Gemeinsame Dateien\System\Ole DB\MSDASQLR.DLL" successful="1" address="&#x24;1F700000" end_address="&#x24;1F704000" size="16384" filename_hash="hash_error"/>
<load_dll filename="C:\WINDOWS\system32\ODBC32.dll" successful="1" address="&#x24;745D0000" end_address="&#x24;7460D000" size="249856" filename_hash="a98e4be7f72f32b0ce5da60e59d2f6256d78bf04"/>
<com_create_instance inprocserver32="C:\Program Files\Common Files\System\Ole DB\oledb32.dll" progid="MSDADC.1" clsid="&#x7B;C8B522D1-5CF3-11CE-ADE5-00AA0044773D&#x7D;" interfaceid="&#x7B;0C733A8D-2A1C-11CE-ADE5-00AA0044773D&#x7D;"/>
<com_get_class_object inprocserver32="C:\Program Files\Common Files\System\Ole DB\oledb32.dll" progid="MSDAER.1" clsid="&#x7B;C8B522CF-5CF3-11CE-ADE5-00AA0044773D&#x7D;" interfaceid="&#x7B;00000001-0000-0000-C000-000000000046&#x7D;"/>
<open_key key="HKEY_CLASSES_ROOT\CLSID"/>
<open_key key="HKEY_CURRENT_USER\CLSID\&#x7B;C8B522CB-5CF3-11CE-ADE5-00AA0044773D&#x7D;"/>
<query_value key="HKEY_LOCAL_MACHINE\SOFTWARE\Classes\CLSID\&#x7B;c8b522cb-5cf3-11ce-ade5-00aa0044773d&#x7D;" value="OLEDB_SERVICES"/>
<query_value key="HKEY_LOCAL_MACHINE\SOFTWARE\Classes\CLSID\&#x7B;c8b522cb-5cf3-11ce-ade5-00aa0044773d&#x7D;" value="SPTimeOut"/>
<load_dll filename="C:\WINDOWS\system32\kernel32.dll" successful="1" address="&#x24;7C800000" end_address="&#x24;7C908000" size="1081344" filename_hash="c88d57cc99f75cd928b47b6e444231f26670138f"/>
<load_dll filename="C:\WINDOWS\system32\MSWSTR10.DLL" successful="1" address="&#x24;1B5D0000" end_address="&#x24;1B665000" size="610304" filename_hash="1fb815e1258d808411c5874af0c6c7cc5fc6c7c3"/>
<com_create_instance inprocserver32="C:\WINDOWS\system32\comsvcs.dll" progid="COMSVCS.DispenserManager" clsid="&#x7B;ECABB0C0-7F19-11D2-978E-0000F8757E2A&#x7D;" interfaceid="&#x7B;5CB31E10-2B5F-11CF-BE10-00AA00A2FA25&#x7D;"/>
<open_key key="HKEY_LOCAL_MACHINE\Software\Microsoft\COM3\Debug"/>
<get_computer_name/>
<vm_protect targetpid="3600" wantedaddress="&#x24;71A12F51" address="&#x24;71A12000" wantedsize="8" size="4096" protect="PAGE_EXECUTE_READWRITE" behavior="Normal"/>
<vm_protect targetpid="3600" wantedaddress="&#x24;71A12F51" address="&#x24;71A12000" wantedsize="8" size="4096" protect="PAGE_EXECUTE_READ" behavior="Normal"/>
<vm_protect targetpid="3600" wantedaddress="&#x24;71A20AAD" address="&#x24;71A20000" wantedsize="8" size="4096" protect="PAGE_EXECUTE_READWRITE" behavior="Normal"/>
<vm_protect targetpid="3600" wantedaddress="&#x24;71A20AAD" address="&#x24;71A20000" wantedsize="8" size="4096" protect="PAGE_EXECUTE_READ" behavior="Normal"/>
<vm_protect targetpid="3600" wantedaddress="&#x24;71A15355" address="&#x24;71A15000" wantedsize="8" size="4096" protect="PAGE_EXECUTE_READWRITE" behavior="Normal"/>
<vm_protect targetpid="3600" wantedaddress="&#x24;71A15355" address="&#x24;71A15000" wantedsize="8" size="4096" protect="PAGE_EXECUTE_READ" behavior="Normal"/>
<vm_protect targetpid="3600" wantedaddress="&#x24;71A1E491" address="&#x24;71A1E000" wantedsize="8" size="4096" protect="PAGE_EXECUTE_READWRITE" behavior="Normal"/>
<vm_protect targetpid="3600" wantedaddress="&#x24;71A1E491" address="&#x24;71A1E000" wantedsize="8" size="4096" protect="PAGE_EXECUTE_READ" behavior="Normal"/>
<vm_protect targetpid="3600" wantedaddress="&#x24;71A1EA43" address="&#x24;71A1E000" wantedsize="8" size="4096" protect="PAGE_EXECUTE_READWRITE" behavior="Normal"/>
<vm_protect targetpid="3600" wantedaddress="&#x24;71A1EA43" address="&#x24;71A1E000" wantedsize="8" size="4096" protect="PAGE_EXECUTE_READ" behavior="Normal"/>
<vm_protect targetpid="3600" wantedaddress="&#x24;71A12899" address="&#x24;71A12000" wantedsize="8" size="4096" protect="PAGE_EXECUTE_READWRITE" behavior="Normal"/>
<vm_protect targetpid="3600" wantedaddress="&#x24;71A12899" address="&#x24;71A12000" wantedsize="8" size="4096" protect="PAGE_EXECUTE_READ" behavior="Normal"/>
<vm_protect targetpid="3600" wantedaddress="&#x24;5980808D" address="&#x24;59808000" wantedsize="8" size="4096" protect="PAGE_EXECUTE_READWRITE" behavior="Normal"/>
<vm_protect targetpid="3600" wantedaddress="&#x24;5980808D" address="&#x24;59808000" wantedsize="8" size="4096" protect="PAGE_EXECUTE_READ" behavior="Normal"/>
<vm_protect targetpid="3600" wantedaddress="&#x24;59804604" address="&#x24;59804000" wantedsize="8" size="4096" protect="PAGE_EXECUTE_READWRITE" behavior="Normal"/>
<vm_protect targetpid="3600" wantedaddress="&#x24;59804604" address="&#x24;59804000" wantedsize="8" size="4096" protect="PAGE_EXECUTE_READ" behavior="Normal"/>
<vm_protect targetpid="3600" wantedaddress="&#x24;598049E5" address="&#x24;59804000" wantedsize="8" size="4096" protect="PAGE_EXECUTE_READWRITE" behavior="Normal"/>
<vm_protect targetpid="3600" wantedaddress="&#x24;598049E5" address="&#x24;59804000" wantedsize="8" size="4096" protect="PAGE_EXECUTE_READ" behavior="Normal"/>
<vm_protect targetpid="3600" wantedaddress="&#x24;59804808" address="&#x24;59804000" wantedsize="8" size="4096" protect="PAGE_EXECUTE_READWRITE" behavior="Normal"/>
<vm_protect targetpid="3600" wantedaddress="&#x24;59804808" address="&#x24;59804000" wantedsize="8" size="4096" protect="PAGE_EXECUTE_READ" behavior="Normal"/>
<vm_protect targetpid="3600" wantedaddress="&#x24;597DACC9" address="&#x24;597DA000" wantedsize="8" size="4096" protect="PAGE_EXECUTE_READWRITE" behavior="Normal"/>
<vm_protect targetpid="3600" wantedaddress="&#x24;597DACC9" address="&#x24;597DA000" wantedsize="8" size="4096" protect="PAGE_EXECUTE_READ" behavior="Normal"/>
<vm_protect targetpid="3600" wantedaddress="&#x24;597E0F78" address="&#x24;597E0000" wantedsize="8" size="4096" protect="PAGE_EXECUTE_READWRITE" behavior="Normal"/>
<vm_protect targetpid="3600" wantedaddress="&#x24;597E0F78" address="&#x24;597E0000" wantedsize="8" size="4096" protect="PAGE_EXECUTE_READ" behavior="Normal"/>
<vm_protect targetpid="3600" wantedaddress="&#x24;597D9115" address="&#x24;597D9000" wantedsize="8" size="4096" protect="PAGE_EXECUTE_READWRITE" behavior="Normal"/>
<vm_protect targetpid="3600" wantedaddress="&#x24;597D9115" address="&#x24;597D9000" wantedsize="8" size="4096" protect="PAGE_EXECUTE_READ" behavior="Normal"/>
<vm_protect targetpid="3600" wantedaddress="&#x24;59813AE9" address="&#x24;59813000" wantedsize="8" size="4096" protect="PAGE_EXECUTE_READWRITE" behavior="Normal"/>
<vm_protect targetpid="3600" wantedaddress="&#x24;59813AE9" address="&#x24;59813000" wantedsize="8" size="4096" protect="PAGE_EXECUTE_READ" behavior="Normal"/>
<vm_protect targetpid="3600" wantedaddress="&#x24;597E1048" address="&#x24;597E1000" wantedsize="8" size="4096" protect="PAGE_EXECUTE_READWRITE" behavior="Normal"/>
<vm_protect targetpid="3600" wantedaddress="&#x24;597E1048" address="&#x24;597E1000" wantedsize="8" size="4096" protect="PAGE_EXECUTE_READ" behavior="Normal"/>
<vm_protect targetpid="3600" wantedaddress="&#x24;59813A01" address="&#x24;59813000" wantedsize="8" size="4096" protect="PAGE_EXECUTE_READWRITE" behavior="Normal"/>
<vm_protect targetpid="3600" wantedaddress="&#x24;59813A01" address="&#x24;59813000" wantedsize="8" size="4096" protect="PAGE_EXECUTE_READ" behavior="Normal"/>
<vm_protect targetpid="3600" wantedaddress="&#x24;71A16A55" address="&#x24;71A16000" wantedsize="8" size="4096" protect="PAGE_EXECUTE_READWRITE" behavior="Normal"/>
<vm_protect targetpid="3600" wantedaddress="&#x24;71A16A55" address="&#x24;71A16000" wantedsize="8" size="4096" protect="PAGE_EXECUTE_READ" behavior="Normal"/>
<vm_protect targetpid="3600" wantedaddress="&#x24;71A13FED" address="&#x24;71A13000" wantedsize="8" size="4096" protect="PAGE_EXECUTE_READWRITE" behavior="Normal"/>
<vm_protect targetpid="3600" wantedaddress="&#x24;71A13FED" address="&#x24;71A13000" wantedsize="8" size="4096" protect="PAGE_EXECUTE_READ" behavior="Normal"/>
<vm_protect targetpid="3600" wantedaddress="&#x24;71A14211" address="&#x24;71A14000" wantedsize="8" size="4096" protect="PAGE_EXECUTE_READWRITE" behavior="Normal"/>
<vm_protect targetpid="3600" wantedaddress="&#x24;71A14211" address="&#x24;71A14000" wantedsize="8" size="4096" protect="PAGE_EXECUTE_READ" behavior="Normal"/>
<vm_protect targetpid="3600" wantedaddress="&#x24;71A18B6A" address="&#x24;71A18000" wantedsize="8" size="4096" protect="PAGE_EXECUTE_READWRITE" behavior="Normal"/>
<vm_protect targetpid="3600" wantedaddress="&#x24;71A18B6A" address="&#x24;71A18000" wantedsize="8" size="4096" protect="PAGE_EXECUTE_READ" behavior="Normal"/>
<vm_protect targetpid="3600" wantedaddress="&#x24;71A1404E" address="&#x24;71A14000" wantedsize="8" size="4096" protect="PAGE_EXECUTE_READWRITE" behavior="Normal"/>
<vm_protect targetpid="3600" wantedaddress="&#x24;71A1404E" address="&#x24;71A14000" wantedsize="8" size="4096" protect="PAGE_EXECUTE_READ" behavior="Normal"/>
<vm_protect targetpid="3600" wantedaddress="&#x24;71A14480" address="&#x24;71A14000" wantedsize="8" size="4096" protect="PAGE_EXECUTE_READWRITE" behavior="Normal"/>
<vm_protect targetpid="3600" wantedaddress="&#x24;71A14480" address="&#x24;71A14000" wantedsize="8" size="4096" protect="PAGE_EXECUTE_READ" behavior="Normal"/>
<vm_protect targetpid="3600" wantedaddress="&#x24;71A18CD3" address="&#x24;71A18000" wantedsize="8" size="4096" protect="PAGE_EXECUTE_READWRITE" behavior="Normal"/>
<vm_protect targetpid="3600" wantedaddress="&#x24;71A18CD3" address="&#x24;71A18000" wantedsize="8" size="4096" protect="PAGE_EXECUTE_READ" behavior="Normal"/>
<vm_protect targetpid="3600" wantedaddress="&#x24;71A21040" address="&#x24;71A21000" wantedsize="8" size="4096" protect="PAGE_EXECUTE_READWRITE" behavior="Normal"/>
<vm_protect targetpid="3600" wantedaddress="&#x24;71A21040" address="&#x24;71A21000" wantedsize="8" size="4096" protect="PAGE_EXECUTE_READ" behavior="Normal"/>
<vm_protect targetpid="3600" wantedaddress="&#x24;71A20DC1" address="&#x24;71A20000" wantedsize="8" size="4096" protect="PAGE_EXECUTE_READWRITE" behavior="Normal"/>
<vm_protect targetpid="3600" wantedaddress="&#x24;71A20DC1" address="&#x24;71A20000" wantedsize="8" size="4096" protect="PAGE_EXECUTE_READ" behavior="Normal"/>
<vm_protect targetpid="3600" wantedaddress="&#x24;71A14A07" address="&#x24;71A14000" wantedsize="8" size="4096" protect="PAGE_EXECUTE_READWRITE" behavior="Normal"/>
<vm_protect targetpid="3600" wantedaddress="&#x24;71A14A07" address="&#x24;71A14000" wantedsize="8" size="4096" protect="PAGE_EXECUTE_READ" behavior="Normal"/>
<vm_protect targetpid="3600" wantedaddress="&#x24;71A20C81" address="&#x24;71A20000" wantedsize="8" size="4096" protect="PAGE_EXECUTE_READWRITE" behavior="Normal"/>
<vm_protect targetpid="3600" wantedaddress="&#x24;71A20C81" address="&#x24;71A20000" wantedsize="8" size="4096" protect="PAGE_EXECUTE_READ" behavior="Normal"/>
<vm_protect targetpid="3600" wantedaddress="&#x24;71A1676F" address="&#x24;71A16000" wantedsize="8" size="4096" protect="PAGE_EXECUTE_READWRITE" behavior="Normal"/>
<vm_protect targetpid="3600" wantedaddress="&#x24;71A1676F" address="&#x24;71A16000" wantedsize="8" size="4096" protect="PAGE_EXECUTE_READ" behavior="Normal"/>
<vm_protect targetpid="3600" wantedaddress="&#x24;71A14CB5" address="&#x24;71A14000" wantedsize="8" size="4096" protect="PAGE_EXECUTE_READWRITE" behavior="Normal"/>
<vm_protect targetpid="3600" wantedaddress="&#x24;71A14CB5" address="&#x24;71A14000" wantedsize="8" size="4096" protect="PAGE_EXECUTE_READ" behavior="Normal"/>
<vm_protect targetpid="3600" wantedaddress="&#x24;71A12FF7" address="&#x24;71A12000" wantedsize="8" size="4096" protect="PAGE_EXECUTE_READWRITE" behavior="Normal"/>
<vm_protect targetpid="3600" wantedaddress="&#x24;71A12FF7" address="&#x24;71A12000" wantedsize="8" size="4096" protect="PAGE_EXECUTE_READ" behavior="Normal"/>
<vm_protect targetpid="3600" wantedaddress="&#x24;71A1F66A" address="&#x24;71A1F000" wantedsize="8" size="4096" protect="PAGE_EXECUTE_READWRITE" behavior="Normal"/>
<vm_protect targetpid="3600" wantedaddress="&#x24;71A1F66A" address="&#x24;71A1F000" wantedsize="8" size="4096" protect="PAGE_EXECUTE_READ" behavior="Normal"/>
<vm_protect targetpid="3600" wantedaddress="&#x24;71A14C27" address="&#x24;71A14000" wantedsize="8" size="4096" protect="PAGE_EXECUTE_READWRITE" behavior="Normal"/>
<vm_protect targetpid="3600" wantedaddress="&#x24;71A14C27" address="&#x24;71A14000" wantedsize="8" size="4096" protect="PAGE_EXECUTE_READ" behavior="Normal"/>
<vm_protect targetpid="3600" wantedaddress="&#x24;71A168FA" address="&#x24;71A16000" wantedsize="8" size="4096" protect="PAGE_EXECUTE_READWRITE" behavior="Normal"/>
<vm_protect targetpid="3600" wantedaddress="&#x24;71A168FA" address="&#x24;71A16000" wantedsize="8" size="4096" protect="PAGE_EXECUTE_READ" behavior="Normal"/>
<load_dll filename="C:\WINDOWS\system32\CLUSAPI.DLL" successful="1" address="&#x24;76D60000" end_address="&#x24;76D72000" size="73728" filename_hash="86c52208e983f9e8c9ee69eed8fbac111696a822"/>
<load_dll filename="C:\WINDOWS\system32\RESUTILS.DLL" successful="1" address="&#x24;75030000" end_address="&#x24;75042000" size="73728" filename_hash="72b3940d66f245b158582bd54b882313c0b5e7d8"/>
<load_dll filename="C:\WINDOWS\system32\ntdll.dll" successful="1" address="&#x24;7C910000" end_address="&#x24;7C9C9000" size="757760" filename_hash="e753d19a2e3b98b2b3b8f02f276092096d10f22d"/>
<load_dll filename="C:\WINDOWS\system32\kernel32.dll" successful="1" address="&#x24;7C800000" end_address="&#x24;7C908000" size="1081344" filename_hash="c88d57cc99f75cd928b47b6e444231f26670138f"/>
<open_key key="HKEY_LOCAL_MACHINE\Software\Microsoft\Com3"/>
<query_value key="HKEY_LOCAL_MACHINE\SOFTWARE\Microsoft\COM3" value="SecurityCacheLimit"/>
<open_key key="HKEY_LOCAL_MACHINE\Software\Microsoft\COM3"/>
<query_value key="HKEY_LOCAL_MACHINE\SOFTWARE\Microsoft\COM3" value="DisableAppDomainTracking"/>
<open_key key="HKEY_LOCAL_MACHINE\SOFTWARE\Microsoft\EventSystem"/>
<query_value key="HKEY_LOCAL_MACHINE\SOFTWARE\Microsoft\EventSystem" value="TraceEventSpew"/>
<open_key key="HKEY_LOCAL_MACHINE\Software\Microsoft\COM3\Debug"/>
<open_key key="HKEY_CLASSES_ROOT\CLSID\&#x7B;2206CDB0-19C1-11D1-89E0-00C04FD7A829&#x7D;"/>
<query_value key="HKEY_LOCAL_MACHINE\SOFTWARE\Classes\CLSID\&#x7B;2206CDB0-19C1-11D1-89E0-00C04FD7A829&#x7D;" value="Queue Size"/>
<query_value key="HKEY_LOCAL_MACHINE\SOFTWARE\Classes\CLSID\&#x7B;2206CDB0-19C1-11D1-89E0-00C04FD7A829&#x7D;" value="Holders"/>
<query_value key="HKEY_LOCAL_MACHINE\SOFTWARE\Classes\CLSID\&#x7B;2206CDB0-19C1-11D1-89E0-00C04FD7A829&#x7D;" value="MaxResLifeTime"/>
<create_thread targetpid="3600" threadid="3644" address="&#x24;760D3AAF" parameteraddress="&#x24;00168E0C"/>
<load_dll filename="C:\WINDOWS\system32\odbcji32.dll" successful="1" address="&#x24;6DA70000" end_address="&#x24;6DA7F000" size="61440" filename_hash="182217e66afc5465648a15b0dafb66a67a3bb8b8"/>
<load_dll filename="C:\WINDOWS\system32\msjter40.dll" successful="1" address="&#x24;1B2C0000" end_address="&#x24;1B2CD000" size="53248" filename_hash="37da5313093b1afd9aa7a976e63db98b2773adbf"/>
<load_dll filename="C:\WINDOWS\system32\msjet40.dll" successful="1" address="&#x24;1B000000" end_address="&#x24;1B170000" size="1507328" filename_hash="6aa89ecb20022142d3ade0e482572df18d7c6d7e"/>
<load_dll filename="C:\WINDOWS\system32\ole32.dll" successful="1" address="&#x24;774B0000" end_address="&#x24;775ED000" size="1298432" filename_hash="c7753525d5276ab92a01a8a3c39cfb5269da7f98"/>
<open_key key="HKEY_LOCAL_MACHINE\SOFTWARE"/>
<load_dll filename="C:\WINDOWS\system32\odbcjt32.dll" successful="1" address="&#x24;20B0000" end_address="&#x24;20F4000" size="278528" filename_hash="e91d0769d2fb7ae8210a4ad4fd8b885fab1790f1"/>
<get_system_directory/>
<open_file filetype="file" srcfile="C:\WINDOWS\system32\odbccp32.dll" srcfile_hash="cc3a2a750b59974f938d30049a56034cfa8ea714" creationdistribution="OPEN_EXISTING" desiredaccess="FILE_ANY_ACCESS" shareaccess="FILE_SHARE_READ FILE_SHARE_WRITE" flags="FILE_ATTRIBUTE_NORMAL SECURITY_ANONYMOUS"/>
<open_key key="HKEY_LOCAL_MACHINE\Software\ODBC\ODBC.INI"/>
<load_dll filename="C:\WINDOWS\system32\odbcint.dll" successful="1" address="&#x24;1F840000" end_address="&#x24;1F859000" size="102400" filename_hash="9cf815158ff84a7153ed6140e37cf42c906a0de0"/>
<open_key key="HKEY_LOCAL_MACHINE\SOFTWARE"/>
<load_dll filename="C:\WINDOWS\system32\odbccp32.dll" successful="1" address="&#x24;6C0C0000" end_address="&#x24;6C0DB000" size="110592" filename_hash="cc3a2a750b59974f938d30049a56034cfa8ea714"/>
<open_key key="HKEY_LOCAL_MACHINE\SOFTWARE\ODBC\odbcinst.ini\Microsoft Access Driver &#x28;&#x2A;.mdb&#x29;"/>
<query_value key="HKEY_LOCAL_MACHINE\SOFTWARE\ODBC\ODBCINST.INI\Microsoft Access Driver &#x28;&#x2A;.mdb&#x29;" value="setup"/>
<open_key key="HKEY_CURRENT_USER\SOFTWARE\ODBC\ODBC.INI\\Engines\Jet"/>
<open_key key="HKEY_LOCAL_MACHINE\SOFTWARE\ODBC\ODBC.INI\\Engines\Jet"/>
<open_key key="HKEY_LOCAL_MACHINE\SOFTWARE\Microsoft\Jet\3.5\Engines\Jet"/>
<open_key key="HKEY_CURRENT_USER\SOFTWARE\ODBC\ODBC.INI\\Engines\Jet"/>
<open_key key="HKEY_LOCAL_MACHINE\SOFTWARE\ODBC\ODBC.INI\\Engines\Jet"/>
<open_key key="HKEY_LOCAL_MACHINE\SOFTWARE\Microsoft\Jet\3.5\Engines\Jet"/>
<open_key key="HKEY_CURRENT_USER\SOFTWARE\ODBC\ODBC.INI\\Engines\Jet"/>
<open_key key="HKEY_LOCAL_MACHINE\SOFTWARE\ODBC\ODBC.INI\\Engines\Jet"/>
<open_key key="HKEY_LOCAL_MACHINE\SOFTWARE\Microsoft\Jet\3.5\Engines\Jet"/>
<open_key key="HKEY_CURRENT_USER\SOFTWARE\ODBC\ODBC.INI\\Engines\Jet"/>
<open_key key="HKEY_LOCAL_MACHINE\SOFTWARE\ODBC\ODBC.INI\\Engines\Jet"/>
<open_key key="HKEY_LOCAL_MACHINE\SOFTWARE\Microsoft\Jet\3.5\Engines\Jet"/>
<open_key key="HKEY_CURRENT_USER\SOFTWARE\ODBC\ODBC.INI\\Engines\Jet"/>
<open_key key="HKEY_LOCAL_MACHINE\SOFTWARE\ODBC\ODBC.INI\\Engines\Jet"/>
<open_key key="HKEY_LOCAL_MACHINE\SOFTWARE\Microsoft\Jet\3.5\Engines\Jet"/>
<open_key key="HKEY_CURRENT_USER\SOFTWARE\ODBC\ODBC.INI\\Engines\Jet"/>
<open_key key="HKEY_LOCAL_MACHINE\SOFTWARE\ODBC\ODBC.INI\\Engines\Jet"/>
<open_key key="HKEY_LOCAL_MACHINE\SOFTWARE\Microsoft\Jet\3.5\Engines\Jet"/>
<open_key key="HKEY_CURRENT_USER\SOFTWARE\ODBC\ODBC.INI\\Engines\Jet"/>
<open_key key="HKEY_LOCAL_MACHINE\SOFTWARE\ODBC\ODBC.INI\\Engines\Jet"/>
<open_key key="HKEY_LOCAL_MACHINE\SOFTWARE\Microsoft\Jet\3.5\Engines\Jet"/>
<open_key key="HKEY_CURRENT_USER\SOFTWARE\ODBC\ODBC.INI\\Engines\Jet"/>
<open_key key="HKEY_LOCAL_MACHINE\SOFTWARE\ODBC\ODBC.INI\\Engines\Jet"/>
<open_key key="HKEY_LOCAL_MACHINE\SOFTWARE\Microsoft\Jet\3.5\Engines\Jet"/>
<open_key key="HKEY_CURRENT_USER\SOFTWARE\ODBC\ODBC.INI\\Engines\Jet"/>
<open_key key="HKEY_LOCAL_MACHINE\SOFTWARE\ODBC\ODBC.INI\\Engines\Jet"/>
<open_key key="HKEY_LOCAL_MACHINE\SOFTWARE\Microsoft\Jet\3.5\Engines\Jet"/>
<open_key key="HKEY_CURRENT_USER\SOFTWARE\ODBC\ODBC.INI\\Engines\Jet"/>
<open_key key="HKEY_LOCAL_MACHINE\SOFTWARE\ODBC\ODBC.INI\\Engines\Jet"/>
<open_key key="HKEY_LOCAL_MACHINE\SOFTWARE\Microsoft\Jet\3.5\Engines\Jet"/>
<open_key key="HKEY_CURRENT_USER\SOFTWARE\ODBC\ODBC.INI\\Engines\Jet"/>
<open_key key="HKEY_LOCAL_MACHINE\SOFTWARE\ODBC\ODBC.INI\\Engines\Jet"/>
<open_key key="HKEY_LOCAL_MACHINE\SOFTWARE\Microsoft\Jet\3.5\Engines\Jet"/>
<open_key key="HKEY_CURRENT_USER\SOFTWARE\ODBC\ODBC.INI\\Engines\Jet"/>
<open_key key="HKEY_LOCAL_MACHINE\SOFTWARE\ODBC\ODBC.INI\\Engines\Jet"/>
<open_key key="HKEY_LOCAL_MACHINE\SOFTWARE\Microsoft\Jet\3.5\Engines\Jet"/>
<open_key key="HKEY_CURRENT_USER\SOFTWARE\ODBC\ODBC.INI\\Engines\Jet"/>
<open_key key="HKEY_LOCAL_MACHINE\SOFTWARE\ODBC\ODBC.INI\\Engines\Jet"/>
<open_key key="HKEY_LOCAL_MACHINE\SOFTWARE\Microsoft\Jet\3.5\Engines\Jet"/>
<open_key key="HKEY_CURRENT_USER\SOFTWARE\ODBC\ODBC.INI\\Engines\Jet"/>
<open_key key="HKEY_LOCAL_MACHINE\SOFTWARE\ODBC\ODBC.INI\\Engines\Jet"/>
<open_key key="HKEY_LOCAL_MACHINE\SOFTWARE\Microsoft\Jet\3.5\Engines\Jet"/>
<open_key key="HKEY_CURRENT_USER\SOFTWARE\ODBC\ODBC.INI\\Engines\Jet"/>
<open_key key="HKEY_LOCAL_MACHINE\SOFTWARE\ODBC\ODBC.INI\\Engines\Jet"/>
<open_key key="HKEY_LOCAL_MACHINE\SOFTWARE\Microsoft\Jet\3.5\Engines\Jet"/>
<open_key key="HKEY_CURRENT_USER\SOFTWARE\ODBC\ODBC.INI\\Engines\Jet"/>
<open_key key="HKEY_LOCAL_MACHINE\SOFTWARE\ODBC\ODBC.INI\\Engines\Jet"/>
<open_key key="HKEY_LOCAL_MACHINE\SOFTWARE\Microsoft\Jet\3.5\Engines\Jet"/>
<open_key key="HKEY_CURRENT_USER\SOFTWARE\ODBC\ODBC.INI\\Engines\Jet"/>
<open_key key="HKEY_LOCAL_MACHINE\SOFTWARE\ODBC\ODBC.INI\\Engines\Jet"/>
<open_key key="HKEY_LOCAL_MACHINE\SOFTWARE\Microsoft\Jet\3.5\Engines\Jet"/>
<open_key key="HKEY_CURRENT_USER\SOFTWARE\ODBC\ODBC.INI\\Engines\Jet"/>
<open_key key="HKEY_LOCAL_MACHINE\SOFTWARE\ODBC\ODBC.INI\\Engines\Jet"/>
<open_key key="HKEY_LOCAL_MACHINE\SOFTWARE\Microsoft\Jet\3.5\Engines\Jet"/>
<open_key key="HKEY_CURRENT_USER\SOFTWARE\ODBC\ODBC.INI\\Engines\Jet"/>
<open_key key="HKEY_LOCAL_MACHINE\SOFTWARE\ODBC\ODBC.INI\\Engines\Jet"/>
<open_key key="HKEY_LOCAL_MACHINE\SOFTWARE\Microsoft\Jet\3.5\Engines\Jet"/>
<open_key key="HKEY_CURRENT_USER\SOFTWARE\ODBC\ODBC.INI\\Engines\Jet"/>
<open_key key="HKEY_LOCAL_MACHINE\SOFTWARE\ODBC\ODBC.INI\\Engines\Jet"/>
<open_key key="HKEY_LOCAL_MACHINE\SOFTWARE\Microsoft\Jet\3.5\Engines\Jet"/>
<open_key key="HKEY_CURRENT_USER\SOFTWARE\ODBC\ODBC.INI\\Engines\Jet"/>
<open_key key="HKEY_LOCAL_MACHINE\SOFTWARE\ODBC\ODBC.INI\\Engines\Jet"/>
<open_key key="HKEY_LOCAL_MACHINE\SOFTWARE\Microsoft\Jet\3.5\Engines\Jet"/>
<open_key key="HKEY_CURRENT_USER\SOFTWARE\ODBC\ODBC.INI\\Engines\Jet"/>
<open_key key="HKEY_LOCAL_MACHINE\SOFTWARE\ODBC\ODBC.INI\\Engines\Jet"/>
<open_key key="HKEY_LOCAL_MACHINE\SOFTWARE\Microsoft\Jet\3.5\Engines\Jet"/>
<open_key key="HKEY_CURRENT_USER\SOFTWARE\ODBC\ODBC.INI\\Engines\Jet"/>
<open_key key="HKEY_LOCAL_MACHINE\SOFTWARE\ODBC\ODBC.INI\\Engines\Jet"/>
<open_key key="HKEY_LOCAL_MACHINE\SOFTWARE\Microsoft\Jet\3.5\Engines\Jet"/>
<open_key key="HKEY_CURRENT_USER\SOFTWARE\ODBC\ODBC.INI\\Engines\Jet"/>
<open_key key="HKEY_LOCAL_MACHINE\SOFTWARE\ODBC\ODBC.INI\\Engines\Jet"/>
<open_key key="HKEY_LOCAL_MACHINE\SOFTWARE\Microsoft\Jet\3.5\Engines\Jet"/>
<open_key key="HKEY_LOCAL_MACHINE\SOFTWARE\ODBC"/>
<open_key key="HKEY_LOCAL_MACHINE\SOFTWARE\ODBC\Brazos volatile counter"/>
<create_key key="HKEY_LOCAL_MACHINE\SOFTWARE\ODBC\Temporary &#x28;volatile&#x29; Jet DSN for process 0xe10 Thread 0xe14 DBC 0x848174 Jet"/>
<set_value key="HKEY_LOCAL_MACHINE\SOFTWARE\ODBC\Temporary &#x28;volatile&#x29; Jet DSN for process 0xe10 Thread 0xe14 DBC 0x848174 Jet" value="ProcessId" data="[REG_DWORD, value: 00000E10]"/>
<create_key key="HKEY_LOCAL_MACHINE\SOFTWARE\ODBC\Brazos volatile counter"/>
<query_value key="HKEY_LOCAL_MACHINE\SOFTWARE\ODBC\Brazos volatile counter" value="VolatileDsnCount"/>
<set_value key="HKEY_LOCAL_MACHINE\SOFTWARE\ODBC\Brazos volatile counter" value="VolatileDsnCount" data="[REG_DWORD, value: 00000001]"/>
<create_key key="HKEY_LOCAL_MACHINE\SOFTWARE\ODBC\Temporary &#x28;volatile&#x29; Jet DSN for process 0xe10 Thread 0xe14 DBC 0x848174 Jet\Engines"/>
<create_key key="HKEY_LOCAL_MACHINE\SOFTWARE\ODBC\Temporary &#x28;volatile&#x29; Jet DSN for process 0xe10 Thread 0xe14 DBC 0x848174 Jet\Engines\Jet"/>
<set_value key="HKEY_LOCAL_MACHINE\SOFTWARE\ODBC\Temporary &#x28;volatile&#x29; Jet DSN for process 0xe10 Thread 0xe14 DBC 0x848174 Jet" value="DBQ" data="\datos.mde"/>
<set_value key="HKEY_LOCAL_MACHINE\SOFTWARE\ODBC\Temporary &#x28;volatile&#x29; Jet DSN for process 0xe10 Thread 0xe14 DBC 0x848174 Jet\Engines\Jet" value="Driver" data="&#x7B;Microsoft Access Driver &#x28;&#x2A;.mdb&#x29;&#x7D;"/>
<set_value key="HKEY_LOCAL_MACHINE\SOFTWARE\ODBC\Temporary &#x28;volatile&#x29; Jet DSN for process 0xe10 Thread 0xe14 DBC 0x848174 Jet" value="DriverId" data="[REG_DWORD, value: 00000019]"/>
<set_value key="HKEY_LOCAL_MACHINE\SOFTWARE\ODBC\Temporary &#x28;volatile&#x29; Jet DSN for process 0xe10 Thread 0xe14 DBC 0x848174 Jet\Engines\Jet" value="ImplicitCommitSync"/>
<set_value key="HKEY_LOCAL_MACHINE\SOFTWARE\ODBC\Temporary &#x28;volatile&#x29; Jet DSN for process 0xe10 Thread 0xe14 DBC 0x848174 Jet" value="PWD" data="77"/>
<set_value key="HKEY_LOCAL_MACHINE\SOFTWARE\ODBC\Temporary &#x28;volatile&#x29; Jet DSN for process 0xe10 Thread 0xe14 DBC 0x848174 Jet" value="SafeTransactions" data="[REG_DWORD, value: 00000000]"/>
<set_value key="HKEY_LOCAL_MACHINE\SOFTWARE\ODBC\Temporary &#x28;volatile&#x29; Jet DSN for process 0xe10 Thread 0xe14 DBC 0x848174 Jet\Engines\Jet" value="Threads" data="[REG_DWORD, value: 00000003]"/>
<set_value key="HKEY_LOCAL_MACHINE\SOFTWARE\ODBC\Temporary &#x28;volatile&#x29; Jet DSN for process 0xe10 Thread 0xe14 DBC 0x848174 Jet" value="UID"/>
<set_value key="HKEY_LOCAL_MACHINE\SOFTWARE\ODBC\Temporary &#x28;volatile&#x29; Jet DSN for process 0xe10 Thread 0xe14 DBC 0x848174 Jet\Engines\Jet" value="UserCommitSync" data="Yes"/>
<open_key key="HKEY_CURRENT_USER\SOFTWARE\ODBC\ODBC.INI\\Engines\Jet"/>
<open_key key="HKEY_LOCAL_MACHINE\SOFTWARE\ODBC\ODBC.INI\\Engines\Jet"/>
<open_key key="HKEY_LOCAL_MACHINE\SOFTWARE\Microsoft\Jet\3.5\Engines\Jet"/>
<open_key key="HKEY_CURRENT_USER\SOFTWARE\ODBC\ODBC.INI\\Engines\Jet"/>
<open_key key="HKEY_LOCAL_MACHINE\SOFTWARE\ODBC\ODBC.INI\\Engines\Jet"/>
<open_key key="HKEY_LOCAL_MACHINE\SOFTWARE\Microsoft\Jet\3.5\Engines\Jet"/>
<open_key key="HKEY_CURRENT_USER\SOFTWARE\ODBC\ODBC.INI\\Engines\Jet"/>
<open_key key="HKEY_LOCAL_MACHINE\SOFTWARE\ODBC\ODBC.INI\\Engines\Jet"/>
<open_key key="HKEY_LOCAL_MACHINE\SOFTWARE\Microsoft\Jet\3.5\Engines\Jet"/>
<open_key key="HKEY_CURRENT_USER\SOFTWARE\ODBC\ODBC.INI\\Engines\Jet"/>
<open_key key="HKEY_LOCAL_MACHINE\SOFTWARE\ODBC\ODBC.INI\\Engines\Jet"/>
<open_key key="HKEY_LOCAL_MACHINE\SOFTWARE\Microsoft\Jet\3.5\Engines\Jet"/>
<open_key key="HKEY_CURRENT_USER\SOFTWARE\ODBC\ODBC.INI\\Engines\Jet"/>
<open_key key="HKEY_LOCAL_MACHINE\SOFTWARE\ODBC\ODBC.INI\\Engines\Jet"/>
<open_key key="HKEY_LOCAL_MACHINE\SOFTWARE\Microsoft\Jet\3.5\Engines\Jet"/>
<open_key key="HKEY_CURRENT_USER\SOFTWARE\ODBC\ODBC.INI\\Engines\Jet"/>
<open_key key="HKEY_LOCAL_MACHINE\SOFTWARE\ODBC\ODBC.INI\\Engines\Jet"/>
<open_key key="HKEY_LOCAL_MACHINE\SOFTWARE\Microsoft\Jet\3.5\Engines\Jet"/>
<open_key key="HKEY_CURRENT_USER\SOFTWARE\ODBC\ODBC.INI\\Engines\Jet"/>
<open_key key="HKEY_LOCAL_MACHINE\SOFTWARE\ODBC\ODBC.INI\\Engines\Jet"/>
<open_key key="HKEY_LOCAL_MACHINE\SOFTWARE\Microsoft\Jet\3.5\Engines\Jet"/>
<open_key key="HKEY_CURRENT_USER\SOFTWARE\ODBC\ODBC.INI\\Engines\Jet"/>
<open_key key="HKEY_LOCAL_MACHINE\SOFTWARE\ODBC\ODBC.INI\\Engines\Jet"/>
<open_key key="HKEY_LOCAL_MACHINE\SOFTWARE\Microsoft\Jet\3.5\Engines\Jet"/>
<open_key key="HKEY_CURRENT_USER\SOFTWARE\ODBC\ODBC.INI\\Engines\Jet"/>
<open_key key="HKEY_LOCAL_MACHINE\SOFTWARE\ODBC\ODBC.INI\\Engines\Jet"/>
<open_key key="HKEY_LOCAL_MACHINE\SOFTWARE\Microsoft\Jet\3.5\Engines\Jet"/>
<open_key key="HKEY_CURRENT_USER\SOFTWARE\ODBC\ODBC.INI\\Engines\Jet"/>
<open_key key="HKEY_LOCAL_MACHINE\SOFTWARE\ODBC\ODBC.INI\\Engines\Jet"/>
<open_key key="HKEY_LOCAL_MACHINE\SOFTWARE\Microsoft\Jet\3.5\Engines\Jet"/>
<open_key key="HKEY_CURRENT_USER\SOFTWARE\ODBC\ODBC.INI\\Engines\Jet"/>
<open_key key="HKEY_LOCAL_MACHINE\SOFTWARE\ODBC\ODBC.INI\\Engines\Jet"/>
<open_key key="HKEY_LOCAL_MACHINE\SOFTWARE\Microsoft\Jet\3.5\Engines\Jet"/>
<open_key key="HKEY_CURRENT_USER\SOFTWARE\ODBC\ODBC.INI\\Engines\Jet"/>
<open_key key="HKEY_LOCAL_MACHINE\SOFTWARE\ODBC\ODBC.INI\\Engines\Jet"/>
<open_key key="HKEY_LOCAL_MACHINE\SOFTWARE\Microsoft\Jet\3.5\Engines\Jet"/>
<open_key key="HKEY_CURRENT_USER\SOFTWARE\ODBC\ODBC.INI\\Engines\Jet"/>
<open_key key="HKEY_LOCAL_MACHINE\SOFTWARE\ODBC\ODBC.INI\\Engines\Jet"/>
<open_key key="HKEY_LOCAL_MACHINE\SOFTWARE\Microsoft\Jet\3.5\Engines\Jet"/>
<open_key key="HKEY_CURRENT_USER\SOFTWARE\ODBC\ODBC.INI\\Engines\Jet"/>
<open_key key="HKEY_LOCAL_MACHINE\SOFTWARE\ODBC\ODBC.INI\\Engines\Jet"/>
<open_key key="HKEY_LOCAL_MACHINE\SOFTWARE\Microsoft\Jet\3.5\Engines\Jet"/>
<open_key key="HKEY_CURRENT_USER\SOFTWARE\ODBC\ODBC.INI\\Engines\Jet"/>
<open_key key="HKEY_LOCAL_MACHINE\SOFTWARE\ODBC\ODBC.INI\\Engines\Jet"/>
<open_key key="HKEY_LOCAL_MACHINE\SOFTWARE\Microsoft\Jet\3.5\Engines\Jet"/>
<open_key key="HKEY_CURRENT_USER\SOFTWARE\ODBC\ODBC.INI\\Engines\Jet"/>
<open_key key="HKEY_LOCAL_MACHINE\SOFTWARE\ODBC\ODBC.INI\\Engines\Jet"/>
<open_key key="HKEY_LOCAL_MACHINE\SOFTWARE\Microsoft\Jet\3.5\Engines\Jet"/>
<open_key key="HKEY_CURRENT_USER\SOFTWARE\ODBC\ODBC.INI\\Engines\Jet"/>
<open_key key="HKEY_LOCAL_MACHINE\SOFTWARE\ODBC\ODBC.INI\\Engines\Jet"/>
<open_key key="HKEY_LOCAL_MACHINE\SOFTWARE\Microsoft\Jet\3.5\Engines\Jet"/>
<open_key key="HKEY_CURRENT_USER\SOFTWARE\ODBC\ODBC.INI\\Engines\Jet"/>
<open_key key="HKEY_LOCAL_MACHINE\SOFTWARE\ODBC\ODBC.INI\\Engines\Jet"/>
<open_key key="HKEY_LOCAL_MACHINE\SOFTWARE\Microsoft\Jet\3.5\Engines\Jet"/>
<open_key key="HKEY_CURRENT_USER\SOFTWARE\ODBC\ODBC.INI\\Engines\Jet"/>
<open_key key="HKEY_LOCAL_MACHINE\SOFTWARE\ODBC\ODBC.INI\\Engines\Jet"/>
<open_key key="HKEY_LOCAL_MACHINE\SOFTWARE\Microsoft\Jet\3.5\Engines\Jet"/>
<open_key key="HKEY_CURRENT_USER\SOFTWARE\ODBC\ODBC.INI\\Engines\Jet"/>
<open_key key="HKEY_LOCAL_MACHINE\SOFTWARE\ODBC\ODBC.INI\\Engines\Jet"/>
<open_key key="HKEY_LOCAL_MACHINE\SOFTWARE\Microsoft\Jet\3.5\Engines\Jet"/>
<open_key key="HKEY_CURRENT_USER\SOFTWARE\ODBC\ODBC.INI\\Engines\Jet"/>
<open_key key="HKEY_LOCAL_MACHINE\SOFTWARE\ODBC\ODBC.INI\\Engines\Jet"/>
<open_key key="HKEY_LOCAL_MACHINE\SOFTWARE\Microsoft\Jet\3.5\Engines\Jet"/>
<load_dll filename="C:\WINDOWS\system32\ole32.dll" successful="1" address="&#x24;774B0000" end_address="&#x24;775ED000" size="1298432" filename_hash="c7753525d5276ab92a01a8a3c39cfb5269da7f98"/>
<create_thread targetpid="3600" threadid="3688" address="&#x24;1B112839" parameteraddress="&#x24;02100870"/>
<open_key key="HKEY_LOCAL_MACHINE\SOFTWARE\Microsoft\Jet\4.0\Engines"/>
<open_key key="HKEY_LOCAL_MACHINE\SOFTWARE\Microsoft\Jet\4.0\Engines\ODBC"/>
<query_value key="HKEY_LOCAL_MACHINE\SOFTWARE\Microsoft\Jet\4.0\Engines\ODBC" value="TraceODBCAPI"/>
<query_value key="HKEY_LOCAL_MACHINE\SOFTWARE\Microsoft\Jet\4.0\Engines\ODBC" value="DisableAsync"/>
<query_value key="HKEY_LOCAL_MACHINE\SOFTWARE\Microsoft\Jet\4.0\Engines\ODBC" value="TraceSQLMode"/>
<query_value key="HKEY_LOCAL_MACHINE\SOFTWARE\Microsoft\Jet\4.0\Engines\ODBC" value="SQLTraceMode"/>
<query_value key="HKEY_LOCAL_MACHINE\SOFTWARE\Microsoft\Jet\4.0\Engines\ODBC" value="QueryTimeout"/>
<query_value key="HKEY_LOCAL_MACHINE\SOFTWARE\Microsoft\Jet\4.0\Engines\ODBC" value="LoginTimeout"/>
<query_value key="HKEY_LOCAL_MACHINE\SOFTWARE\Microsoft\Jet\4.0\Engines\ODBC" value="ConnectionTimeout"/>
<query_value key="HKEY_LOCAL_MACHINE\SOFTWARE\Microsoft\Jet\4.0\Engines\ODBC" value="TryJetAuth"/>
<query_value key="HKEY_LOCAL_MACHINE\SOFTWARE\Microsoft\Jet\4.0\Engines\ODBC" value="FatBlastRows"/>
<query_value key="HKEY_LOCAL_MACHINE\SOFTWARE\Microsoft\Jet\4.0\Engines\ODBC" value="FatBlastTimeout"/>
<query_value key="HKEY_LOCAL_MACHINE\SOFTWARE\Microsoft\Jet\4.0\Engines\ODBC" value="AsyncRetryInterval"/>
<query_value key="HKEY_LOCAL_MACHINE\SOFTWARE\Microsoft\Jet\4.0\Engines\ODBC" value="AttachCaseSensitive"/>
<query_value key="HKEY_LOCAL_MACHINE\SOFTWARE\Microsoft\Jet\4.0\Engines\ODBC" value="FastRequery"/>
<query_value key="HKEY_LOCAL_MACHINE\SOFTWARE\Microsoft\Jet\4.0\Engines\ODBC" value="ODBCISAMAttach"/>
<query_value key="HKEY_LOCAL_MACHINE\SOFTWARE\Microsoft\Jet\4.0\Engines\ODBC" value="PreparedInsert"/>
<query_value key="HKEY_LOCAL_MACHINE\SOFTWARE\Microsoft\Jet\4.0\Engines\ODBC" value="PreparedUpdate"/>
<query_value key="HKEY_LOCAL_MACHINE\SOFTWARE\Microsoft\Jet\4.0\Engines\ODBC" value="SnapshotOnly"/>
<query_value key="HKEY_LOCAL_MACHINE\SOFTWARE\Microsoft\Jet\4.0\Engines\ODBC" value="AttachableObjects"/>
<query_value key="HKEY_LOCAL_MACHINE\SOFTWARE\Microsoft\Jet\4.0\Engines" value="SystemDB"/>
<query_value key="HKEY_LOCAL_MACHINE\SOFTWARE\Microsoft\Jet\4.0\Engines" value="CompactByPKey"/>
<query_value key="HKEY_LOCAL_MACHINE\SOFTWARE\Microsoft\Jet\4.0\Engines" value="PrevFormatCompactWithUNICODECompression"/>
<open_key key="HKEY_LOCAL_MACHINE\SOFTWARE\ODBC\Temporary &#x28;volatile&#x29; Jet DSN for process 0xe10 Thread 0xe14 DBC 0x848174 Jet\Engines"/>
<open_key key="HKEY_LOCAL_MACHINE\SOFTWARE\ODBC\Temporary &#x28;volatile&#x29; Jet DSN for process 0xe10 Thread 0xe14 DBC 0x848174 Jet\Engines\ODBC"/>
<query_value key="HKEY_LOCAL_MACHINE\SOFTWARE\ODBC\Temporary &#x28;volatile&#x29; Jet DSN for process 0xe10 Thread 0xe14 DBC 0x848174 Jet\Engines" value="SystemDB"/>
<query_value key="HKEY_LOCAL_MACHINE\SOFTWARE\ODBC\Temporary &#x28;volatile&#x29; Jet DSN for process 0xe10 Thread 0xe14 DBC 0x848174 Jet\Engines" value="CompactByPKey"/>
<query_value key="HKEY_LOCAL_MACHINE\SOFTWARE\ODBC\Temporary &#x28;volatile&#x29; Jet DSN for process 0xe10 Thread 0xe14 DBC 0x848174 Jet\Engines" value="PrevFormatCompactWithUNICODECompression"/>
<create_file filetype="file" srcfile="C:\DOKUME&#x7E;1\ADMINI&#x7E;1\LOKALE&#x7E;1\Temp\JET170D.tmp" srcfile_hash="hash_error" creationdistribution="CREATE_NEW" desiredaccess="FILE_ANY_ACCESS" flags="FILE_ATTRIBUTE_NORMAL FILE_ATTRIBUTE_TEMPORARY SECURITY_ANONYMOUS"/>
<get_system_time apifunction="GetLocalTime"/>
<create_thread targetpid="3600" threadid="3692" address="&#x24;1B004723" parameteraddress="&#x24;1B120E10"/>
<create_thread targetpid="3600" threadid="3696" address="&#x24;1B004723" parameteraddress="&#x24;1B120E10"/>
<create_thread targetpid="3600" threadid="3700" address="&#x24;1B004723" parameteraddress="&#x24;1B120E10"/>
<open_key key="HKEY_LOCAL_MACHINE\SOFTWARE\Microsoft\Jet\4.0\Engines\Jet 4.0"/>
<query_value key="HKEY_LOCAL_MACHINE\SOFTWARE\Microsoft\Jet\4.0\Engines\Jet 4.0" value="PageTimeout"/>
<query_value key="HKEY_LOCAL_MACHINE\SOFTWARE\Microsoft\Jet\4.0\Engines\Jet 4.0" value="LockRetry"/>
<query_value key="HKEY_LOCAL_MACHINE\SOFTWARE\Microsoft\Jet\4.0\Engines\Jet 4.0" value="MaxBufferSize"/>
<query_value key="HKEY_LOCAL_MACHINE\SOFTWARE\Microsoft\Jet\4.0\Engines\Jet 4.0" value="Threads"/>
<query_value key="HKEY_LOCAL_MACHINE\SOFTWARE\Microsoft\Jet\4.0\Engines\Jet 4.0" value="ExclusiveAsyncDelay"/>
<query_value key="HKEY_LOCAL_MACHINE\SOFTWARE\Microsoft\Jet\4.0\Engines\Jet 4.0" value="SharedAsyncDelay"/>
<query_value key="HKEY_LOCAL_MACHINE\SOFTWARE\Microsoft\Jet\4.0\Engines\Jet 4.0" value="FlushTransactionTimeout"/>
<query_value key="HKEY_LOCAL_MACHINE\SOFTWARE\Microsoft\Jet\4.0\Engines\Jet 4.0" value="MaxLocksPerFile"/>
<query_value key="HKEY_LOCAL_MACHINE\SOFTWARE\Microsoft\Jet\4.0\Engines\Jet 4.0" value="LockDelay"/>
<query_value key="HKEY_LOCAL_MACHINE\SOFTWARE\Microsoft\Jet\4.0\Engines\Jet 4.0" value="RecycleLVs"/>
<query_value key="HKEY_LOCAL_MACHINE\SOFTWARE\Microsoft\Jet\4.0\Engines\Jet 4.0" value="PagesLockedToTableLock"/>
<query_value key="HKEY_LOCAL_MACHINE\SOFTWARE\Microsoft\Jet\4.0\Engines\Jet 4.0" value="UserCommitSync"/>
<query_value key="HKEY_LOCAL_MACHINE\SOFTWARE\Microsoft\Jet\4.0\Engines\Jet 4.0" value="ImplicitCommitSync"/>
<open_key key="HKEY_LOCAL_MACHINE\SOFTWARE\ODBC\Temporary &#x28;volatile&#x29; Jet DSN for process 0xe10 Thread 0xe14 DBC 0x848174 Jet\Engines\Jet"/>
<query_value key="HKEY_LOCAL_MACHINE\SOFTWARE\ODBC\Temporary &#x28;volatile&#x29; Jet DSN for process 0xe10 Thread 0xe14 DBC 0x848174 Jet\Engines\Jet" value="PageTimeout"/>
<query_value key="HKEY_LOCAL_MACHINE\SOFTWARE\ODBC\Temporary &#x28;volatile&#x29; Jet DSN for process 0xe10 Thread 0xe14 DBC 0x848174 Jet\Engines\Jet" value="LockRetry"/>
<query_value key="HKEY_LOCAL_MACHINE\SOFTWARE\ODBC\Temporary &#x28;volatile&#x29; Jet DSN for process 0xe10 Thread 0xe14 DBC 0x848174 Jet\Engines\Jet" value="MaxBufferSize"/>
<query_value key="HKEY_LOCAL_MACHINE\SOFTWARE\ODBC\Temporary &#x28;volatile&#x29; Jet DSN for process 0xe10 Thread 0xe14 DBC 0x848174 Jet\Engines\Jet" value="Threads"/>
<query_value key="HKEY_LOCAL_MACHINE\SOFTWARE\ODBC\Temporary &#x28;volatile&#x29; Jet DSN for process 0xe10 Thread 0xe14 DBC 0x848174 Jet\Engines\Jet" value="ExclusiveAsyncDelay"/>
<query_value key="HKEY_LOCAL_MACHINE\SOFTWARE\ODBC\Temporary &#x28;volatile&#x29; Jet DSN for process 0xe10 Thread 0xe14 DBC 0x848174 Jet\Engines\Jet" value="SharedAsyncDelay"/>
<query_value key="HKEY_LOCAL_MACHINE\SOFTWARE\ODBC\Temporary &#x28;volatile&#x29; Jet DSN for process 0xe10 Thread 0xe14 DBC 0x848174 Jet\Engines\Jet" value="FlushTransactionTimeout"/>
<query_value key="HKEY_LOCAL_MACHINE\SOFTWARE\ODBC\Temporary &#x28;volatile&#x29; Jet DSN for process 0xe10 Thread 0xe14 DBC 0x848174 Jet\Engines\Jet" value="MaxLocksPerFile"/>
<query_value key="HKEY_LOCAL_MACHINE\SOFTWARE\ODBC\Temporary &#x28;volatile&#x29; Jet DSN for process 0xe10 Thread 0xe14 DBC 0x848174 Jet\Engines\Jet" value="LockDelay"/>
<query_value key="HKEY_LOCAL_MACHINE\SOFTWARE\ODBC\Temporary &#x28;volatile&#x29; Jet DSN for process 0xe10 Thread 0xe14 DBC 0x848174 Jet\Engines\Jet" value="RecycleLVs"/>
<query_value key="HKEY_LOCAL_MACHINE\SOFTWARE\ODBC\Temporary &#x28;volatile&#x29; Jet DSN for process 0xe10 Thread 0xe14 DBC 0x848174 Jet\Engines\Jet" value="PagesLockedToTableLock"/>
<query_value key="HKEY_LOCAL_MACHINE\SOFTWARE\ODBC\Temporary &#x28;volatile&#x29; Jet DSN for process 0xe10 Thread 0xe14 DBC 0x848174 Jet\Engines\Jet" value="UserCommitSync"/>
<query_value key="HKEY_LOCAL_MACHINE\SOFTWARE\ODBC\Temporary &#x28;volatile&#x29; Jet DSN for process 0xe10 Thread 0xe14 DBC 0x848174 Jet\Engines\Jet" value="ImplicitCommitSync"/>
<open_key key="HKEY_CURRENT_USER\SOFTWARE\ODBC\ODBC.INI\\Engines\Jet"/>
<open_key key="HKEY_LOCAL_MACHINE\SOFTWARE\ODBC\ODBC.INI\\Engines\Jet"/>
<open_key key="HKEY_LOCAL_MACHINE\SOFTWARE\Microsoft\Jet\3.5\Engines\Jet"/>
<open_key key="HKEY_CURRENT_USER\SOFTWARE\ODBC\ODBC.INI\\Engines\Jet"/>
<open_key key="HKEY_LOCAL_MACHINE\SOFTWARE\ODBC\ODBC.INI\\Engines\Jet"/>
<open_key key="HKEY_LOCAL_MACHINE\SOFTWARE\Microsoft\Jet\3.5\Engines\Jet"/>
<open_key key="HKEY_CURRENT_USER\SOFTWARE\ODBC\ODBC.INI\\Engines\Jet"/>
<open_key key="HKEY_LOCAL_MACHINE\SOFTWARE\ODBC\ODBC.INI\\Engines\Jet"/>
<open_key key="HKEY_LOCAL_MACHINE\SOFTWARE\Microsoft\Jet\3.5\Engines\Jet"/>
<find_file filetype="file" srcfile="c:\datos.mde" srcfile_hash="hash_error" desiredaccess="FILE_ANY_ACCESS" flags="SECURITY_ANONYMOUS"/>
<open_file filetype="file" srcfile="c:\datos.mde" srcfile_hash="hash_error" creationdistribution="OPEN_EXISTING" desiredaccess="FILE_ANY_ACCESS" shareaccess="FILE_SHARE_READ FILE_SHARE_WRITE" flags="FILE_ATTRIBUTE_NORMAL SECURITY_ANONYMOUS"/>
<find_file filetype="file" srcfile="c:\datos.mde" srcfile_hash="hash_error" desiredaccess="FILE_ANY_ACCESS" flags="SECURITY_ANONYMOUS"/>
<open_file filetype="file" srcfile="c:\datos.mde" srcfile_hash="hash_error" creationdistribution="OPEN_EXISTING" desiredaccess="FILE_ANY_ACCESS" flags="FILE_ATTRIBUTE_NORMAL SECURITY_ANONYMOUS"/>
<delete_key key="HKEY_LOCAL_MACHINE\SOFTWARE\ODBC\Temporary &#x28;volatile&#x29; Jet DSN for process 0xe10 Thread 0xe14 DBC 0x848174 Jet\Engines\Jet"/>
<delete_key key="HKEY_LOCAL_MACHINE\SOFTWARE\ODBC\Temporary &#x28;volatile&#x29; Jet DSN for process 0xe10 Thread 0xe14 DBC 0x848174 Jet\Engines"/>
<delete_key key="HKEY_LOCAL_MACHINE\SOFTWARE\ODBC\Temporary &#x28;volatile&#x29; Jet DSN for process 0xe10 Thread 0xe14 DBC 0x848174 Jet"/>
<open_key key="HKEY_LOCAL_MACHINE\SOFTWARE\ODBC\Brazos volatile counter"/>
<query_value key="HKEY_LOCAL_MACHINE\SOFTWARE\ODBC\Brazos volatile counter" value="VolatileDsnCount"/>
<set_value key="HKEY_LOCAL_MACHINE\SOFTWARE\ODBC\Brazos volatile counter" value="VolatileDsnCount" data="[REG_DWORD, value: 00000000]"/>
<delete_key key="HKEY_LOCAL_MACHINE\SOFTWARE\ODBC\Brazos volatile counter"/>
<sleep milliseconds="10"/>
<open_key key="HKEY_CLASSES_ROOT\CLSID\&#x7B;C8B522CB-5CF3-11CE-ADE5-00AA0044773D&#x7D;\ExtendedErrors"/>
<enum_keys key="HKEY_LOCAL_MACHINE\SOFTWARE\Classes\CLSID\&#x7B;c8b522cb-5cf3-11ce-ade5-00aa0044773d&#x7D;\ExtendedErrors"/>
<com_create_instance inprocserver32="C:\Program Files\Common Files\System\Ole DB\msdasql.dll" progid="MSDASQLErrorLookup.1" clsid="&#x7B;C8B522CC-5CF3-11CE-ADE5-00AA0044773D&#x7D;" interfaceid="&#x7B;0C733A66-2A1C-11CE-ADE5-00AA0044773D&#x7D;"/>
<open_key key="HKEY_CLASSES_ROOT\CLSID\&#x7B;C8B522CB-5CF3-11CE-ADE5-00AA0044773D&#x7D;\ExtendedErrors"/>
<enum_keys key="HKEY_LOCAL_MACHINE\SOFTWARE\Classes\CLSID\&#x7B;c8b522cb-5cf3-11ce-ade5-00aa0044773d&#x7D;\ExtendedErrors"/>
<com_create_instance inprocserver32="C:\Program Files\Common Files\System\Ole DB\msdasql.dll" progid="MSDASQLErrorLookup.1" clsid="&#x7B;C8B522CC-5CF3-11CE-ADE5-00AA0044773D&#x7D;" interfaceid="&#x7B;0C733A66-2A1C-11CE-ADE5-00AA0044773D&#x7D;"/>
<enum_window/>
<create_window hwnd="&#x24;00050118" classname="&#x23;32770" windowname="ParcheFacturas" height="133" width="452" top="475" left="417" style="WS_BORDER WS_CAPTION WS_DLGFRAME WS_OVERLAPPED WS_POPUP WS_POPUPWINDOW WS_SYSMENU WS_TILED" exstyle="WS_EX_CONTROLPARENT WS_EX_DLGMODALFRAME WS_EX_LEFT WS_EX_LTRREADING WS_EX_RIGHTSCROLLBAR WS_EX_WINDOWEDGE"/>
<create_window hwnd="&#x24;00060126" classname="MSCTFIME UI" windowname="M" height="0" width="0" top="0" left="0" style="WS_DISABLED WS_OVERLAPPED WS_POPUP WS_TILED" exstyle="WS_EX_LEFT WS_EX_LTRREADING WS_EX_RIGHTSCROLLBAR"/>
<find_window classname="Shell_TrayWnd"/>
<enum_window/>
<create_window hwnd="&#x24;003F0112" classname="CicMarshalWndClass" windowname="CicMarshalWndEBO" height="0" width="0" top="0" left="0" style="WS_DISABLED WS_OVERLAPPED WS_POPUP WS_TILED" exstyle="WS_EX_LEFT WS_EX_LTRREADING WS_EX_RIGHTSCROLLBAR"/>
<open_key key="HKEY_CURRENT_USER\Keyboard Layout\Toggle"/>
<query_value key="HKEY_CURRENT_USER\Keyboard Layout\Toggle" value="Language Hotkey"/>
<query_value key="HKEY_CURRENT_USER\Keyboard Layout\Toggle" value="Layout Hotkey"/>
<open_key key="HKEY_CURRENT_USER\SOFTWARE\Microsoft\CTF\LangBarAddIn"/>
<open_key key="HKEY_LOCAL_MACHINE\SOFTWARE\Microsoft\CTF\LangBarAddIn"/>
<show_window hwnd="&#x24;00050118" snapshotfile="proc_1\hwnd_50118.jpg"/>
<enum_window/>
<show_window hwnd="&#x24;00050118" snapshotfile="proc_1\hwnd_50118.jpg"/>
<create_mutex name="MSCTF.Shared.MUTEX.IBH" owned="0"/>
<get_system_directory/>
<enum_window/>
<destroy_window hwnd="&#x24;00030150" classname="ThunderRT6FormDC" windowname="parche facturas"/>
<enum_window/>
<open_key key="HKEY_LOCAL_MACHINE\Software\Microsoft\Windows"/>
<open_key key="HKEY_LOCAL_MACHINE\SOFTWARE\Microsoft\Windows\HTML Help"/>
<read_value file="WINHELP.INI" file_hash="hash_error" section="FILES" value=".HLP"/>
<open_key key="HKEY_LOCAL_MACHINE\Software\Microsoft\Windows"/>
<open_key key="HKEY_LOCAL_MACHINE\SOFTWARE\Microsoft\Windows\Help"/>
<read_value file="WINHELP.INI" file_hash="hash_error" section="FILES" value=".HLP"/>
<get_file_attributes filetype="file" srcfile="C:\WINDOWS\system32\.HLP" srcfile_hash="hash_error" desiredaccess="FILE_ANY_ACCESS" flags="SECURITY_ANONYMOUS"/>
<get_windows_directory/>
<get_file_attributes filetype="file" srcfile="C:\WINDOWS\Help\.HLP" srcfile_hash="hash_error" desiredaccess="FILE_ANY_ACCESS" flags="SECURITY_ANONYMOUS"/>
<destroy_window hwnd="&#x24;00030148" classname="ThunderRT6Main" windowname="ParcheFacturas"/>
<enum_window/>
<destroy_window hwnd="&#x24;0003014E" classname="7&#x7E;"/>
<destroy_window hwnd="&#x24;0003014C" classname="VBMsoStdCompMgr"/>
<enum_window/>
<sleep milliseconds="0"/>
<enum_window/>
<destroy_window hwnd="&#x24;003F0112" classname="CicMarshalWndClass" windowname="CicMarshalWndEBO"/>
<enum_window/>
<destroy_window hwnd="&#x24;003F0112" classname="CicMarshalWndClass" windowname="CicMarshalWndEBO"/>
<enum_window/>
<destroy_window hwnd="&#x24;003F0112" classname="CicMarshalWndClass" windowname="CicMarshalWndEBO"/>
<enum_window/>
<destroy_window hwnd="&#x24;003F0112" classname="CicMarshalWndClass" windowname="CicMarshalWndEBO"/>
<enum_window/>
<destroy_window hwnd="&#x24;003F0112" classname="CicMarshalWndClass" windowname="CicMarshalWndEBO"/>
<enum_window/>
<destroy_window hwnd="&#x24;003F0112" classname="CicMarshalWndClass" windowname="CicMarshalWndEBO"/>
<enum_window/>
<destroy_window hwnd="&#x24;003F0112" classname="CicMarshalWndClass" windowname="CicMarshalWndEBO"/>
<enum_window/>
<destroy_window hwnd="&#x24;003F0112" classname="CicMarshalWndClass" windowname="CicMarshalWndEBO"/>
<enum_window/>
<destroy_window hwnd="&#x24;003F0112" classname="CicMarshalWndClass" windowname="CicMarshalWndEBO"/>
<enum_window/>
<destroy_window hwnd="&#x24;003F0112" classname="CicMarshalWndClass" windowname="CicMarshalWndEBO"/>
<enum_window/>
<destroy_window hwnd="&#x24;003F0112" classname="CicMarshalWndClass" windowname="CicMarshalWndEBO"/>
<enum_window/>
<destroy_window hwnd="&#x24;003F0112" classname="CicMarshalWndClass" windowname="CicMarshalWndEBO"/>
<enum_window/>
<destroy_window hwnd="&#x24;003F0112" classname="CicMarshalWndClass" windowname="CicMarshalWndEBO"/>
<enum_window/>
<destroy_window hwnd="&#x24;003F0112" classname="CicMarshalWndClass" windowname="CicMarshalWndEBO"/>
<enum_window/>
<destroy_window hwnd="&#x24;003F0112" classname="CicMarshalWndClass" windowname="CicMarshalWndEBO"/>
<enum_window/>
<destroy_window hwnd="&#x24;003F0112" classname="CicMarshalWndClass" windowname="CicMarshalWndEBO"/>
<enum_window/>
<destroy_window hwnd="&#x24;003F0112" classname="CicMarshalWndClass" windowname="CicMarshalWndEBO"/>
<enum_window/>
<destroy_window hwnd="&#x24;003F0112" classname="CicMarshalWndClass" windowname="CicMarshalWndEBO"/>
<enum_window/>
<destroy_window hwnd="&#x24;003F0112" classname="CicMarshalWndClass" windowname="CicMarshalWndEBO"/>
<enum_window/>
<destroy_window hwnd="&#x24;003F0112" classname="CicMarshalWndClass" windowname="CicMarshalWndEBO"/>
<enum_window/>
<destroy_window hwnd="&#x24;003F0112" classname="CicMarshalWndClass" windowname="CicMarshalWndEBO"/>
<enum_window/>
<destroy_window hwnd="&#x24;003F0112" classname="CicMarshalWndClass" windowname="CicMarshalWndEBO"/>
<enum_window/>
<destroy_window hwnd="&#x24;003F0112" classname="CicMarshalWndClass" windowname="CicMarshalWndEBO"/>
<enum_window/>
<destroy_window hwnd="&#x24;003F0112" classname="CicMarshalWndClass" windowname="CicMarshalWndEBO"/>
<enum_window/>
<destroy_window hwnd="&#x24;003F0112" classname="CicMarshalWndClass" windowname="CicMarshalWndEBO"/>
<enum_window/>
<destroy_window hwnd="&#x24;003F0112" classname="CicMarshalWndClass" windowname="CicMarshalWndEBO"/>
<enum_window/>
<destroy_window hwnd="&#x24;003F0112" classname="CicMarshalWndClass" windowname="CicMarshalWndEBO"/>
<enum_window/>
<destroy_window hwnd="&#x24;003F0112" classname="CicMarshalWndClass" windowname="CicMarshalWndEBO"/>
<enum_window/>
<destroy_window hwnd="&#x24;003F0112" classname="CicMarshalWndClass" windowname="CicMarshalWndEBO"/>
<enum_window/>
<destroy_window hwnd="&#x24;003F0112" classname="CicMarshalWndClass" windowname="CicMarshalWndEBO"/>
<enum_window/>
<destroy_window hwnd="&#x24;003F0112" classname="CicMarshalWndClass" windowname="CicMarshalWndEBO"/>
<enum_window/>
<destroy_window hwnd="&#x24;003F0112" classname="CicMarshalWndClass" windowname="CicMarshalWndEBO"/>
<enum_window/>
<destroy_window hwnd="&#x24;003F0112" classname="CicMarshalWndClass" windowname="CicMarshalWndEBO"/>
<enum_window/>
<destroy_window hwnd="&#x24;003F0112" classname="CicMarshalWndClass" windowname="CicMarshalWndEBO"/>
<enum_window/>
<destroy_window hwnd="&#x24;003F0112" classname="CicMarshalWndClass" windowname="CicMarshalWndEBO"/>
<enum_window/>
<destroy_window hwnd="&#x24;003F0112" classname="CicMarshalWndClass" windowname="CicMarshalWndEBO"/>
<enum_window/>
<destroy_window hwnd="&#x24;003F0112" classname="CicMarshalWndClass" windowname="CicMarshalWndEBO"/>
<enum_window/>
<destroy_window hwnd="&#x24;003F0112" classname="CicMarshalWndClass" windowname="CicMarshalWndEBO"/>
<enum_window/>
<destroy_window hwnd="&#x24;003F0112" classname="CicMarshalWndClass" windowname="CicMarshalWndEBO"/>
<enum_window/>
<destroy_window hwnd="&#x24;003F0112" classname="CicMarshalWndClass" windowname="CicMarshalWndEBO"/>
<kill_process targetpid="3600" apifunction="NtTerminateProcess"/>
<enum_window/>
</all_section>
</thread>
<thread tid="3640">
<all_section>
<sleep milliseconds="60000"/>
</all_section>
</thread>
<thread tid="3644">
<all_section>
<load_dll filename="C:\WINDOWS\system32\comsvcs.dll" successful="1" address="&#x24;76090000" end_address="&#x24;761CC000" size="1294336" filename_hash="12ea33f6b5a759b955031e78d407ab936bb975ed"/>
</all_section>
</thread>
<thread tid="3688">
<all_section>
<get_username tokenhandle="0"/>
</all_section>
</thread>
<thread tid="3696">
<all_section>
<get_system_directory/>
<load_dll filename="C:\WINDOWS\system32\MSCTF.dll" successful="1" address="&#x24;746A0000" end_address="&#x24;746EC000" size="311296" filename_hash="3c5a241879c49efae60e7d20c81195c0008fc317"/>
</all_section>
</thread>
</process>
<process index="2" pid="984" filename="C:\WINDOWS\system32\svchost.exe" filename_hash="49083ae3725a0488e0a8fbbe1335c745f70c4667" filesize="14336" md5="4fbc75b74479c7a6f829e0ca19df3366" sha1="97c7c354c12b89c797740b35ed81879be58f3deb" username="SYSTEM" parentindex="0" starttime="00:01.391" terminationtime="00:08.797" startreason="DCOMService" terminationreason="Timeout" executionstatus="OK">
<thread tid="3624">
<all_section>
<load_image filename="C:\WINDOWS\system32\svchost.exe" successful="1" address="&#x24;1000000" end_address="&#x24;1006000" size="24576" filename_hash="49083ae3725a0488e0a8fbbe1335c745f70c4667"/>
<load_dll filename="C:\WINDOWS\system32\ntdll.dll" successful="1" address="&#x24;7C910000" end_address="&#x24;7C9C9000" size="757760" filename_hash="e753d19a2e3b98b2b3b8f02f276092096d10f22d"/>
<load_dll filename="C:\WINDOWS\system32\kernel32.dll" successful="1" address="&#x24;7C800000" end_address="&#x24;7C908000" size="1081344" filename_hash="c88d57cc99f75cd928b47b6e444231f26670138f"/>
<load_dll filename="C:\WINDOWS\system32\ADVAPI32.dll" successful="1" address="&#x24;77DA0000" end_address="&#x24;77E4A000" size="696320" filename_hash="ea2e9bac1789b53d7efcd675a63f4a2b44898439"/>
<load_dll filename="C:\WINDOWS\system32\RPCRT4.dll" successful="1" address="&#x24;77E50000" end_address="&#x24;77EE2000" size="598016" filename_hash="f3bb6474ec18ee9cccc02ef44510a78b42058a41"/>
<load_dll filename="C:\WINDOWS\system32\Secur32.dll" successful="1" address="&#x24;77FC0000" end_address="&#x24;77FD1000" size="69632" filename_hash="31166d1e35a911a082149f5efac2dac228109615"/>
<load_dll filename="C:\WINDOWS\system32\ShimEng.dll" successful="1" address="&#x24;5CF00000" end_address="&#x24;5CF26000" size="155648" filename_hash="2ab219118ae324684eb7aaaf72eb4d9360ade81f"/>
<load_dll filename="C:\WINDOWS\AppPatch\AcGenral.DLL" successful="1" address="&#x24;6FD90000" end_address="&#x24;6FF5A000" size="1875968" filename_hash="d28c378f459fafa7367649554b729a80b3924aad"/>
<load_dll filename="C:\WINDOWS\system32\USER32.dll" successful="1" address="&#x24;7E360000" end_address="&#x24;7E3F1000" size="593920" filename_hash="08fe9ff1fe9b8fd237adedb10d65fb0447b91fe5"/>
<load_dll filename="C:\WINDOWS\system32\GDI32.dll" successful="1" address="&#x24;77EF0000" end_address="&#x24;77F39000" size="299008" filename_hash="0f37018f672c7635691f7317ade3c5a63904ec96"/>
<load_dll filename="C:\WINDOWS\system32\WINMM.dll" successful="1" address="&#x24;76AF0000" end_address="&#x24;76B1E000" size="188416" filename_hash="51f42782acdc790e4cabf402d71ef0fe24f9ad1b"/>
<load_dll filename="C:\WINDOWS\system32\ole32.dll" successful="1" address="&#x24;774B0000" end_address="&#x24;775ED000" size="1298432" filename_hash="c7753525d5276ab92a01a8a3c39cfb5269da7f98"/>
<load_dll filename="C:\WINDOWS\system32\msvcrt.dll" successful="1" address="&#x24;77BE0000" end_address="&#x24;77C38000" size="360448" filename_hash="70d5f97088cc9348bb9d10098af0738a696b96de"/>
<load_dll filename="C:\WINDOWS\system32\OLEAUT32.dll" successful="1" address="&#x24;770F0000" end_address="&#x24;7717B000" size="569344" filename_hash="3168a173d177f470928b468db777640861dcb32e"/>
<load_dll filename="C:\WINDOWS\system32\MSACM32.dll" successful="1" address="&#x24;77BB0000" end_address="&#x24;77BC5000" size="86016" filename_hash="9be8c8a0ce2316feff5783efbe259bb1f6334a63"/>
<load_dll filename="C:\WINDOWS\system32\VERSION.dll" successful="1" address="&#x24;77BD0000" end_address="&#x24;77BD8000" size="32768" filename_hash="adf263b658136ccb3cde72d0e6dd634c5a5e5143"/>
<load_dll filename="C:\WINDOWS\system32\SHELL32.dll" successful="1" address="&#x24;7E670000" end_address="&#x24;7EE91000" size="8523776" filename_hash="bbe9d57955e5d348e664b72faf331a7b9d722d0c"/>
<load_dll filename="C:\WINDOWS\system32\SHLWAPI.dll" successful="1" address="&#x24;77F40000" end_address="&#x24;77FB6000" size="483328" filename_hash="a9245beec2e139b31cd3b65e0f0e4804c030e639"/>
<load_dll filename="C:\WINDOWS\system32\USERENV.dll" successful="1" address="&#x24;76620000" end_address="&#x24;766D6000" size="745472" filename_hash="c7264e1fe77ea0e6d615077dd7cc6cc06aaa02cd"/>
<load_dll filename="C:\WINDOWS\system32\UxTheme.dll" successful="1" address="&#x24;5B0F0000" end_address="&#x24;5B128000" size="229376" filename_hash="16c4d24a172bfbc67f488d6b4086b9e10f8eaf4b"/>
<load_dll filename="C:\WINDOWS\system32\IMM32.DLL" successful="1" address="&#x24;76330000" end_address="&#x24;7634D000" size="118784" filename_hash="f9be7678080084bc3cb48d0cb64bba9ba98800f1"/>
<load_dll filename="C:\WINDOWS\WinSxS\x86_Microsoft.Windows.Common-Controls_6595b64144ccf1df_6.0.2600.5512_x-ww_35d4ce83\" successful="1" address="&#x24;773A0000" end_address="&#x24;774A3000" size="1060864" filename_hash="hash_error"/>
<load_dll filename="C:\WINDOWS\system32\comctl32.dll" successful="1" address="&#x24;5D450000" end_address="&#x24;5D4EA000" size="630784" filename_hash="ba126572bcb4ac594a3c37e2ac86db40b173878d"/>
<load_dll filename="C:\WINDOWS\system32\NTMARTA.DLL" successful="1" address="&#x24;77660000" end_address="&#x24;77681000" size="135168" filename_hash="7e2ea4d88645138e5edb646157fd702c347bb53a"/>
<load_dll filename="C:\WINDOWS\system32\SAMLIB.dll" successful="1" address="&#x24;71B70000" end_address="&#x24;71B83000" size="77824" filename_hash="a1d75237cedc30a45117ba1c2040ddfd9f7bb667"/>
<load_dll filename="C:\WINDOWS\system32\WLDAP32.dll" successful="1" address="&#x24;76F20000" end_address="&#x24;76F4D000" size="184320" filename_hash="03269df70bc4ff939f87ef528f8a5fcf2a708624"/>
<load_dll filename="c:\windows\system32\rpcss.dll" successful="1" address="&#x24;76A30000" end_address="&#x24;76A94000" size="409600" filename_hash="7391155a9976797c2072e013fa3c38197b268de7"/>
<load_dll filename="c:\windows\system32\WS2_32.dll" successful="1" address="&#x24;71A10000" end_address="&#x24;71A27000" size="94208" filename_hash="7cf3366c68e402eb3678046fe97651a586044560"/>
<load_dll filename="c:\windows\system32\WS2HELP.dll" successful="1" address="&#x24;71A00000" end_address="&#x24;71A08000" size="32768" filename_hash="317cc14a94fcf3d10749efbcab330b97f516fffb"/>
<load_dll filename="C:\WINDOWS\system32\xpsp2res.dll" successful="1" address="&#x24;630000" end_address="&#x24;909000" size="2985984" filename_hash="55401355585fac03b5d6991af85abf8db8fc9042"/>
<load_dll filename="C:\WINDOWS\system32\CLBCATQ.DLL" successful="1" address="&#x24;76F90000" end_address="&#x24;7700F000" size="520192" filename_hash="bd0f1633a7d858f27d3fa2bad744b766a1533490"/>
<load_dll filename="C:\WINDOWS\system32\COMRes.dll" successful="1" address="&#x24;77010000" end_address="&#x24;770E3000" size="864256" filename_hash="eda8c030913d048cda82aeb6066be39e005ce0f1"/>
<load_dll filename="c:\windows\system32\termsrv.dll" successful="1" address="&#x24;761D0000" end_address="&#x24;76224000" size="344064" filename_hash="86773aed393573d4bd59481185910bbaaf85790f"/>
<load_dll filename="c:\windows\system32\ICAAPI.dll" successful="1" address="&#x24;74EF0000" end_address="&#x24;74EF6000" size="24576" filename_hash="166e7e5c0064c63fb4516303b879d1c83b69cf2a"/>
<load_dll filename="c:\windows\system32\SETUPAPI.dll" successful="1" address="&#x24;778F0000" end_address="&#x24;779E4000" size="999424" filename_hash="8109df4e050264532bb5757e9da4ae12e29b800f"/>
<load_dll filename="C:\WINDOWS\system32\WINTRUST.dll" successful="1" address="&#x24;76BF0000" end_address="&#x24;76C1E000" size="188416" filename_hash="7bda19c92848a811077f780f569c0593d14b2a92"/>
<load_dll filename="C:\WINDOWS\system32\CRYPT32.dll" successful="1" address="&#x24;77A50000" end_address="&#x24;77AE6000" size="614400" filename_hash="3127dbe44b75c673c24f9ad63675ff91cd9c6321"/>
<load_dll filename="C:\WINDOWS\system32\MSASN1.dll" successful="1" address="&#x24;77AF0000" end_address="&#x24;77B02000" size="73728" filename_hash="e3b7e1519f060e76b7e5579c1974e6260bcdb324"/>
<load_dll filename="C:\WINDOWS\system32\IMAGEHLP.dll" successful="1" address="&#x24;76C50000" end_address="&#x24;76C78000" size="163840" filename_hash="2eaa144578f2beb69da027ca0e15445c98a95607"/>
<load_dll filename="c:\windows\system32\AUTHZ.dll" successful="1" address="&#x24;77690000" end_address="&#x24;776A2000" size="73728" filename_hash="36977fd1a696a3c3b974d2147d23425f7b0e6bec"/>
<load_dll filename="c:\windows\system32\mstlsapi.dll" successful="1" address="&#x24;75090000" end_address="&#x24;750AF000" size="126976" filename_hash="a88f24cb797bb85aba9ea841103faae3677188a7"/>
<load_dll filename="c:\windows\system32\ACTIVEDS.dll" successful="1" address="&#x24;77C90000" end_address="&#x24;77CC2000" size="204800" filename_hash="71dde7dea4019ab631fe85a31149a494363b7bdc"/>
<load_dll filename="c:\windows\system32\adsldpc.dll" successful="1" address="&#x24;76DD0000" end_address="&#x24;76DF5000" size="151552" filename_hash="1e272578a29b1c2ed7a013266ca50343a560fa2d"/>
<load_dll filename="C:\WINDOWS\system32\NETAPI32.dll" successful="1" address="&#x24;597D0000" end_address="&#x24;59825000" size="348160" filename_hash="5e935f90226ff224936edf449f925b647b535917"/>
<load_dll filename="c:\windows\system32\ATL.DLL" successful="1" address="&#x24;76AD0000" end_address="&#x24;76AE1000" size="69632" filename_hash="59cb82f432d529da3e81b030b2365c22a95fd35a"/>
<load_dll filename="C:\WINDOWS\system32\REGAPI.dll" successful="1" address="&#x24;76B70000" end_address="&#x24;76B7F000" size="61440" filename_hash="0b43cc40011a36366d3490973e82bcd162bb93da"/>
<load_dll filename="C:\WINDOWS\system32\rsaenh.dll" successful="1" address="&#x24;68000000" end_address="&#x24;68036000" size="221184" filename_hash="8e8dd9db03ed502d915dee9e4f9fd3f10593e27c"/>
<load_dll filename="C:\WINDOWS\system32\Apphelp.dll" successful="1" address="&#x24;77B10000" end_address="&#x24;77B32000" size="139264" filename_hash="016ea16586e3c27f4bd43341ba906187a416afe0"/>
<load_dll filename="C:\WINDOWS\system32\pstorec.dll" successful="1" address="&#x24;5E490000" end_address="&#x24;5E49D000" size="53248" filename_hash="8ae378a352c4a13516bf1fe5a8615d8893d2ff2d"/>
</all_section>
</thread>
</process>
</processes>
