<?xml version="1.0"?>
<processes>
<process index="1" pid="2476" filename="c:\bce18b2353a81c6c021df25eed5b46d0.EX" filename_hash="hash_error" filesize="259072" md5="bce18b2353a81c6c021df25eed5b46d0" sha1="18396a7997e1433cb7ea5d8a4888ea864153fdba" username="Administrator" parentindex="0" starttime="00:01.984" terminationtime="02:01.062" startreason="AnalysisTarget" terminationreason="Timeout" executionstatus="OK" applicationtype="Win32Application">
<thread tid="2484">
<all_section>
<load_image filename="c:\bce18b2353a81c6c021df25eed5b46d0.EX" successful="1" address="&#x24;1000000" end_address="&#x24;1043000" size="274432" filename_hash="hash_error"/>
<load_dll filename="C:\WINDOWS\system32\ntdll.dll" successful="1" address="&#x24;7C910000" end_address="&#x24;7C9C9000" size="757760" filename_hash="e753d19a2e3b98b2b3b8f02f276092096d10f22d"/>
<load_dll filename="C:\WINDOWS\system32\kernel32.dll" successful="1" address="&#x24;7C800000" end_address="&#x24;7C908000" size="1081344" filename_hash="c88d57cc99f75cd928b47b6e444231f26670138f"/>
<load_dll filename="C:\WINDOWS\system32\ADVAPI32.dll" successful="1" address="&#x24;77DA0000" end_address="&#x24;77E4A000" size="696320" filename_hash="ea2e9bac1789b53d7efcd675a63f4a2b44898439"/>
<load_dll filename="C:\WINDOWS\system32\RPCRT4.dll" successful="1" address="&#x24;77E50000" end_address="&#x24;77EE2000" size="598016" filename_hash="f3bb6474ec18ee9cccc02ef44510a78b42058a41"/>
<load_dll filename="C:\WINDOWS\system32\Secur32.dll" successful="1" address="&#x24;77FC0000" end_address="&#x24;77FD1000" size="69632" filename_hash="31166d1e35a911a082149f5efac2dac228109615"/>
<load_dll filename="C:\WINDOWS\system32\USER32.dll" successful="1" address="&#x24;7E360000" end_address="&#x24;7E3F1000" size="593920" filename_hash="08fe9ff1fe9b8fd237adedb10d65fb0447b91fe5"/>
<load_dll filename="C:\WINDOWS\system32\GDI32.dll" successful="1" address="&#x24;77EF0000" end_address="&#x24;77F39000" size="299008" filename_hash="0f37018f672c7635691f7317ade3c5a63904ec96"/>
<load_dll filename="C:\WINDOWS\system32\msvcrt.dll" successful="1" address="&#x24;77BE0000" end_address="&#x24;77C38000" size="360448" filename_hash="70d5f97088cc9348bb9d10098af0738a696b96de"/>
<load_dll filename="C:\WINDOWS\system32\MPR.dll" successful="1" address="&#x24;71A80000" end_address="&#x24;71A92000" size="73728" filename_hash="0affd0a48f5f137169158083c61cf46454689055"/>
<load_dll filename="C:\WINDOWS\system32\ole32.dll" successful="1" address="&#x24;774B0000" end_address="&#x24;775ED000" size="1298432" filename_hash="c7753525d5276ab92a01a8a3c39cfb5269da7f98"/>
<load_dll filename="C:\WINDOWS\system32\OLEAUT32.dll" successful="1" address="&#x24;770F0000" end_address="&#x24;7717B000" size="569344" filename_hash="3168a173d177f470928b468db777640861dcb32e"/>
<load_dll filename="C:\WINDOWS\system32\SHELL32.dll" successful="1" address="&#x24;7E670000" end_address="&#x24;7EE91000" size="8523776" filename_hash="bbe9d57955e5d348e664b72faf331a7b9d722d0c"/>
<load_dll filename="C:\WINDOWS\system32\SHLWAPI.dll" successful="1" address="&#x24;77F40000" end_address="&#x24;77FB6000" size="483328" filename_hash="a9245beec2e139b31cd3b65e0f0e4804c030e639"/>
<load_dll filename="C:\WINDOWS\system32\IMM32.DLL" successful="1" address="&#x24;76330000" end_address="&#x24;7634D000" size="118784" filename_hash="f9be7678080084bc3cb48d0cb64bba9ba98800f1"/>
<load_dll filename="C:\WINDOWS\WinSxS\x86_Microsoft.Windows.Common-Controls_6595b64144ccf1df_6.0.2600.5512_x-ww_35d4ce83\" successful="1" address="&#x24;773A0000" end_address="&#x24;774A3000" size="1060864" filename_hash="hash_error"/>
<load_dll filename="C:\WINDOWS\system32\comctl32.dll" successful="1" address="&#x24;5D450000" end_address="&#x24;5D4EA000" size="630784" filename_hash="ba126572bcb4ac594a3c37e2ac86db40b173878d"/>
<load_dll filename="C:\WINDOWS\system32\pstorec.dll" successful="1" address="&#x24;5E490000" end_address="&#x24;5E49D000" size="53248" filename_hash="8ae378a352c4a13516bf1fe5a8615d8893d2ff2d"/>
<load_dll filename="C:\WINDOWS\system32\ATL.DLL" successful="1" address="&#x24;76AD0000" end_address="&#x24;76AE1000" size="69632" filename_hash="59cb82f432d529da3e81b030b2365c22a95fd35a"/>
<load_dll filename="C:\WINDOWS\system32\kernel32.dll" successful="1" address="&#x24;7C800000" end_address="&#x24;7C908000" size="1081344" filename_hash="c88d57cc99f75cd928b47b6e444231f26670138f"/>
<get_system_directory/>
<get_file_attributes filetype="file" srcfile="C:\WINDOWS\Registration" srcfile_hash="hash_error" desiredaccess="FILE_ANY_ACCESS" flags="SECURITY_ANONYMOUS"/>
<open_file filetype="file" srcfile="C:\WINDOWS\Registration\R000000000007.clb" srcfile_hash="99fde804817f1de99c87653fda604fc37510f3da" creationdistribution="OPEN_EXISTING" desiredaccess="FILE_ANY_ACCESS" shareaccess="FILE_SHARE_READ" flags="SECURITY_ANONYMOUS"/>
<open_file filetype="namedpipe" srcfile="\\.\PIPE\lsarpc" creationdistribution="OPEN_EXISTING" desiredaccess="FILE_ANY_ACCESS" shareaccess="FILE_SHARE_READ FILE_SHARE_WRITE" flags="SECURITY_ANONYMOUS"/>
<get_computer_name/>
<create_thread targetpid="2476" threadid="2544" address="&#x24;77E56C7D" parameteraddress="&#x24;0009F0D0"/>
<load_dll filename="C:\WINDOWS\system32\ole32.dll" successful="1" address="&#x24;774B0000" end_address="&#x24;775ED000" size="1298432" filename_hash="c7753525d5276ab92a01a8a3c39cfb5269da7f98"/>
<create_thread targetpid="2476" threadid="2548" address="&#x24;774CE43B" parameteraddress="&#x24;000A9AB0"/>
</all_section>
</thread>
<thread tid="2548">
<all_section>
<sleep milliseconds="60000"/>
</all_section>
</thread>
</process>
</processes>
